73767316229538
384565921873493
1032355345609932
275784345697747
1063032112342359
365020030110860
810153520729038
1056449918715791
92035338233540
740880256778583
827569111465274
699783737010784
243146070964667
781472884075550
1010097865762888
1061084032416435
2192483810318
341397556288182
767014964222917
379612048052868
781093319429665
215294082578964
830517320498242
395303617926314
903195087544130
781394392212104
604052082027755
432129196411332
321533762800665
426702929440505
893676455054584
446282333530774
758467172471139
751070704603024
535621249293083
34049706650828
1094518052352215
76532586840009
29115660832422
215634809797247
705267683719334
918593930287440
195042248241940
624440769331554
21972072601192
56417508222492
503326039664560
381476447906349
827882899918276
854772415777211
895744056945333
207967998068275
223237973659914
858181218663369
254794460520786
542246092087276
722400282973328
541383948257425
160475818178637
850631421656579
312211170800603
244147133437688
238483329609914
639271487342683
276518041113914
1045174748109129
15432122772662
684074755442281
745961317575220
876802659014640
429729738604077
983291267786568
516615044405159
633967233681795
748336794280848
948569151889909
158993035718849
659757970156130
79122049608624
253573743962480
739843776541292
750009258757492
992868084462786
684321453801004
994328729819202
1117350077837181
1060599379170334
136139758320864
1116301129695235
1026238678906592
271233200466931
325917210861778
392780273144122
845169293229692
130233690436372
545525462695480
703223309045014
897543051008129
296148968056913
86268813914633
529181527627815
225725887318763
901153294360284
731889541820750
414000929788048
149001049657972
661017946159282
516916323098107
662876748770029
177419778986768
166639669414458
271643972884555
274873440706469
118021257899739
915760026947985
55292087918539
1039038765969199
18350515918298
510493154210601
129190981634008
48433287083031
677822261218597
617628813219612
302538145145222
38204109680111
905893239427638
132535205807785
784185290917512
832526991035004
273538987043531
941637980765281
517040811906470
135121551024406
191771917815669
31908928990160
854834929473756
1023772521007375
413310337756015
640202671583912
699225453244179
918309768351124
846092189576983
435641406042604
264448345607118
379649673196278
236770617757808
1027129665652074
765329339273683
644090091081418
552308253809739
919036999042293
866198354162705
37278164481180
247803376021705
201482885752776
1013661923376238
55194549589943
321960058310884
41980596474335
570014373592325
583286749930372
836562826906253
299300279641991
612232355753249
735406860321318
425906162394022
718348103513476
811479696479753
185112582028273
671748692469140
987247601524434
786475398169438
1047355774222272
1105185104296523
872371970549047
392184992436691
916366025340338
25885066330546
723881038339168
754758372597011
144208345271279
1115541770376162
699686123169350
242047032222550
154306970253237
929848948760600
147154929751082
116817559811823
191312810801872
173310567434993
529266096227997
853630980688779
98646981406026
875568473069355
262206047071957
1011333228076427
1053826608581339
442899282996401
674427832361828
781187657110761
663234565356465
696426998659112
740039497251162
1071060470701541
125703773134091
988561340923243
234342496957720
393498357421781
1087717029155776
921026926398630
469289595925074
91071652017955
753388134569810
533689865536482
471623359975551
533658153639799
548932812850267
282871495900753
1093508255496404
563772112093182
94140064739419
138860059937206
726098383267059
962608244150253
1030197705197801
936817923457519
531756986173792
983416882308128
1120377710366942
23956895873206
539965995513188
1107373240181899
1035368350630452
672300471136812
429031487571480
566926279257109
874136177511049
729237981744730
529910901185490
753172274640637
729780948647878
1091542055239146
291324774629349
97227127770912
127590939288036
330685230242199
485491024444724
189857248277741
266086652777601
100852850225098
746043070931177
149926791311830
812732472367763
927711897153556
530696409861892
52717437854577
724012808768897
645666304136040
840329740625236
1097509916476350
764188623582341
324372617120668
816625455626312
1090562098093886
373809655735333
540098704655496
64482298762784
787666386617574
836448667550939
495473153921263
906857764676401
762394773315816
211107377306833
321255195870037
1052536837355485
395452313778592
328660787940562
110568748648332
1024692667077291
291936920259327
330619949282622
915333701335648
868316527329901
449033343095796
981970161891712
1124608894571907
434959038660980
423374755880578
256239891680971
363625376503806
702203900708009
1002920978680843
485773929311388
331077993140822
271239858535043
305272480955474
264092499802629
117208701235995
338296334189107
232744804156357
429721907779554
453334308100524
766917111246897
683948076543412
480962107848242
713544823626741
1110677269763909
882336954565708
1039292368435568
110304987091133
621490564995080
215808743763752
181644687567294
655133729107405
706181820780113
546410571766439
774587972886051
980214081040469
1008444110952443
408482379687987
995267613435708
885475558711905
155161702712356
1103479880259319
169966798948531
950908844666650
272740503504796
866397495187233
1007807769272589
336260477223156
425606059847308
646543762864155
308651797049715
1058411739073623
486727347920828
170862402957712
373869016147538
545429996538000
1000068495399734
507954003704365
401214800761036
690330641572142
1118510375650651
1058764542502603
167145559370555
274628873319143
546142904925234
572239032609955
1118066337835369
774659080363007
326999993999261
869884904384313
863149786082099
1125434996060796
355195020264038
1070348016097494
823263723138072
765884659543928
628470853294636
360231256602428
984742430290673
568984999001489
944170298834012
1084287306340226
790438352030353
931865441383965
394818703463697
139553383446286
944118492247741
69701651700114
997656757059070
939109399177096
1039395861123699
556048389635437
578639313739423
628145776339763
410002202903444
4161791114826
141764025406508
804614792283243
664509628866475
931447807522047
346352921651014
618275208980479
525454140673287
430573455332376
987848799782944
215354899382736
68129143889055
1093992491514246
535625127965822
1120228034196435
120594356325266
523192459913947
1014840848043270
538506902409404
647017631378118
937743566093898
224041534196359
1089203542949793
962725204855277
433627884791079
704406211709093
870603360364650
927609258934864
368372957144717
897566385374308
408332281631037
498323587451343
993304450289228
277453912642191
1113758730170792
721880205332907
1104096630234732
649532827862933
502023294023085
70728712606987
847266085427759
565262010313660
1041331180824773
1012002075906659
154383898454279
497033531171513
1033318342123729
653654050328210
785562530013749
531944011962753
722605841571046
90835570024215
271642612844576
201420367812198
175490105031927
1055200072699958
240391574183087
441118685951533
820888648324732
339706664448304
1084529526120527
351302004599896
789718456578582
1094018068221321
250772748620319
958852793084360
67595299534952
1114668935895113
862906375252033
436333801913664
481572949108808
891630592573097
7939245309398
729014206252415
197753133723512
254049681139871
654832899530858
876534228686556
363253099248646
876175231760782
1083321702984882
823164093901985
796133253762160
169850683740962
39961123318163
449919732235708
373942929116605
1114038339678566
217815267852179
907083772010733
884936851671320
455061841154939
346553848855619
141356342870950
147995475958997
1043129169948837
83046436249395
590394665341017
628061533341156
855986071936919
176389930475357
54355849510616
876654979360372
793761607590885
475928177983642
854124586594764
484675754248968
412200050156154
824096987331200
748042549186600
766116212366190
29205566567514
755216550097735
1028426106756401
985925801382654
1010598336032364
7997990619155
178615317571957
434488932617772
666731863829972
448569050211681
1055477175322354
527304887378174
815075361506959
863329528042187
519997237291560
922927496404561
930186111666898
678474568091331
341705488792022
577675705232762
1048740260654559
977450896984451
1066303925434801
177472113665551
177303437169949
597950306747905
685534102349620
690550353868278
697498759513439
16383387630575
421791265920733
904107863996749
1103063817984814
325247390321478
772134369461813
63123438352751
160236139522997
1061759930437926
442683135688993
758142037155342
241569101471778
1032144688779195
168359372159945
794253017890959
240724359034835
1089789267474150
30332469755382
726770653239904
436686524574666
192859675962427
488975363984306
532822424718145
748013259760794
1015194159380763
420995256534809
875373398376956
321921058592891
1072694735026585
819235822510326
1080735656539300
728704893892847
62333092484475
753967275052601
469363261622134
89200886600005
440347645027159
689796010604835
67029082789787
1107349607418223
374815590008899
97580150175610
964522146737510
189646188499698
583629354799869
87177378730309
467576718829057
545103012694531
451692651828440
896069343512523
586902518092231
408850025188416
88494169385072
112989626742412
759950410190522
926359377055096
421262496980600
763281722353205
113132672813644
520986053406745
487681316692944
537168456213842
706887158444936
656561810765129
956008599982340
572092063219387
688340235901751
216566991615707
987503303825524
981549088711602
267759751086533
880552497183605
562254766169999
214851166986012
246883708323111
717804716330824
1023112880241303
996400038041932
175727788311619
531902708787043
251633569946086
394095840527293
954968465526093
245297098677413
407448471673339
838652287729941
144240960331910
430383100209080
968239996094017
391700567029518
827456921147417
299283515426898
799336303346542
209154102395272
213335365458378
1073049403374290
837274457828458
371565143738998
357547851710785
506727251625820
1086969297047640
737815224230610
1064162034271596
50282086951103
643425517705924
510075299727498
1073769317872219
890742043401299
702194120775225
960529162579604
72668727409259
731204274189200
419660731521742
579773497156461
872894316353036
82748131104813
497165917809950
1043109290301635
233339802531087
679970520290476
1015190300638864
718017629173640
979037435250366
490767880145442
935110849019037
1081978425268945
695400426958013
910339855603716
57018744553270
816919200612327
1029247381321372
780075894179128
1098448659927626
198744228359218
380621682312385
751414538177830
1091527046241635
400304227415476
1054164297120141
648758435945912
256753878252783
354889046823338
656096465413720
824425283254852
960078210396989
158032031952746
1029651814759380
78975179262528
976103845291539
638685325068592
1012212833878668
86639306613692
1024434750852563
127408329925697
189295594903892
1005981579483099
648327220550134
84706124497102
302318825793282
753428455989709
622686146447806
398098969875540
45408119062848
128787667998516
933548525102408
376919886939238
501221429521770
980217180624579
477683985840088
717191639743461
862978238387455
458242741816695
669166345585783
122523616373839
701562192675111
934841110953328
64451134447496
958566166135128
69672927162959
75233035517721
20177133892704
882027353110885
749387226457425
329705513813795
396640350004602
984654472679472
33625869699290
1022840363031099
190856832406589
147071563332480
337008730520776
621503469727596
925844090732650
195405352460656
555139304534094
610619003531002
959608732658407
1057549814845092
747275957058854
122140955131725
379966986217495
209774163242890
651214166520018
1066184873017421
119123820260207
670024165335091
510692649590039
192862941702240
817042813172135
494110861215932
549553279440176
571641584594410
789523902189684
1082178346963966
851719583944629
627897481241985
453698744305568
827460846716559
935267220394887
465987569719611
394715220659932
285821543728399
33841381916219
1013358620865699
480333814542474
971241973754076
675329390821846
373256654918695
492355032380720
258519921377957
730017491714897
195355985686414
126061008187092
267797046458313
1104289690932620
971661483178525
396664263450447
134677223761607
228650650432305
681499022803485
991893884209799
444134956013594
1073286473976503
16729670878865
1051587247197199
587078757877480
230919619490724
570118297000969
1142450505554
1082040813955683
366271146021088
540118881215442
893021865889342
448698897358182
771754052592151
435774884332137
503439836145976
1116640130549052
681659706725040
547294496955653
89433332767540
430710014823408
940955212622346
190376814464558
965633607193387
998432858360731
241207793981509
26920122292025
529226659781261
200467782920405
165735820029960
534105055821377
134024827265227
88647366811743
1085208612349155
1016258086524402
965598732024252
541290809269754
188674747141275
170310544088459
818124570327079
917379357505973
244459226438960
488612340664068
5268838270197
507848149869251
251587279246316
94968056151311
890909020171815
176268162210269
128047497417612
394861037310060
366195351463286
1093649712370398
687332236173257
979942808954849
74191939805185
406853222285264
492405858441797
679327000944876
974641337895030
768432223480499
19000408960682
927213453771713
663889508454870
984618062984845
716830489000444
1066194814817748
986252080543900
648483230978242
51486332379106
629542536597147
468863417827226
1007562683283869
878254585350819
766592135356613
645294074371778
703484861163770
738854183846139
131737572877420
987442344276818
249241334231425
428253617118575
277122586877727
457449127472001
87584368222926
719183875044196
428251745217388
186140233262583
148653454433106
287933247150518
734205151189111
887993061866198
433801211652400
294682615908848
529875677842023
572469787746369
257610962615969
977573338754893
240794147469360
141675966149417
1075032992127494
878718668591439
907749978624629
523787655725982
1074070267562285
1083316810509896
122306247655794
548412877420970
323342609204617
1021262187818728
253084963517619
1117766122974235
1077141280082128
720063947733365
206269990895056
1001602539599454
401844917169710
769704680330615
838138632151272
268435703705050
679890525401993
988807387166029
655710608648487
797152315192289
1011865920827018
316597958823802
898609707695795
872225525399514
128035970717049
1102167357347214
961579738557309
1106461091312634
566034570815045
1001145888804986
345651510042134
829999304739887
315459136946781
26085787992234
118629432974373
91828200883782
104883411482693
739344598964262
577971493254943
916257944375209
240074104614881
614708696264567
439122656519715
524173201691537
930101764913085
463956531092016
31459334801383
657007026310094
777736774058089
895429345518021
375009501246800
512270903678204
221088959090363
639672114856531
891642187937830
32136990542738
111551760170094
1060321946584880
967713901699654
425212481844804
897287496434464
562190504766835
603812363449505
771504598944369
227528415636597
416266788307616
1101319592050047
508837963978995
408078703932191
489592969552661
583346408185908
849384287079708
546624345664381
349432297678529
949977646954111
726908737841141
88148903953761
502493946489866
74248446792853
664405763627910
816855903805745
823584593787523
773251171023501
1042267045910627
268274300789027
875874459838615
1087468956418340
759129964604819
1087882914502970
97507320308181
217513428893231
415922145394260
1083942868328340
803151307076260
463289473058253
643878508857360
635623493628640
1061216512065750
252547438115936
1015417705895122
515813641371874
293985747344717
132733001093493
770533653576391
430219780185752
515684047338732
214478933016295
1107314225055869
162338029139634
994617199728345
432681014156260
140433734498709
360669041181810
709718253768965
838739112375892
118829860993523
761004513086399
986393203449110
214889682848651
133851539560820
534065002815054
218941806296868
364773715346415
1099391937881489
539514841077017
882739372517625
316794828641561
654257524812593
1061167869502715
457264777049848
501745608288055
897596320964552
938682899808143
670198280441194
722353758782309
307035085258752
197137708892318
914726698969619
771999830486582
587722219427683
1107426711119424
66028158497082
299797816716744
1077355973950081
529105225329919
123104976705454
356886668793661
1046241103092081
400347358931968
786655415222390
52302330959016
737230250109816
20766410472805
110498293930397
530127805303030
553470707924748
556329067653155
212597880075235
684850734618598
1012732606013390
124007430417530
315186671576893
454275303519709
343135337763671
981526858549786
291623977666119
399646355275
514475770265241
444912031246509
1082408970080995
481712076074908
513156633867546
714402412865617
63538461114150
952268885261772
1031157873690035
514316728673595
103499263100535
908016096174514
291060863951199
1057075781022643
1020221048046518
1008420926199743
1028253602006615
729315218953683
985650115626762
967318852019544
1029731203218814
842389028439927
742344147732035
57095135693689
879133993906507
884816461488639
490197865791251
506755515368133
96522655590523
90447492278274
471872573691658
343208580927611
729187852709947
245628974116503
1118844488621128
848579483751788
499419906886316
1096125331256211
416013313628852
459717722906083
855116589401777
1073339316082861
674403988654378
894104180014887
477998916591112
616125702803009
53500356248283
233934796776957
676476987066677
1045890442090369
334658174890141
639809733245878
707803744870389
1111566580460265
510432420171534
253919298395557
687608829398951
718078920879575
102607019150023
665263949087777
566703911773850
533499323651901
196055782230033
969931143957485
438455877815651
646623067085703
790767755719743
176269243364291
778651119994476
712652108836713
1114778508090701
38924474903781
978451735107016
318239542996754
40643563172829
253008634630516
497753263799053
14116798738383
59975531490582
853568922708277
181692690997089
1067780586570529
653856804652482
602445146855030
1072392974169414
3043022706284
572210218337139
412466243762760
983930883940002
628380823611501
774662755682141
80948678041935
610843776230611
771803180143752
747035272924617
669909274920325
851325565784836
533778486734035
264619225435000
639439956453299
1036497181082261
1017897376232344
557888826538485
406721471773563
570121503330229
557769046095611
656919609333884
112147130918330
131069950630756
417996207696630
737718935134220
1096180919539318
526060170766458
931660217047819
264540263248329
194827924361397
451259245936160
254554869085488
837393842001100
667088148516398
34199969952849
496811255486211
360094627675257
674882822562126
365706343778904
262492769092470
1026004555039153
643975554148452
613559149116600
1124344694007928
179170315337855
867648472979798
718749892187080
546203821804284
103451679497743
365560416173135
60655952431592
486421039134906
1029422279579515
560924399807883
123901541790699
500752985663468
266410252479334
370306686966882
407706913224903
657220916732663
673692773318038
215391041469279
651961991871905
629887600275772
703469558128421
568390315958326
535356805318687
244556430800127
699609641263867
47864763560533
15897759112414
200569748064734
818251024391570
547627139619335
380905969394819
166170442052905
831397881284397
290249659480806
998548105629660
592567203666312
975523753180392
923144073619846
757228660301462
39641711722292
998190562668848
843961372570817
1003464954952039
741980235838445
1025513830248533
9562705529246
85782146383560
376964471523570
608317559322832
885700142754672
541509057124929
558654672530613
377362097733105
363291000743677
1029647116739594
43578771443001
24442903807286
788059688696102
1120082536313990
712501995719690
1062443414696097
523017267855375
1013739775477902
851254661406344
653001150424025
614240483520584
1097983268258366
858142108232462
555484132496025
75709165442560
962699560127424
672096487673135
1042010584676094
479035450328255
334922229836896
423144839005730
1008136726657367
871281272212379
374451027227285
221537404413702
641557963594179
699650954641643
282911536200906
649952194473675
51584480933751
52385239908445
1086262879380406
549198343666783
485725334169609
1014790796016711
838729649594002
982638355549176
783340959079169
620867299126584
971246367189196
289070743878904
825620249551344
286403323557906
709722148899094
415941691927826
771488035870986
981589926064977
518758656422534
667122760890759
125015501675427
476760529782451
655216857895973
510300082333425
2716746137792
740344849982321
944279449575428
459712664433647
81388517124960
362507067894969
332979613474967
936723390872980
655604047319992
810316657205576
391787781712819
591602504601904
167725286528300
1044761481028269
738645844515156
298590849439986
770834710348336
422784759833030
341804201279398
156674006672615
925122798495226
766154838079693
455221046593801
625366793365777
1035410879575198
270549652898462
211526765526430
382863066137111
1012906717362639
206610655528638
868879990588126
522617195659732
930959290920906
1038594789184701
247757547154757
312430085477207
554438670903861
253401953815217
1057572941361070
439809162457827
714069052512319
826301257478840
910665693432087
342819659931997
854590613772859
246724434323583
781747491405158
1016924178689483
804730803759352
246148683747341
674442082798384
640014408880269
701460600781521
854811714372733
1002354537780020
547558610229591
1109362604196634
828778282914868
69008104995753
169718598606885
149362790476097
162960779442549
234529999667073
511110324477184
563360585063157
841981090447100
1032739701639136
603073807661698
473599674522011
735263005671351
1125837382148698
165735914438554
77272186759673
692700646503920
420075122287828
684771868578513
949670706524234
352889898503410
84393905547170
936710810679577
540193613586854
466381258908418
681310034230168
562389724938840
701074630544316
152763206165246
655110278596552
696988202510691
964858903348374
1093092140123260
613621943806403
450216790651452
672076283617724
186201796030801
659321977371040
870003870241891
668131798566766
833976144778604
1118576542276575
1031266744443066
862024134036108
959579280504650
885796600992107
437217297182800
722233294568405
357917691233783
754161631311985
1057032966133745
821863358786177
582395184763854
870754337058372
375433954020355
195473858238192
356771697182569
429027118295897
819611250478165
365201886602674
86904893884749
690621905748259
885903038076609
557321560605647
166562208621818
39494545893500
319177857993682
177486872746013
89048574595798
441715581374817
1063023569147527
147163566211901
1070960556028635
490304201826521
160967948778971
653952747984780
788334321088829
146149195364930
415208048488308
169974096458506
751042784056791
985107847528964
614177114168921
91600857215921
540864754194605
875013408856775
560310520691936
925939823183463
1042854521195990
842805728825247
532562698882770
325484760027700
1089228616313918
465133895964479
49081383177914
60076086526724
242887931171345
1101858157051389
647737390379273
1006328494003054
726067528224833
389585446190557
681104854032971
37576832796978
1061972940679581
227746076980930
904187204725056
874598979073148
992663316340293
116077035670814
938211735578019
505539594070501
922918925625614
116101510245668
510409208540980
347987567071396
584524115157737
278988778030910
952114624222770
969009154473426
1010769475609499
34888683453604
985055301578909
606652115100993
418177779735548
367228342318243
746892809362178
949529053179549
246114720052968
80207879933554
387076168969269
1046436559542497
141399759510473
802289028284138
112604239344169
457950292631366
272801709865775
672420383775865
281288181201659
321339095511671
999306733766125
86460602095865
355603066822827
932522268625901
720359324713753
1017311451541903
47850563938992
19441030664120
63654478868769
124657665695001
444563636984930
713511929492408
614528088756643
335960823402879
1028960314099415
519329879769536
992934050752348
255486779425300
393865552631359
431732582555993
688283814695600
422882486712706
487865275236973
917771172708707
1110679552570487
541792533813966
788521050827176
229131955975306
619012375874299
318384545713558
486889108571308
863138216265119
1021845709912086
522703294240917
247783690947910
1048285168686317
445815025096807
1080309676048949
178224088273188
735397728964371
675800761760055
1065990784622903
845765238911806
521856951361753
532550865094386
64458453901901
504415095030542
925798366059074
269625266971377
1098514786187249
81746308669054
33754221338974
694744018698009
755011616201540
67850115079059
400512920056488
330304359788195
919341165481638
964709750070812
446131726002630
232170727894371
721919723003527
835685532079520
462082933928109
685929200298304
268383429929119
107432293904308
578181942859350
997188869234588
1065848098002126
918641512221431
430644577422182
1107393969020078
114706741902028
473603971187125
323738304885596
189041508164043
969152686551649
273955124162749
425072506915360
683316556471405
76949429384034
322421669748171
1021276774176889
1048024357099192
64130590236823
48834656026263
289731690191889
879298169293795
234198754118868
732968399936785
1120986165261217
998466341987543
780318639933960
80248566488973
820599147206952
98006694665971
770327411673601
570911759331246
188759590858009
610562186904453
1037026137768443
234277253522360
66579883438590
360682827786066
758934173291171
835283667666111
758895468272561
1095305405563219
377002134895579
597839574823223
71554204673390
134431941842985
967589549043364
419905022087429
720462296990737
123509519524274
79949828837642
8907510612834
875572910194732
83228353789434
166581987319877
700988664170519
408049396328094
884278967965476
120565375758767
976536371760667
692804833550080
936093085642803
243239023340942
628263049255995
1060060481450052
793028049824605
1028952183176854
649199025654676
317850146486645
989784985599570
319887408273439
655271772532656
114050418191671
290425162555724
147318631085041
335737047146303
790487105841767
321941166981499
244982838558730
907040234695074
1024292519244580
714866363949327
803109496818240
165239095237023
33175338899637
389004170309348
298553003492538
384926818048955
1012377626109460
181058925353557
226820903029894
125654086518524
1100693218547379
170217499553429
795990168813326
800071018538534
798649207740326
767148114333879
607226742883095
174505837253389
214363561537583
952485596383546
131706922242519
1000223738472802
255612143904023
695585584482219
541020510799178
597684007718089
1002587717559435
11440531998197
815664044118015
796623091276301
57091282473558
417297924465139
937150992204070
331071991392702
115089920661388
698912569995225
884703532669982
941732219896690
464061530556032
1095478827010200
540165867815465
875316782829
596046460339410
471227501242761
243727737309101
1110032112337611
444975319813104
244765802284729
468027025873490
212256023522066
1105065046215454
205598059008437
958636051718136
526437773010369
285724197408417
154181257693546
1053723117005274
761073890354162
1117670647210297
737815247367802
338017792960787
729605884326924
553730661039672
4467859019090
1000294882418468
137725369691832
318424529325428
399092562891767
782817821993270
585235520506786
720047900924696
729360303977596
193752685455529
554172161577315
121059248175041
716808366878790
244805510420682
321435484919344
719129105509286
342938422164068
394689130148853
97332832466632
1125567629066382
352886719237023
844970600919587
850596066543987
661638073716922
37055571702680
526590293848497
513998153559691
41739929494416
15861976813258
833716230583450
466267659389296
1081168109611893
343709462189718
140676862878444
92877383110227
129961202235706
547228484127413
1028359068341385
266066053319709
902373105881364
648307993038302
974593187731148
721709927095078
436263203387626
781849473562253
751064419369279
157588660713369
377516920811560
324162230694483
195122499179235
495793627499618
1028072403131904
1008298657350480
786442704432682
1101545327859767
859522733049644
729325233931193
146774219493441
137019804832190
37534829370173
878178847900486
271141288406324
105552653259882
570023718590438
1022442370171398
1010383550336894
46144685115430
594746215841924
959438018560932
92278274828989
585903639631038
957810528797210
942136362866629
188021924939453
189714705050362
681600165172243
610853431719762
787474538612374
368311299922373
826082475223182
419087680094754
307565366192964
373776956222678
95301993168114
989047228680369
660458200999909
838216030057164
367610151325658
65610539405517
702139532408115
813117234038612
889179970999457
1117683596544535
675936252570569
574748090949127
700823306358392
523505980358289
536673394720198
75410729895567
313506282653425
79175477895050
716226278880449
915692007731653
64331770921763
487845150275869
875059982375608
525804009296232
492496869881771
44858688580576
197026872116775
804439549206535
690395377820690
188584333311335
451786081628589
451556792942765
1035251483704859
564687176506459
354857719210507
898206566717918
870665602152270
972010548049641
1003377433989192
182167730856383
731454956889550
378844978776372
553722320300239
309130913685578
962979720252701
49746370979724
846110208793503
864456167426226
1115054008804843
1797753541515
545131522017996
997658590082587
625248989429290
603073290573988
172426983967524
663556446344686
484057143880139
544092816244355
999068562213212
535626446253018
1049038133654177
605920201518246
237745066546573
924097375308186
593985946383321
356975266561523
509146335605146
190648646392555
261869401527985
292163932115854
962842401771453
765444705026170
332916002373524
506836564552481
25802051896666
621001791407643
127582724019408
599962783209959
1024074831429720
166383404846747
65628781075302
600612055979001
1036708655585982
92863586216918
739119589839913
138518499738866
834676966236970
48059488604629
456125387662368
323917793603539
1026698129764944
1125870891459761
481922520944085
1005437577369251
262629724471373
788504175729195
123016203883608
289614595992018
832595520398841
80324982653293
76253683507180
1066128628624791
793707047618414
842088416352628
413794083022415
1002108905142425
818922427297687
31425536927156
215532990539541
735761006188104
727730494616329
265307712262229
737194223975033
422958322935553
476368043904107
210120224451202
700161685182255
696923840003390
684044602646428
324710933200992
1105484462921092
208150422144287
435565516997460
383187172259058
992988783350824
296670310542439
492631538588426
815789235877013
389719312465222
144255812759421
181644927932018
195393085084752
938732595462645
937637457152810
224517847626805
583989080395225
276748662275895
1054367237955812
792979333861455
1043418235602887
1067541834943535
795580822836874
593013285634006
163278939619838
824591642482082
226983863297350
1063149090757658
27804484816711
215139128616907
790540083346686
494013571418174
722047282555727
941902899855471
949524889438510
9417512402734
631146182037544
275070981144317
1045684859045144
818875738577852
520521247120363
206120172536347
664703952832746
854009228383150
1024246162301934
260009014071001
481278044017107
649474015439459
327313942828541
748381527504753
596697221146521
11451871519913
480410789141719
938261481319196
927030372827350
942318280295551
936950860087097
716767353477322
766107483415109
333468186239953
994284997364407
586330217714578
107587685159207
756328010940803
1046168458314246
74960394668536
199420326794703
932247204705997
31435907831175
904780835940139
862159561776304
443726393961709
536222439747154
982124767856775
1002878134663827
800532620332711
597196187858016
301090301466070
24990725156703
399464713658326
434111395288902
389304638146188
532403784245141
875753248704680
252504527892259
149617365409625
62703175969751
422863911576791
902255591146699
275021675914812
671083007171995
650861210694744
54021701047424
788567495502423
654911557150431
438178614757844
1084399171141436
89616130522900
190483542803691
691199962999140
530536766036891
1069667328259623
335973595306517
639903666733399
979279163155908
296501843029542
875929150119878
418267953324785
624111414344366
560160773674791
641200094584629
1097247209917011
785340355499612
278983255604178
837921377148703
470143127002921
1119213974777737
513549194032
721221670713012
558040446841809
961863349976819
22402675338061
260545343972695
67957988547842
358821589186083
949996459785123
87315091214274
1085365659112529
5780452874627
1113984631797647
472399357364409
483271757769886
699185046116136
421206267638777
196030610330951
899023277976208
36383833379135
796381653436864
795886664997940
834749578341808
450654724440034
375179252786535
183665935233583
170657812076481
967770428706295
47894552848112
976940776291265
995598562364153
991717361501647
135392915797333
986361713894856
636540527396100
1093930778898146
138654561609123
127729425877422
833186392981669
593337675773950
903448143817587
606804754808153
603552543537524
817661510667619
989048425055890
571121834282904
836621829895961
55192192856977
887800384262156
938893407647990
593764069127730
1116342128397031
1065528226748624
1115154576604150
360833240987279
913849006149419
894958798608338
115895344556921
797555644553129
408487445454170
870190375392263
732557130243799
533024164553921
930864832368392
727334867652617
728362757820706
224798522952497
205528695012247
785631977156245
231531012662004
875918479375159
987765833454293
224250008766784
377072775016304
493625596038001
680740259815260
74924485281507
403460538244335
1003907016335900
240646229631452
58402042261408
649148132561854
256859989410878
627087774759703
602616652984017
1004952779498333
690055259561601
13394922931986
577968800368332
67758183906050
535921668796889
875089115214067
713837070741682
307220635944459
405190198427571
86952676519190
681488403322697
544937592644734
140199793875722
916154154081634
514859122340009
142832886367864
674136728569326
43583546837459
631995361886631
79807394631032
75714688122783
902198326654214
773712760151202
239001159709244
387084738430771
146436790974249
253733061003646
897533968442679
506244929813353
1048714774581966
727786061410938
669767574420765
643761130245550
725573557029835
123831572751028
1027684055226171
415378180269062
828312086851848
293345115894244
755852994207040
218387678075192
1008991842275557
142372940843897
633020170250601
678058623762962
100311836590210
254571571807852
1121757368235949
752360746265620
517431436806861
1113427898926226
281130910207963
137191923591931
1067253770729981
296848540549609
212485580251578
73539730032240
712483268687108
465433776300235
940915439349010
811146811045548
568608296277808
954673977971571
617925811121808
204257091806655
18327099406711
690807685016109
1095893839021815
175198409828485
729057669431295
151751698728254
268617306095919
282527995151230
1012352140484210
905350722900293
262527931334164
294487009587670
468355281435163
684571568542178
231525871225246
131388098106839
269537884293918
954310493309980
815254203042621
692282029067366
833845150381312
1026689361057494
89930625476769
886794377921736
516406680110710
277037405291761
704226387751582
1059858803117163
922047509273454
245938961341523
44457129956979
647066610954527
733637242797502
528465652566807
504860224756243
372014097668395
7887160139520
527868712580342
425174598646270
49882997002368
342159516784304
618720390024923
162005986808927
385120890023440
1120834440141225
304702804688633
256805908129196
1064062076499637
16677305548434
40683012101779
117992934588066
120737701215272
733990411748086
68870012763737
812389807117616
89219326516077
85287968686618
1113096521479789
472090163622715
4782093735481
282682635895258
872189800495233
999814839173914
120149806273651
897200035879549
808638732918611
991705251622405
742223997271768
158560579822812
4879975576764
729490548424782
801718971308303
1101795963625797
163136748584422
164523651260754
404858232878940
983105989843153
232318116756002
1033185330101856
491604771447997
546391310625172
981023482754750
869961149174426
488283960887012
430801126752137
567225654118144
930374314505050
338611476137987
676558176049972
89410793740336
892086364924803
1102896112084067
858796337977589
181893400890062
736293686062434
272331413427553
1010848376446021
869233548844613
103039767072418
13649848197090
70190903218488
669144426598522
426839219088477
120519522278871
827757586089256
448766053567086
842079910328174
168639517007073
756169143401433
232072291713738
87085475496750
782962820602962
132184557833255
296087977234822
705253782448744
452719929736848
166868818733613
1074463144782403
447517167990192
241736001204080
755135729622493
321123934179948
435962681961251
331778348273595
373488737721334
463399138512329
785218514344614
1072452828812806
926687624983400
23536129087378
921600568860934
380121279469282
1097245813459786
234045678198007
767816737861881
672485933224445
450304383041084
481664523952860
242119313484541
625668216931307
935440074357169
873402050600990
1031688633889841
551639586849311
759532370850382
509278166500086
395455131965394
943724132683426
913646270996345
132605710503869
803627884783131
579897999677834
505112572082807
995702251035961
1037587968795195
134586659684608
493692607856363
515385660036429
219184011791188
19532345422276
799901152659823
946364833176804
394052197571217
200272241522814
316390231891878
143875847217506
813100673725662
388887579359700
180687702867521
156424646484733
399564234379975
1098200508328249
96846760868550
543151618182028
883036050209320
605438980786057
733967946205064
618368466299924
258302266019800
87788104719396
452758288668085
768844510766696
359236159126325
421239379066480
985844110151661
140518153516378
96600365682028
1021593310387100
464407855379877
695238544297816
339392837006377
617399359428528
1037333322537950
86655795716069
713654941663638
89916184993446
322549834091074
199286160470576
115232565403513
594211519211360
254185481815500
371876101748988
1084352352712364
886200787526533
185571639692397
446562666252195
67490268839801
469277658960855
242505233207473
646745970039035
516074817136857
857507703286479
317204888414446
398752399376957
924648747684088
411915609737698
456872197045844
835468435986643
104777549718734
134690678161198
738552699225155
566502782100955
74146469377399
1107503585589195
390352131487940
586252639087434
293686050558536
387402629579657
919592445532988
352571703232162
209580558855487
741113438872427
990046899149457
829820301114539
465970301947818
992629643432856
549353543239030
71206041751048
856885558543164
504461893767593
918038946155529
1109553715237708
1080213270440165
755409172552074
816941745270237
479406153973416
997106777564358
982745774670295
37873900631627
696766969912029
886536943538426
127956384010637
939715609183693
145116855645144
78082498207243
446488854947326
17421919223247
141571505009830
228902757846118
412077994678027
398542132004248
225802673740216
763543102092384
561686640032251
404781742900726
1088947990730221
438589762156125
7871596244862
463838036683176
852937542340376
813867271413331
370174918209896
1026007595811001
910672598647980
473380121069036
827539664784969
391025433401997
395905172610625
225863774070706
211658541915188
888450702366996
707785783634052
100067030109736
65285856385851
765670352488096
163963235966330
344626006152916
906530370039702
512456888044443
844246941186947
619705684448541
299679936739333
889050454155717
596023257436076
361801795698078
287338715197986
927502366970146
722632961673653
756736071154551
334091436675046
359653902420313
90248416807107
978869741555936
502009131581458
587643273027139
319237811004183
1068911340813696
955422117815343
1027332553567455
473072609714743
1022676987451153
785578407705324
481986181856398
939034968657765
934472120301191
1006180957183858
180720658660897
128593113666543
499333863844833
1095777427796396
395177375149115
532194356914509
820537418249461
1115871807303498
301590532615268
695664363334770
1006659239039274
503709053053713
314804358888460
707287613467428
512135983184397
1105123941437930
1015709407507964
529321007860433
43028940285245
295313576090306
968750411405565
405495145861327
834598848949601
801626769736574
548764987744891
359450829208357
246190267270196
514502012531815
801202597726184
1107178293339203
932305043059057
382744483442722
390541225927608
326199600008314
628219650723082
472887982033820
1038861119932382
424373939911254
263500921768519
1037091762571541
38725627119518
953616773281491
983748393632337
479123296012442
1022332112898698
10357306176963
204174979029094
995717067409713
378376290021504
746638668818063
808373168524411
928623844048290
60559115417355
907061351906681
33458431255289
1002947745095036
1004553984043970
10773658833366
679272498900571
289732166780098
366383160568104
519304017915268
1052731518538057
485283480067501
1050038123848776
274350812498816
898115137137104
324488596285195
194111665235779
105726945833466
158900684857664
361775024695517
988891590601032
316742256727624
1089260709322089
832146223521927
458013526144710
629079787627714
839097020220186
77609137723288
831886496060623
204677433991548
516115747435143
241438985780099
207344380742285
399194228194911
1045766037859133
885614451237672
748314548929198
520088466213098
146217067958195
46061373545296
844645909553604
964549380807186
591326811622643
422674400940652
308835144516945
908923689232859
488296348852412
538682758037528
392994636906352
15775120405232
171238376414783
63008967152118
301730514212077
46008784373123
757124289031893
365087093009599
181764675865872
872200392008042
1096570335077447
493105729181689
706132112781568
717252864323882
496585972388134
1057517851051068
538051790170880
516642294158013
889508049995730
457877267164043
56504856410944
443140287482079
762728699533759
85146971068512
416850669100546
845270827399380
680043497900851
665650005677977
109502962898090
938107042108729
538125346932083
290839574849087
475925261746739
692535841819165
481355043198639
477008460109801
1057433770748334
887773845264686
545834994160000
367293034324804
481885625895172
945530723039002
600071849842842
48429652543852
276892769977107
236422615783863
921897765610929
2985791490386
562563128632137
351293467526096
170169395335541
1001071493828742
87690807655386
865873075643468
228285763121317
1124953778927881
739890401731511
696147025711550
279180874492459
538856285177792
312417338515950
463529758119061
351874536249380
1097745598910072
373449088313971
575133270128642
713887360002024
120178986757889
820853788184289
324090051743609
494572720296799
557422305479243
766709043121700
824661485503724
577646130146305
1038756269113256
519499197062477
349964213266201
762942645910839
486101326621478
539687150485062
463528431708472
414613692465548
553805267686832
444831392947130
415004254768727
17979323852817
1096922103225373
157691226969650
106475907212611
247931102332310
34511243890719
584694389621991
827115027530487
277278552938881
624302001046795
959341029352465
822612154750097
1084335526423600
564235987434852
57599513534028
912892208464838
893098714583737
318244560076684
485882354137893
1098460490531088
1125175867564446
381534543471059
735183455410903
958116342670079
893828080757528
959890685876988
656964149653497
168730973319471
998202401669527
101256712805250
1118393162353326
588190679026514
855368839599876
205227130336771
788546757748920
1057628453712442
621921535090579
122854703179520
243318523909798
122719792732012
600352636553737
728501964488612
551580544241174
102680546306592
436869419844799
952074400718225
738868040011390
709397662338434
392314621838287
430315293262265
1114260614854125
684769745919708
1056401383959588
629887422683697
957890923161273
887499767034279
1058478022548568
683865296567724
451416799446729
988063487590530
769694086214437
902396729163407
841859263423251
361013364553261
387062178513094
695241596291348
773453127072552
714442615303446
761293158539363
636811474707180
134662862988790
703200919414424
686061210399298
414218040810427
365535720409056
826885115643287
539383307168427
604133623805630
282705928151742
1053725294232790
777910708385348
111592121846737
758423681146914
657792015139224
826607083535603
405939429944562
879165920764730
640085598853161
353947176026505
976043061556054
951226806812465
158152467714363
653244535057291
843470896872475
163302373523977
366552487521932
1018901783932209
287792690126310
532258794350768
639073855262041
903647069090305
1049527652988703
1124003914626028
829449675048707
585936430977484
350503242745602
845127028924440
308635454152945
963090752647774
985983725138080
245741106941874
982309664660905
977660909861737
818274252669457
83425388699685
719465054171240
1060090876758050
999190244575883
686510844788078
739899982469969
639723020903571
552589776670937
37810774892566
387044459569892
199905731614118
813892588236075
344316741933592
765776994375180
600563838532132
725842805788709
647286384542107
628582354774237
53736052052128
937552067391649
450884959778685
474171489074886
756639764094797
251774299272893
485294982265045
805352769999401
824936097613713
506249863020693
254100088425168
424257874603245
123611205680641
492337345828099
484986558367056
252033750039677
666482382360382
14681930994053
378129163090484
371314721851539
1033762668566174
27683162067857
172729282811794
486374183894592
894311192881711
325530155803688
636196073562085
381652413042382
292256672385911
1093664593469173
422928801283135
451074404825146
287049958778644
632550907212275
598399358161020
932231758244454
262603561448760
56108281537896
27468775021184
439340270857258
434871714203755
57021748522955
354642581879394
126632308510597
451564297381176
681894450205509
1092988927508079
746255327581459
66272575589559
110433822293569
1059192659953634
1027836171444788
659060150343466
768785749446956
777533075335418
985322158331183
240846332067168
937401158520995
1066992960028709
327410624624828
819159440194651
420565834931006
921850695546509
1052880778584002
785910869318978
1035537465601696
313933452370323
1048813660001208
350333917403117
234187649220701
606060343954248
237993077370241
535895151844401
283419154751084
1011205589589746
532104043626879
285320569587761
13796374585253
896332482035527
516137193044385
351348889442128
829584504968990
836819072552299
721246507815766
1083574270948829
412708963959470
284704338271084
454041453138257
267791404359094
422301162562011
1043585445238965
61816776363189
968719339605545
284110859843296
27779580019014
219417545567352
180150227291286
888862275870062
472343602874409
1008445842611778
561836022770127
190502427464149
194569185384206
291986762854358
226814930217158
171579702316412
410536923986934
1035798338098984
707919838996742
301888047916183
587548799345352
642079293230579
693345194943353
80364955295828
840265577024945
1016945165957322
1045106973031781
223291942216780
297492316826061
511225995289298
85646424061604
995592017037225
800061592053322
310658971418334
239447068966701
550797226072638
787069760422279
547371648126924
534370044829611
737237053745338
163706644729983
866014299229390
1053859188506692
439161357438044
390666534985647
618942584021731
969277573247002
150474361894637
1094495995898302
603787585810121
247767903351258
982513589796327
514901264552319
751299133523708
17375254213454
163146383815400
371793022598583
22450212125766
358842033599004
667831803149445
494494656814421
284389882565414
814857151561296
271252326160366
676006772116985
1073780764792350
47261997479803
68964662635699
940792230939775
995364807807219
556659406313956
724453719290099
305958358344794
634128663705456
515077609028691
655435390292865
14464808153425
781803376483888
841899494217549
515535543636767
9397001040959
990242771149008
1070712868540250
1019073791926404
738349793291636
809343230303954
847797516301712
882913248218568
699844102711583
968987173972227
396029709031704
256097691850163
900067593251252
1062482796272437
948111591558146
251042034619305
650401591855022
255453759194575
773405443285814
340149272890996
279998491458313
890486617423929
499404863701062
396517247807253
356548848231705
40523172114285
741254998684813
948937390304896
523822223227841
747874318204134
80550025332449
816254814757837
234664590631583
63971051709442
250738279108451
707965588517348
1066594755143023
422014549798535
1108293043569239
127687045055320
254490705844894
627401591961095
603161966425819
229775141634110
96631689135009
795909284208672
730915007564840
1103333990995648
597322692233097
618916214769986
1077001555761119
670385038414495
329846382394433
635065734717168
761422002240653
493994650506648
528991549063415
19808202370865
979157264689285
935884657040436
295853920131174
917061557680587
407680739558819
260666203377372
1123205721898630
468331089593558
710859402181007
802492148547408
846564678595331
843938858877256
153202762085326
155536076182638
1078155459060824
862318731906810
602092384745457
783928672877869
637310199209346
1088233337386870
204319632431763
99477357722562
47592042199553
205981923562592
1105960753674938
599584111207879
86511276458748
580136958507301
293086663925275
1075928220756371
819277132179713
644844895157865
234794546217006
511548318079464
45217002349659
558029604469759
888360967307759
540733412284671
402918110908487
1082290187276598
175853471154778
211114843776677
639762101869379
645130969774697
126281283907524
147794971913300
467802443342843
455296633402450
133677483364375
914035166105131
6509147452018
422274959507031
259654831842939
70518285117882
273057366062878
871881735912210
178465625657784
690269721819806
687165901168965
338154352289591
213342425128270
211096244558842
578013248434819
108260117940620
607083502368107
1096282547622417
274318773173601
644690258835207
315272057239427
964489516327825
200363858568700
162525122694829
940930069760069
469471936896289
836899908147153
487663465986829
755252355181628
915476751564327
493431700219429
796385212357979
1083035834659364
938064243544886
491981618928716
565876367693205
108108218801329
1120876876959371
906866245220680
216822186900132
1019599839055553
951353636623381
389120531549795
1039375405028183
458779238462923
12133501322206
994917125958094
17669892457801
441138041109700
490223896162485
43374885546090
126925716881760
267681007543453
88349610512388
1074145617338463
606566686583133
1078483473386655
935239864534173
1042499726161425
67796921803847
21914912263313
225886658164595
542485310143206
341995301117952
595652234141930
39059565858428
980441769942495
141014255849383
805373429634291
326740967598993
718132822539982
25434364562445
451638829325703
52857686742435
1097746220502710
273804608672448
242435674635391
113178068788651
206302229846933
293179193491391
957912972472512
432243121730412
478931179980901
751924122011064
75413576948985
154002690155806
234962323398979
614056778837742
871062285412440
107417928967021
790917845521977
373074298795595
102084622999651
477313816258972
1077623359436051
875750984513675
994802277281019
152207401896059
149095821701909
419241634791953
173711746912816
175784013917676
307061187753089
33687528298181
144519294272624
933642956413034
831754067164358
439738185466723
984337483827486
659696604091657
481952728425099
677043955407493
618148232002975
142945979843936
1117216622726239
1082397986878037
595979849017847
809192278260498
978799455254599
671969247746357
458299807706993
1038790162447217
542530384665579
488163924002828
28340107772167
754720963997166
25673525940854
952689523051423
808779669797673
10816181085806
903650293667989
396613298490662
492262767940134
646130489369608
1090634902530519
821222234049631
259572756297058
124270727675188
918348168952804
880129389376320
820323481324146
479355915116537
569056940138784
373123110033039
533979945278359
619681132927044
665439691002063
984298659805344
528943532061433
635304391658638
893772145057751
775190383893573
715356359968836
230655549509700
209545846303395
152492197421175
584346874268164
481545165687043
851568669926565
621639220169409
346444945380016
457973020166026
572416122911898
803413817800350
828204709541082
518763640811544
1044264482497914
147191560406573
270732868798600
761666842952815
503058884606380
926873785208013
535839214421193
1060899540100076
504515416667054
654842933128310
624056219477670
264810685337750
489576619494197
558591214000246
1050144010199007
515374004670523
874941886585583
1051657620504121
593699149467953
60102301935224
18458319071504
865065379984132
974469753231428
396369696386407
88472420410197
1051385289776741
665180405179485
243473786155905
508969987723922
379022620547257
306782188600007
1097020179015330
298763933593016
848353231859088
564458099835284
888570634808955
1092379136992385
730198232918641
732146275416787
488912561107716
582184728849567
262147858548043
345548297299638
83585090406545
722097955147580
806528866881775
467208252458469
373498606605996
364634920312966
757727713413529
914668270250385
139879491087215
224775533653114
872934761398046
1048780828241630
921675068893578
825065517176499
54675224260505
152206915188032
645735221675935
522621589232214
372660256544361
355107997212829
348970071536164
108565089854942
599395030568578
225831324812538
172874014549777
255771341109021
385710165411951
757642868449762
521153276213002
1022450185379061
262108846689869
77703822731946
452330533204364
460607558202876
783945698186670
20602182945652
321918722412132
845273442161561
378062931401642
103115237803097
1113966479368886
930734772055417
661891956381185
399308911344861
739966145766097
34273444696404
554873101650370
1059759792261122
1118720676296491
911235365256974
1007409555042993
1124594385252955
643799810096206
582769473553461
1053514978352224
738963287607230
185021907694939
605580477121454
232007147358644
213889191049382
268946561863184
809686032877715
752027142533582
953066634913903
989984611554872
974781332200804
1076556159577387
369654159562625
392575996336162
808975915150009
141732203342058
860404126746152
140267715700497
749123866989591
997007441127954
529813098117204
812184017862332
338544531834033
240870398751956
563686399929159
974593512471940
686963180522627
1029796566520555
365520039252829
191202428811783
1124806862957209
475010026035196
850739735236347
466652274077761
88043606571281
950044650675580
721055515508308
263977537497979
501083512281832
521852475822214
376948966112665
781966731740083
848643658877229
752833501112574
422598338002975
13284968095938
693853633689447
526373303813755
136393108194119
836741188971371
665602394568745
401412404487150
1037547090349072
175194256270752
245563116158816
143563031507781
1049429542411052
280874393902986
199825962460274
147735028852515
161474702785218
961494384542761
593140336788938
733583145253805
812584829415952
1147316401680
106859765950884
593801497988976
378586957623485
975284761735791
1017809735131686
706960151027272
305075870339478
632392686704731
121600309674415
1092660797491011
983975210972258
1069088270460371
955391522040199
540037707415081
365116534423267
187311585285120
481664457656873
1033405853318624
1072663870282412
210783765850200
1030605498472612
191706671571856
136712104762919
850866561735281
470902420368591
60810187103909
859480301101955
819357056276740
600966761357604
1125498529619463
1043463969599742
92094492995636
370830240877785
273110443064367
34566972858871
467734111369117
864944595036184
225863306933398
715254781804573
578046240134948
698835865180973
236337349906710
113400822611159
992717048436857
338803579859606
2020953671284
242784693855271
315249720096287
268740715728459
1039236672112010
469183123061836
1042088193741333
229493316273881
592032965564018
222282310343120
407278330933324
115211052925372
441550506025512
57316358919639
754306722275967
549032089325006
259532672767737
443494676317196
548052466272251
12009093684667
510140326084550
1000293261673197
721033287820198
843500148193626
1026626297087096
203282146731805
239923683785597
503863816259928
59920333161804
380975974246242
819450942915593
340275808355024
1054816416241578
1088014904241898
542243445011444
897848905985657
927038395651330
876628739699850
707647759076262
3973474840923
103297326464621
122245732938640
227358296787001
398849720912065
1009005749416116
972791315367999
630759634399617
286607118461208
233203358217562
963816076960675
986744163383586
1001366656805825
153686757709065
522637956954406
937465043349532
286110285331897
36166740774606
553195412556154
186791532064142
259676814964639
132208785589393
148853367241294
342103161196307
663245031172850
753097818413454
518398586879067
1004731340342188
195379089822536
466021997377604
422212983883276
353533944754073
1000374532556150
431348440103367
804281194302706
562749622599109
339427381050332
345958932963130
803603120508543
847614591815853
1082577737140822
920947582606549
1092914240944677
928076466496998
367404633906184
651534243459314
664565775641690
80394257185976
74280321820663
1064828140873794
168805579830994
437271770323308
59176962765114
178669453731650
629985326013558
614193234111143
782403543155271
1021493216665535
530244050878135
1070847453573754
974850557551787
76485918044922
1068192897056166
109537881804449
292326518001778
646521443606256
567812263341972
850754546914756
407733354076453
683766021366401
180048073627909
634507844240177
120858398133326
728418705560178
902402977998112
248691925928091
745006161138959
29477414102154
976544920789479
325242743375970
445572785683193
911823852796362
800500139252740
383005615949517
977423179302360
457503689715292
724936060283801
906198082616329
268324852496033
644470396080935
646898081640122
196426345004914
120825237656694
97338850885859
552257374406395
34603396462026
19226404015168
135258099418480
859083278789211
816233486487621
985224130473355
780782786543933
197405368017102
868623213361609
986914518934431
173477393970984
893406625384092
1099107110385386
986298630438613
186114103834995
411214824445490
485091946526960
258132206430085
864988537119098
807016246029851
953053489592931
1019930902092781
861498938780383
885764393481355
77163559731652
614563826701643
473326918901913
537808835786962
999323435643350
19438035624973
970441331061676
474987897659042
909450723353631
242460552323186
957286616464587
752230091546357
193760573201789
30457497170917
982884472019192
369045627543404
1036661674731267
889681930670618
314608988999052
547493299615186
1102664743402603
1074321227401534
546905767235150
582127651256757
912028419045724
739819473375064
668458556820513
542554635740863
134416487634074
272802423492617
427851389997002
39549808409989
617300317683302
1017935813447128
737613828815665
618502214625991
491416705484121
763401426031858
431471566321867
847037872553227
42170095358231
843715755494937
1064068009536721
880968828412755
40316565343173
475510688308170
317933398818434
840177524347159
349002041554292
459420632490051
30484731749681
643268479802496
279225831709162
287049586456833
652844396509249
1020753581389468
507314863329523
517988497121960
285983268904849
778501395656669
255444929670027
238508824599394
824150941848944
128078801845122
45861222053913
195187142631576
986999358143464
115060554764324
1041587294677094
130163491367876
1032862959800641
788725296133021
175045939535139
851494077201427
789072044345487
677752326929432
308455783402440
346695775721215
737258298903094
892906384531657
444541487751556
74300366310177
1107649159290117
521612621089166
370737391472659
75296595267753
1098063834004840
1042534298000528
487566589144863
664358126226734
663529803770316
800454628605146
1043257050629966
278064333481140
73052151205700
483364142205911
773443208763957
698611558636145
947258750088833
387087722181164
165248910603575
330526579397260
707549388576616
790751853007010
556979764184895
200390166113767
943171304903688
591125937946764
168946929221982
652204995785888
779694761419957
772824981889159
153157922147828
989144591667796
423441803574581
217461680923871
588233402335977
194533285722233
846888633926284
249922326031023
975672608012478
619878922509716
861961834529012
35373581603686
224286523243433
321831968518186
833370213080132
108072810687671
323623890605867
341282917073199
132571024860993
120634035780885
374985461913422
325751047769446
668089580799
871160040619964
653655887567621
14060352501938
216176445297754
579648309434128
136481468784173
440456966456795
909355255161753
307673401778579
251254717288794
967011733233674
1052953921426477
307595591446001
505536576289772
474208750758988
837491028614178
199233833146864
240637063858396
183637577551367
558096510378132
1101108218294247
655701351497195
106065987248178
406729664840613
122460133282370
942191944037593
443883125667288
460243013431584
544546476435718
156460976526414
457139126637524
709491450356633
822783468197726
722445206545980
481755069344373
623247016449661
199623662187221
982648312177327
11570126016192
1112810928633241
978744616274231
835726107698517
800131526581692
821101295061293
208730556547118
1086823883222230
1047104403005323
478528463615326
228248824151240
1023731682118310
892073068792869
469355794293839
916459264700437
535978527221432
234377321994135
895259326378141
847002756815645
1007952694903980
281453581085209
818616071080540
549438613556659
283422837315621
574382394723661
820463283400378
204040785498224
614965157134005
487341865494821
1123386275843815
581608843364053
289043165736307
468749974027621
789467754460201
639300583940599
345394191782413
254139377791771
333493330590150
92373793936689
260461971199598
263213145407916
170555753974315
880979048520265
666280278414766
62652222752795
645709082899691
720870496911674
313636308083996
797413951974877
895869902280771
1001337019402172
600785769616934
687477751038590
172143571428220
392889967004196
989491281359892
1039970460002806
802536407825155
489181010360452
965033773123397
302068212316428
797868694494946
509340181983555
67832658094177
151580564828825
956956668249003
1075972824067314
160261270457222
74388774883028
646884408288435
631385504816895
492663644044254
297587569204264
605879147485989
730102772533103
191764351520073
468141184200208
254871090502340
244049906216416
1003776466086966
320458563202903
582194463102700
227413422430439
1039833510532775
925670962029786
811579114267352
224660077388674
656612898633010
898430055215423
942814440150876
1007468505874384
440302644303387
736107906297053
189767620084313
676683614932053
80025405271179
326903434364247
135405207418094
135032006383297
77460509445544
264985994722170
862938846185122
612433952105487
450104227217363
827164961621047
545610322092966
183186579286340
508172302991557
398239540894545
983889736768706
582290588219407
615468905535574
1024144805689172
347432333586506
766962908005505
354607159993382
850150797080896
902695500197404
1091663069974720
292762922596899
443106212251598
772027426363777
168158993488521
671654268119127
944491889042490
224823821448597
825249632922702
321503028772226
367652331339569
1067934668077461
873496619104888
672057047837037
686555900618408
444466933750892
774831496181535
39724801784730
811517706510976
409428985510464
309698089804648
244346506512805
659212936552839
214084026820007
519262827466613
501178093180543
406254550747651
191899104381866
829459548247276
475012173053343
670858907935284
582961085170309
247050148516975
519447941388756
814554192088250
789544365406018
639673753085577
967415533832344
209633257509246
237686374797930
780426964654744
1095417604803881
1050709373117843
41899329471282
747819303321759
1049402449580438
541848919650329
706354684883171
134443299287819
97519474510970
266721054559757
48880260193487
362538036247606
501144636692035
748044111967648
426879259120858
492254013255893
201297647223777
1009392312844459
157582639836520
313981004681741
153552795231041
867452223381764
514192563185271
1041055954795558
376297173580831
521260819031869
427037589150648
1009443566635243
3204714637610
655846807804820
24806333052959
803987066119609
309750678603316
78336796855703
797831960737712
507082792224850
962902087482040
548516383222624
824933646562771
802229281965199
105393946877709
666785930659239
570152290487034
199744819629087
962228216781209
591682975118132
90352339294160
1088493160835187
616455219990510
153252329223736
322401551296175
232977833311013
201676129248483
495959060813999
640414874583395
907288063507643
237844653527899
377733703722652
228427565678541
170207337564805
934108870481900
480951289016058
554063415041091
264034152928717
656688150059633
761345752819462
580258803857488
578444885691099
667510505202966
507143624684206
568004423480236
250778450416817
811076621364714
1044435255304534
899923587193067
701189868320064
123720555422306
719976730171620
50309690976975
929151954112961
216535174232017
138237462125353
308814198098263
875469476042663
1011588847907531
314160973384554
641534837056020
419040850576458
491203608441240
598854592410441
984209508898583
1047798243103089
429790900797902
250477210327714
704867169843603
2630967601140
179310973220389
158071712466283
124556182464757
1028028925353511
342287967239353
295079869682748
3861791965653
615692643913467
1070544837876630
108079380738885
1123969024055816
244950432120711
146045743428510
703959537727707
1120931087691348
1058175935888327
29633146053445
222909607821146
687994832203900
894571888108278
1065797166522546
597067991246864
450373290573046
636043558063372
914408603882737
531328453023833
695711163482566
1043156670527405
759034861527118
504734249156895
174258996186830
675395876415594
1007139984902650
872145165502916
136131476616260
831681098714486
551755725038102
644237667566041
888841790544510
398158218284248
289483575551498
861988461751366
744437496191123
737795654158032
837711480936850
903316004859910
278539437263701
874146932061005
1051366616109399
683480811067384
638726846713676
543498549836993
88644176370073
164718576340100
286141835893099
1094862508684125
160265643092629
874459895705888
909385179087143
307974197265048
335395265476019
342044665907954
532620551565447
511459609855884
231959196736692
9839227632002
888641466024291
517907083426664
143509306988094
870028309421372
467259433005625
586650110573039
14891437218007
252922492530425
46142933638693
100339978267100
735708985174577
129553680056163
762672923907474
976288559948005
937487931398408
780512547587641
605885008345520
1037207659291748
805090185552956
716852458707681
644180960755148
800176427357062
700271389490294
1074590787728324
268041040592595
597462121674439
836185241632290
998456065323375
1056226650529938
532451992231711
712584518082707
1057523944171770
135406619900518
165053302564076
180673861646879
1077855584249123
452940129894159
16105377256579
89080195495933
735474425256625
1087305056631943
490667882090704
1080977293062525
637044693111581
273262822607481
1104768968799341
710043386153764
457021779819045
992774220828316
901217744136634
344426420282261
690905157185419
710882123316854
793201709230854
1045862240905082
405588408004426
489655621606340
295263612362508
526019471646736
1069295080756397
759049764593838
664466602157334
526370350721830
924552697898689
157691968142028
1024538285708755
664034375636385
957311889120347
608948267298064
1034475827036727
364473119609651
128430143844856
274996206651129
525740828783239
111391232547709
1119672872572948
317646050249796
370948437757126
1106053035460341
278995877076127
1105445711758015
14191834321366
144138892040763
204420416058725
623951988727357
734748165117388
289890369812569
329936329411100
377846140605603
1021720534987733
958051498006869
3838288274636
89933689218674
648754979116558
456259533425448
291999795283993
694818002226137
592121801796064
720205969343880
848788410179085
931934302261927
1026208491076529
452722992579413
990920820177346
61536189760879
592044492944975
477209535521866
1002661616872279
200496141510698
619561745782982
867429127712092
649776626858088
257433689633418
300994729654034
245935462218842
868477420097612
443225161916325
1089768642247366
939859810746241
1012981814742515
6458947674264
1055660483289740
794554852786365
568872854718212
860435151113524
790502433362129
777088785344104
189848016907012
937069732641622
874028279139750
974997421610014
313441717998839
640222385375668
504018603514865
1017505785650333
730268670926553
889498597879672
220164897075739
253928436588220
305672020859962
238592814573644
400001774568528
85816334300289
1113629075367399
793839469605101
435807702741573
409500028481445
265193906665033
273304053086757
173119816889850
441560374116432
611530581743508
712906813985672
97535089955704
594222765263547
918274076586234
885833516845294
292935640076765
130672825445126
38868641826054
861422807396057
72972058990829
300694818889695
369327968105125
725678501437125
595937520216761
215517193658811
778001800896983
87386459454911
1102587969657590
658285351101787
990168174113231
778461031230439
1095356387803642
895308595822444
1081159166102148
366402209831209
1094900090777931
46270188041123
149059111502593
361730330744457
78639541154654
686030584750837
972856776863076
979629834113426
987639075144472
727436586153543
972664046298292
10919222434473
327602939542655
1099246013168937
1030931031355782
1011569048676840
528260097547616
573835722773197
392182316373475
589876056934085
228952769961440
70314794239711
462304878054677
119183122826153
654408556805672
976203917197284
1004353729538514
445300969729115
227638762196285
365732088955447
102641422091416
885560284543949
222559823345766
330660567559840
863830727372132
683563660846863
429341676597452
363385454575650
354651679520216
2943604597881
972137028103375
337275789528953
860131930601985
192218713566316
322578204398551
307135915384619
698508396834902
257354016385875
471993299364314
1079556691383216
796125602013343
498913175584491
750089145085908
1070016945990837
271919639622974
657014804748465
556299017784927
644688966446523
63074630497498
424301897935097
640827310931513
318405176729048
783468423404048
808568763973440
7936920516090
662466629552713
466283036040471
465400542960319
1034942182000334
1085181048554547
378457731560203
449948378809888
130306307883979
987805039243564
212384068481210
189569124695770
795109291120599
851598643182591
569640671454003
481482362567645
462357077456305
849769784574363
391741918949227
409977254086936
397508718766583
416301056613546
570089833567929
654776066605395
620215630246428
457787578807003
216380736333516
41921778583011
1069528629166236
600020700185640
66520804962504
322631015574272
675506323632162
485161769585205
374379682815756
260861244161088
200953245541422
1110932680279303
270559494190966
297432667059269
337030394403132
615513248865399
792587401176386
112031075179172
105604922677300
53356821214458
270350439980383
84408424942329
475521713911537
787305996167903
744959316513559
679175677683129
306980111933800
197178363652787
62414487422685
316909138314234
166519413686253
611328304896085
714769711437471
532727960523506
1070585199142581
771933928942495
867563898789947
1022274796794525
10186006558750
1098619480955714
595157745431399
835053449939713
184731103793275
434973831701851
194917145870863
459804097034089
1120995865274556
594836876464902
391963335793898
556463761564650
241216815709351
664596127562154
233361814125717
241631653341004
765521404920925
771145416808973
168391588920113
586918950785674
83192570035714
362854981319056
96541447781244
574924726330041
243100254726124
230773704884253
684911656904687
510920460084630
394099020933618
287298076714513
609347233225198
693182143341577
195100568682932
660445053137929
523659377347537
701624286689129
115037327425737
867184237475588
884237358749490
522884782976859
738095827876687
320469472255865
27919811551834
449753376668275
691941464424705
184898446294790
981577610373745
568519346552414
689326076584205
266869476503632
171710879602485
906067980601182
317434430077991
67525704567439
988545534978450
252821351272690
632956975260100
822156502114955
1119866467342934
303361403085899
261420158973992
466514683296696
92989561341033
967136058237490
613900507846840
147714452482639
697304339997840
956000558775441
914127873904659
169975479013532
399464888743536
1100902737393156
980030561559785
893764569032008
769971150598514
967766427285601
619978442443703
937985957530846
867255375556952
595544614147670
17928749996362
258372981299479
710439628524043
692281985183340
564711176075963
206579314412560
1058620391704055
964200165639224
175224939636794
486948093776858
122868153487920
497887734989645
1038640154225878
358079752801692
780339276544626
470967015752843
694234756812519
757808890162203
58613277475280
906264969906725
505012451189561
954044898198447
1056142103488300
163349415552251
30212923675209
758935141625517
290087262378233
735093036830667
565276874467884
411622307608461
1013059075419671
690969582193457
428814011674271
740965588410847
1091558796509970
573242471286376
113797692597060
450389480195432
951713449462050
737349885289692
836591293905963
182826077549753
433599812846172
484425781091731
713842382158689
688587122530508
535240053840366
1059238223852111
32108809153378
380699394443737
361305500374607
313646107770694
12826308868213
795300020713332
245316140051400
571234287637449
95183292862019
832511873555712
788992132384667
1038247737262713
822949046417033
32329828962
977951929896273
1059566911117204
835220293132897
959737379529668
423238191806523
540700687262160
111216430030198
810139756151426
122702303850518
1102674877395519
191761124210773
19107905721195
125497940235167
308609781363801
545193751449030
1060026691799075
745845886359827
544561963544435
674192433539442
936606047104246
572598640285270
578356714867267
378252653851055
1034495629440354
135094935514875
1041331498364835
714818758722635
153469077705125
936826529274174
398881989065826
425491812635986
176028303966916
691682663461665
403380533878623
458888177094613
284937604217526
178271209292034
856321069933794
182494322230781
471504052933057
1049962465623487
952062276991671
205084376176337
1098757638574320
749224622588168
361459043908983
386471832761193
127631859829210
4600312808006
851556116269957
531825368006645
194915323170378
716110098639927
447166645743128
285232326940989
20436074692070
496598934117667
390183680688635
1124162374816493
257661547476053
1043192004124974
130059333652754
954314023298033
897935699013213
475855621359790
195224830613188
1095415713085218
900558760311460
926551375614346
860105242736890
269853953585342
347304972969844
2171496620768
1019234879374521
328082336723788
79106887961032
684316265541474
301252297788930
640753558243928
1103341792802421
437199296902862
882647856430391
410232941797261
879121226585236
1063331398294865
205171340116989
821814771211194
1119962776884005
503443006553548
605455774498152
473262788465902
671855555510837
1029159564543041
275483055991586
186071414394844
710177735994444
793708789269397
794913552809924
644458046307982
268976541653095
520627757704743
1012388407306337
697078742762694
764110019126862
605652296489021
315843968030674
462714059862830
1068998072062255
732854194547514
941087848677081
207725433860378
334695875194232
551800507422183
450178126311317
790751735232997
631729025412210
531432990487278
513844624255559
756961679367129
366404278153872
245307439896555
807806177590209
522576170268906
201022243882587
251113091118731
734508706229253
1109351049063055
35378411562421
449457382074365
769967254267665
156617945320696
981824260506109
262944170036006
393509149826612
1013030233064648
478456920413524
152250981944475
245332251729749
784853517998461
248548686789460
1063484691865828
1095777431978684
668451995976498
124959088856282
639475782010728
252172070660072
517665443932042
576680070244513
679499192846510
907499641384598
241551860900898
676552178067063
515670928880807
407863685100831
403782527867046
639154701947458
586321455482962
170200868013772
1123163419878993
185547788781875
863018574446472
882998044318024
720350590902466
809267936106499
252434936753560
122556679777671
37807440838883
74980206380642
674148147194386
1023473186790184
206389383513113
75634059890996
294026460435632
427401972552238
298688238270277
591584423923327
59368160729088
328869651851553
676426714882733
699004412479512
365205175540225
330334698280792
717246112208446
445716537007927
814019799959557
17682466044336
1076420050651136
382504651217122
52136118382038
809777102258842
513713011942139
650225116774236
276179463738317
88821077496128
833081003815144
506501246585808
891585854254739
713179077874315
773597662727301
275508765999975
417603139056261
221635976885093
685469617564994
640253871831482
999275777609414
880072290373007
1053250958517669
742747145072158
909599794789687
328494859140936
721424090499120
138233699540976
259465236180829
727958416846851
804358165927751
1121759462013214
565825231794896
899063381457445
562636661336609
1082376485071740
500938353659083
297187163916333
1122017103938895
738223271112346
632813659923478
896350757703884
592281089339343
715618370961477
980622681441002
816323578623676
1016539402786308
341955077879818
1060669905093825
525944350526617
721285750802558
313391591019481
755220263866437
150658906448407
772913679666420
949314689040198
558187065947867
196318143473582
303605494894884
610902080478122
728723688120511
28110062925902
13378744905599
327659121184596
248953648839373
513216340172707
317374163522168
1069760090453475
734006647073063
56240862310725
5591406968622
56983755715045
367274244758517
532289814118118
337814807963351
719219396611771
319619876009944
1054711912513678
357179750199196
59866736985863
870464375753401
435968020208805
262260819950865
781232856914653
547604804768726
238874853998312
779486903074549
346737006684772
68926703804170
623045507633308
541986999171852
274198539075629
544950309617166
176531443798865
21213515208768
243977360716537
613374599519588
176088155463434
766590632808481
850380779144400
1067520375255377
1073356430242952
448616820975709
168740026873462
42525921907112
88573604327149
749911112493113
680734979307367
456931293827924
621784313704195
237439391324767
91028325344960
924280762371976
539857301566326
659639417640366
660822511395521
127755615031890
1049461099077550
717717853891735
705759648689799
817349152267831
1000672140752282
731451007406634
635878708081929
284907577232883
499216573603467
265441595881564
836989453587875
307960007237532
201857309097032
976278977623269
835677279335286
278605605536
124385468889118
743935589904077
1084728639186332
612379344573027
387623846939319
951541123005016
175338328346205
752937738664618
932058097656271
902040149505666
824341027885908
275601595953964
702698248390150
281895230639492
334725693728542
571550230861881
754302444971139
100977309898886
987277231858101
1075345693051855
611400117908595
286313457653888
177063440662351
161952453128846
490277046133807
115860361226038
756364664879989
325046330048473
500518745618478
500859269243343
867405935254390
505453022377425
677433946714206
685674905513329
884336631937712
679657359323541
744851065573259
271021941162850
49497558293622
487784728878537
462902138115794
318059345810102
1007225090004529
285130201797313
807327702865779
216803520061841
592508431602475
115379366656774
639859150186369
767831207924813
735978813556401
585459610731356
955018139314636
550993129768571
894527647307728
142486840632593
97296628882609
843108946450815
395490261381381
497716915316188
804731337445195
621207373988066
798387631252159
44240856407594
962059690354500
595944418365390
180253673511780
1073448397573786
1084306223478803
935789874040009
52594476045055
106833777143089
839101774217767
119518152546323
529332010858680
221448533000901
759824760565084
1063897404009279
1021923016501912
1094564309805521
417611096332544
619776014518742
862432689269081
209039015176818
269492002499280
487970346138266
1092728346038783
456457605381201
130558078296998
998898870552173
564696802448178
482071772420918
958514071805129
922151717299539
75545136771745
381040532891062
709909697409639
1120811359702671
699572372583820
982248230109505
163642472932451
38481004956953
964058418508204
408770443506542
106626695111853
367173658111272
565610335207210
926670663764427
703455644506476
120906307601122
191359344462607
128871994391257
481838023350090
704491364244042
894896035248147
143781298640988
925547747583676
558333597849077
848573275744205
486808663683917
638133118501521
799762775303296
773404065219618
807273922135283
286745585320067
745331421486570
104574634178155
160960931684300
486885062642998
604920478899796
751725506634123
626452700737223
680140459569564
392218647864410
62742018291160
785247406899887
444215218477749
813681593904196
26733577929308
578220274089357
129933857030560
690789565582163
756840311765666
712879279637472
1086480389885436
545865521422535
469082856251399
522812911334608
570736710919982
603216147873549
409243871848987
863275286434817
695861872545336
370705762912898
273823636166621
136274262682909
257874297323225
1101112108327679
989586602961549
596382415832594
18713748184666
299049006641631
437999793622617
923768295352932
1090110403442768
384262248630776
311098456047433
400928389140536
999719959857991
796756829239982
744578000996162
518814893391939
74457582365696
584381981097316
445595712519365
447473094381822
631203237956952
788031258056322
831141350600476
263351436237969
718005046357981
978536609582396
574809953427165
429558584748472
601314850290569
965026899940197
964175724258182
747443324128720
513274064505666
52665858560825
1001626940299286
334619218157334
852159997547589
594352214462287
810852343918333
431260428892132
406101741957230
1076058187051644
294698011216590
278800794544906
882646489154442
821342200469285
358972942557324
380634132189009
372942459349119
90045384184805
718818900880139
525689142581038
1105083035178601
798843872429482
545133727213550
83647587874443
858948520297904
707045752601327
32500138351218
267430179766913
719922150756182
1023236730374978
1022096809775551
40120172215836
214657605962653
8490227060678
876266088388936
371910359497764
1075472182627324
682481535260567
825831789026789
68987990253056
643337930387295
750817081832355
250037561488956
664900307008816
380620822143073
492934768071796
485753369057767
893393309684236
292234500448628
899140240401931
481764753422148
621902864003623
783689627884284
679388071272597
362639149714530
490472582524475
678545053769298
1052324298818235
1028218872720582
375393577370462
392043996195953
469673172177311
906841047598493
425788557840697
339268781367107
611695285825096
853612954601317
253227475551249
857423848144116
950016216073712
953511481225323
426931440788822
85253078433521
794584250081060
66645849357944
1120773281935624
952020689531929
492326483001841
769665106654023
1006671403982204
317090957607286
988283571329685
626271179709336
362120775861886
1105664075258200
687107780362981
904963929976724
229724943826875
465280916082963
365455258070
568972923220893
640620877974950
772739771448462
1095054504001003
889227293668518
166861745587367
1034998411304780
1097729535340862
287307773016301
828705319535812
1089244680469761
210143414162623
626572643213807
565645425941140
975846131564125
273203988152993
1068099445378676
909419216212734
1081333195921455
251885538712399
83567714603589
923504736888691
204931689874637
307374261322677
832018945583988
837465889659571
679860970545126
901631843393128
885668352085228
382970071181332
866989234323421
245190598736378
482055002252308
77074053979951
897886869830194
970453738723030
861430049997464
183638591553302
260822719877211
59017795308454
797740454262633
463844026257043
278570335752921
790790341048778
633632539159993
511240442186440
830000128815400
152353356907569
158377070580019
817922335333238
221979631210018
364557603875662
938718495806653
62829620617055
562646237106362
264374043229441
986493944194773
899854235329612
1094495227462187
895311677835057
523896762678948
649090106275425
161823002812727
738838274314149
224173471296797
57268935047661
224823597153776
942448314325106
591942806647849
535454196293382
857570501408046
696388792377786
721859054577499
247113670763103
264431113203034
758349659809650
468273713575030
834394814508335
72434452126035
543019150849087
1123010386050608
476868365161405
342763607588591
62883083365939
132443730449946
857856962192751
1044143861055054
672756736589561
832281686463464
152588872600173
1056166847294146
77367390493803
1109363836556740
150985611396839
798672148106503
350017828437240
45667655276454
247313309153391
890100920715526
172749953847470
472652532184772
358830672654952
245205026066229
32978224643835
441666957880688
970459406542845
1006788773204652
183326554941612
479745701441302
311639945646742
717947093723006
18548128513988
81694874625343
79317766673715
689991968935259
544030348568214
721314818945009
676237317186853
343303988665721
364560717053087
965160286378524
3363643578133
214990724243248
969356621502733
319994695161975
1060760533254185
490318879255160
709365959578
279931375322671
1016591844033892
436657837977906
89080653012995
1013658075996917
499579879763327
200617482059714
367182771442860
301595811227020
7323746169847
239412404852025
152503322740768
690343217492258
638070563341623
451797765496151
260990019376467
834096279097384
1116006820767586
601555632858176
173312326525581
543091848693258
706136765914924
975192780904710
924839922303458
735072115317314
687164194329258
695813808690425
684897952589217
274690482405471
863084760304653
1103174230238829
125420804934503
563515870580358
503683518585243
352554320350151
109965938692521
341324570591167
267796324605424
305729896077915
36426275190767
625559761048203
20915422810735
360677932930019
6654735033446
845810496866263
270323452162353
972362048576624
993224852151756
331330209286153
921401193086003
322309263615854
387722896843969
541717360909240
342025757190305
45444818351358
376255148320942
26627821798026
106511691959304
311309241074433
970059015377322
310795099872575
743670512390528
152358127816578
708392483465467
307005240711849
188433582078910
594111553230119
1027924468822048
641218014892646
371345545132814
703273270669150
978231312164812
116120788461098
221717765142973
463444830965038
683747233218214
675481652904729
718728997013263
689762225483606
66978599208791
46515662844252
446042207255775
1104581425056529
837049633576646
407419656633683
25399616396505
346500751290689
89959421211361
999414689521093
240836920994939
558621273564300
144244339964142
641902373060473
935449971361200
657310285389312
758609053212202
30085984463684
457544518830248
413817383109859
218741339333159
780729233289351
823080177198752
556761719412689
590536930981296
261133954729456
320299680658965
264267613199214
446804316595068
292457384018545
309965314896968
908952860715026
249474365681801
22595250306411
329231213469612
304811610459641
702686176594513
522515803860822
588747173636719
1112073203497602
159383680958873
5541821918145
274514334645215
21816020305230
181545934846285
186409891359749
937628593732109
596907929999567
96953909101115
577298698346374
565115289244572
827042650808165
1083040642099764
186455461629897
1004591790652249
557745621899301
251742896897209
999215187421236
734042512361099
453164902277232
444125889064907
205822263042679
294276884783884
614393746780571
393519955862346
504088814557182
358024694409920
490812145824610
363415212208105
775419663051065
473354721326824
442326378113758
27571506671300
539930385352507
638800072958749
1078320516536227
17757812788863
822030534945064
252662550983644
213350281878318
676743690575319
45503517727314
342527635542041
436140259290593
838759079881560
209872394747531
280033858876689
418464930339195
406487715949610
528957511216907
666799902470311
735031752590248
429174383590728
980104110808315
73915426824412
23734961456252
921238330660738
755727756941987
1111740639958343
338780154795672
1031424830137295
911028252794083
897273133252297
235013703730678
822975579583938
925034174914248
634370321406003
523168034064107
488447687094466
528550391723111
305799906446952
706942553283467
255641637110421
702478436814920
477459702022523
777260680247504
214071135443922
223330009164477
640014152757656
909772165787983
273893328946888
370411047060071
291640167022654
671908473946179
274629239987583
717645991143761
308382254339942
873625407474417
119910822982858
778501661856795
558447817816796
77245486175304
687763685511633
291494626624195
653022473492242
101863110324726
559263025613391
422122228155283
174886291512747
770320769134562
101711138759781
113201170501365
778332190230783
712397316134780
1015586965023846
1035639599293760
968072153156600
787286590550710
238435088229662
96679057043719
578942739742871
585594452409528
1008926282608700
972823480796536
664501189930758
833851020543471
563337444121851
803551311335514
1039604423018784
619780990300611
584592480404729
1029859172589283
186625731771407
699988840824145
189310427111872
277385111572410
284622011832181
105265718531626
840583983512708
909274377520256
782436019513424
518433760309067
199853418044275
167978988893306
704190280248994
1086456896711834
57029206050352
508318854388499
654204323819728
944882399855708
433379737416790
506353463778296
97835185731027
691617122797310
460904216276271
412384263054863
149642457644976
297448974347803
877988342456156
745471132951748
697554404558940
862895062030180
661657689756275
434430617258401
366418733612619
840883257879146
905369223916497
1081791968525265
345158980583251
890102977858756
642359437072399
11579193335661
364738946999155
284926918708251
853882109383204
847786146107610
141741439501652
600505462618887
109099789183211
203672779976285
311603023783780
665315634918670
603873632469369
414143547410151
220381428198796
659119244101447
64494358170105
743179160491748
49322913669687
237257311660380
513126948102448
1077373927308187
1049109756613985
425084744328599
413486703785360
536040691627299
1065959406090924
237931127010115
880822104551059
13686780179011
544238225444379
141550406347830
342124176767728
567642127313921
1041997647014196
904555434188491
822275949341600
700557066157290
356799481150009
683693286955298
871470927175096
617263397548917
488939382222754
764335804320685
139077173553952
884781942242094
503381083286951
921523680049656
866712888908563
308291037208156
377650953911362
757877893049619
958908310248781
162332126386038
257655701636194
871783448942472
816531341674648
74143280024434
171928218464860
104804447381294
637812461354231
1022659023451262
461166385635597
764567082507913
752267708335709
420976864979275
120865560862981
434851907046647
602961925026469
281048896255595
333134215870116
1020103729625806
852305139829140
608168873221428
106582297488565
580785426388840
1087824704835669
763631657283721
1069943591455095
205956305162860
501953077032524
375922299628451
679602780768656
929928628738638
968018355510437
630075871910928
1078585964057737
56892033637082
566631717522921
36962738149211
8298278460389
933145897872286
942690306435514
1055343940113911
328955605861251
234037458150583
934729088001039
4412236687515
1010215146046458
764898870356130
659097392873350
487965130877119
121641101441021
420822198129828
232094439024087
53487133817667
444643795258472
981829740698008
267122495608188
332313360854292
963018695308799
905742428890569
342776150236101
1067417345766841
1065790932682130
683868167036041
423586238855017
299870071352536
661305097395666
155039210965813
745648843696925
834707157574416
748724253391385
874021535651589
405610820143674
907727174156505
526228166370457
290316356807918
563679621202647
1092228410721641
839628171017418
1013370525463544
1088133391049415
598182925764028
909603519292055
961626505300207
605314317484352
168230948726198
588279054072216
1115244497116651
61463742339337
235226075874475
881708330057857
869944524469145
209595290135002
19310693381456
84793798282425
498367322390966
346224772034761
773410799894933
494256214924991
50177386606971
1055322068363021
444302015033153
524908326463075
777916924157968
707793622536588
822028691185474
1061073525447670
728692656593262
282994898522637
43701897559480
777045629732994
969889388996928
253849229002777
629565721692749
31915232496038
935165322183082
715048407882538
826496855272451
349056120456493
611654364511476
675990299759115
629860856232645
463188530806715
572910964730099
57605360195685
866821501465522
170292030222638
92185100098384
987524319485977
212428364087008
918205656356399
5071372710591
1076445955678086
386787254975609
217100420102388
312685551978209
563622844213617
1081300672331088
785361394695773
334948465160295
1123995366149975
432895217442816
243597334974832
454898358212929
212180884862613
1056733264952296
299958746861689
106670484306060
499249048513245
659972695319018
135164130430624
24396842645966
247145488599801
1102705372665701
577296643574191
792208158232860
226762987923565
555070120942000
269650945078610
144193318434327
155722413721725
686222985133467
434468805563544
59226567219232
48822270775774
829164500036123
147432342664752
751034620143815
366218644191107
728255932480599
259201172246801
230348075312638
204984043322408
302625102542632
129800145230601
546769286642378
84696800297285
1022334222590889
225972056901653
57225937391601
860429385667691
842878315250498
135476203441947
478937823200791
807157483153892
989014809983874
553847113094591
233840899989363
941403180795193
881200152173643
894824743392750
54003774916002
744511425668796
321304338230692
840813757932992
783864568147228
54468308543592
19233584863358
764138100107973
323645849767019
224367625586838
995608015515796
7408737258158
925035182148113
1094920697630923
159294081429750
677874497894825
915247336076450
961335092572015
280799873985925
38650621836134
891035925517111
402004868821766
566422452774527
641189087448526
224458706768045
686529482079
372286512474407
331072470463402
432721282786831
46779021112384
384740640639482
491845565564765
1018662698262340
545812162204165
1028264992540445
790066476299368
757695233054488
898624622124609
698967961211199
1109147311730639
639030038695968
1098585566391503
843079204955298
811556083762482
1047452307111042
127302917373964
721508018346897
773011711815016
637675865950997
858741602771513
407484491344868
510109033790640
815210698746596
1105161113812380
526547100649132
1095107470181673
870643184550833
689571479272158
316472099142510
1036737890472919
40783839885672
82315056490429
125414017320867
988843395920612
440992209675965
508229975523440
100005217771056
1046665435091778
1065475915870133
267528123427705
1105994980585891
990336121102647
1075772376648882
994480527899609
195583075751390
529040215228816
7673256912585
344020039991359
136935628977770
246745687084953
884792639678406
702565579574259
293929186824195
621817493347098
242626513115313
553668071666564
567390119943036
1081308405254667
1063820556976817
934410265346538
484970096069858
473067483184896
333742190591320
981906074882636
414560850752930
251592706809148
1018535098325149
135435779264080
309575095995919
471093992070827
229746798819227
161711548595333
466315477735257
433115843295431
194570264634256
663148078120686
469505440912934
790185188608795
356913494741239
144109916432869
245679156109262
689652745026090
261664808341393
251895661907151
734042114000261
921245063222035
1026553627867979
826604847855743
64305897518347
391853197551059
960614732408541
659022772515815
845048319360950
44732621135997
836080310257999
259353356455613
1064479450656306
1112178733261099
1119723474974311
774398924798381
705031823690027
695013033873387
241344360950249
867993703999229
757062484830079
48933640866829
752436712017474
422250102022617
517525575871774
376366057985743
774388750348128
301407230492201
1016332057145030
385264632044512
293956046962422
253557397512927
1125137631869105
27261867547374
306665071618961
1102605177595934
167326367316454
325457560003721
475128795413848
356285410262897
1068526810757986
673773750888893
1112997914473366
800187994624106
975079709077792
182855278437848
602843521363658
991327179031473
876715220167163
438932838139473
472600776244297
244772775292220
787873674308012
277753995847853
223874502906501
320261243084770
1049747477923687
49591471803617
849447276342105
810139903313057
1067340338313551
475195538032550
153830876969362
24849912469698
551427608666815
634247213463213
624162631096760
444099753956050
485054344094301
749406652260737
775912953040967
992405522806479
1078814037533503
396899325487658
725813685339267
594402458495173
372303280177833
875167790151706
139606718912946
73739903960165
139603114027098
56704895698004
479072339834609
1054543774937287
70748949405304
448068371869538
283773579897684
14575013026133
366773614090559
1041590602654688
55369681307029
517857632388496
593009204015344
961206210975447
65973910375928
616435389301680
267857049170010
126548187152771
1069393673645041
315116818085009
627187085591081
337638596086175
483488226860644
669491855494544
767366937448012
1123378074146262
1097116843685165
531781030178406
98034601154048
961828638748544
137310306830170
677851998981332
752275063649728
250105758742488
210929085409731
730941247046979
242525180503375
957528275407014
325090644433749
45568620149951
971231662027663
580679943831935
458564086620420
249823563902059
1078384023726972
202493606260579
60434181971838
956346768374961
348866267628297
128938431314793
592583355517679
428179716573047
652978913771691
16124605857465
196015811263324
843104188135375
682634874987539
952970438815559
727524708804971
1007398878168571
101286561537010
1104288036068831
1070121127986324
145950439206846
773715253150914
752811250491708
591120479169457
1125734961686026
46208349828932
316696030662387
135309318891857
928901506737421
953007064432066
1104175559024331
1075740963429647
810222444444738
1079920488721996
116583509948344
1019103904947553
12531053332809
923745553174003
1035539310595410
204268849034062
126356371957125
300125115965497
621267194808670
182969888133010
1038469536616758
736857402579883
345215760123143
940505511242527
434046909169550
598903051809973
907454917792635
701812535945121
391435836376658
255608960167602
1079310341410138
554319752888610
479902171588901
908524004472466
356897684865927
1044451194377157
973830629838638
890587294398910
18192587730390
13623996385611
386122576485554
846418786316125
37470195975017
727332354979214
885272789680733
75786981340343
362684069784528
974846771251487
939944453475173
96137761845013
244667855532085
1003038557450687
879479877414491
438068671551813
28577148618555
999469579037061
113675556744798
194143900555708
1041226496576455
339403635494401
282648221391468
1013767554530182
173645390733022
532118081976835
67344803719523
450184476667649
1100198177516046
214561691229352
447961226546175
306607934148121
639174659519610
130764416990242
958117488325285
172113123100155
507987088383789
1043085677649038
1048178221145016
188427418720811
956464650039185
923858661153796
107904439512000
11809004096461
65117765992196
128625411881784
208677476146759
1006399616568796
355687141271144
855130141154734
395395120559097
895128201636058
763552896404631
126612376495585
888517356960765
1122809768136633
839421153174963
599187265886717
517932944415949
1058425197384959
646271490212688
849189927520588
515542687870768
452703151464628
567354672287664
110078682492329
707123245329132
502250456309942
75014572679794
219472810386076
525015177923754
1033682834975997
311002872779047
658702684714956
551480842004162
892140571727317
456510543227170
443197906805117
875794477925128
392619124722044
48212175120774
992864575412788
14920243683628
892676694498748
572913040737097
850959492378928
1092199110215427
660989358774229
1081391920918946
1004322373052283
349555629488369
564939982701327
474186567938148
96822372436645
189143192572106
83105354825566
589215219082583
318782591237707
1086979736992280
844015051984170
450379706866477
184841869669874
804170058218291
1012348069100946
548042892333030
339578101206944
220480289325672
1109334764712956
738824596484656
1066540898791350
309272973625146
846901673797122
663363351714871
619631762188871
670761480062898
1119051049558100
422273356469367
85412957390049
520346721247529
35648572682412
62667424759819
1010079389613572
287871904585452
276700131770269
797853461272896
439416283026999
323884815681542
464399400185378
363614512000660
978287674718189
386195737251375
996975966271824
947780004633220
835109021362297
994036299412014
791334629669917
14961982851037
959106732693479
700530432796797
600830632855100
641187443024351
1023042760773167
456769214456009
475039702725161
1111983938333932
22910143460931
212186756497229
222319324602868
439498226449009
87202165436370
70661992089696
122454507692644
446277770866922
582612852595515
768221385170324
738134093298069
748640203152423
206583562543993
244113974691435
1088915971960964
366941711263543
311103311229245
964987875960044
737114040795774
568072375639339
729282993938481
596681288902802
918216485775522
459173699261162
977339693874928
484287646178564
245034186986880
804828705719898
90489666189530
528007595252348
701748311825026
961746384533205
911407277539784
247190452985222
31548066702363
485487951534873
1068356684029555
171461538596056
827422600391847
1040989350530832
16040893084039
908629937839122
228584949535074
733036986941434
481068405138814
84311130886038
875689848939471
454289921406890
656039577258277
1109713042173254
315760182162678
694599754548123
388441855201039
386553947193831
112505676533077
320488831747793
984981299841558
412554322278163
551629938266832
903247568808454
407159228085
272487158105722
557518474922012
157500625284320
265440173391290
21921045102031
1023068738898425
171026876890458
106442738752239
835331558832690
980671617389675
917272911449739
897397519793065
63442358092933
334669726615342
240272823175394
951520722993094
272598787149774
679441588893603
184043228607403
149759931322609
824580110694610
342117896205104
560739782464661
196070060755565
130611827913166
997788830692585
378681125740738
200391173231373
770091803953976
575988990749935
1017765072706227
888686514604925
539824566146500
207920758500694
1058426201740435
111465802446456
209827770570213
666878874053492
505014412674831
1096135301766620
524262233720696
1083089354567411
670768038561373
683741126664825
246866231967305
228816162251135
1048831627167193
768415309804272
1034784791120258
144511274456074
835510122178396
83623675806561
177842320176583
555441788431491
524773332408282
417391976317230
713256401826617
153277726497170
453429205331813
303420873376321
701538409375948
704502582762713
955945281531933
216533335819336
305356374734973
482091384242562
900324220123820
83194122450373
478754084054810
449987990154614
474009327968645
546656590140421
747810672842561
34354958854449
922963034241416
726943281037108
445814262960309
176193285974041
578939855354544
601366003366222
554354234898761
747376191823596
699592605749325
1078356767623489
77718025243307
287309031036881
466002240244184
157550710318472
834482157997998
660280095099045
575601934801584
500312527220939
695990338829517
875054157099695
487190718313290
855709361240087
684252267992082
316547633737025
290419398810334
665593609521474
105088372075848
1024368247015321
292838731656946
453415553804648
542894176283673
358853328096452
1031016097858566
1099463381758356
96007343115538
917361025189455
810884231956295
966078024971491
813892602740515
924464545253722
25685223153139
697161680107977
172875308624866
232145317998243
386935962829200
792304967953197
238035539391639
781398357313114
895942578633000
810681131368764
793932559853799
730134356043262
960055881072800
1041730495101762
337666202179112
758632050867998
209777125553487
353785904069444
22558829049233
472568808589683
329063044809709
682242183111806
31437747905155
1082255159554536
862558104591846
335105744494087
979335742778216
1026566294633450
387984368011083
922882025649255
1095713929622142
163311589750099
893314312372464
198251292494523
518915274369993
905199001873563
929476318609052
779829854650695
935040583366865
1108077236970993
603818456187776
764315693062673
992732399412133
1013899160042297
105457720391162
684016495208292
641220143956946
494874568782672
83664782631203
52608032641056
179645288802962
1090492262085756
1084045179313480
526112660983628
785851818278782
477109175388583
1092771464769764
958087042683226
488411036519490
406572692973107
1042195257558528
761408339088451
972546786130984
690213423973340
722523250254250
323816811063639
460568220350565
929661145747772
455664999430774
693464559533347
91882586665826
276591765352496
107642522516835
247818922168466
169526011999089
802641036630131
709461630435554
69545710616933
167637522158985
461961399034156
486475404904428
416414908698171
41567103306714
163527480099977
243853622366284
771597613209815
634288056570827
327779939359857
944896866962951
348511311742707
111717912470282
523107514090242
370387526856128
2480006102346
638982647483203
608942086419931
795573633903483
1088215038912249
582667759964740
170346282563243
1006815580136362
233088901782780
587485573821425
388275768799117
864811731100088
599315375050500
520867552165001
653007226690828
358257705763241
3034076011266
842759405964234
268693748187471
61317742562395
879388756425763
972089120668069
82936072223047
593713164287212
992322988573216
506992262988446
27327150506220
651470718612044
234188497527072
1085148544451065
905818160394070
44123059421022
175977015656984
29981645639561
520504331291494
305042521620234
572367902810555
565638194554424
169838836205676
9186282986239
650716806236384
914661061604311
606665905585520
526312788762228
1067680988286574
168796720503512
145316115098136
462095651646548
888084676767083
569865232936622
1037895327751970
384898159442816
708126616301701
860385718722940
521374939271444
891322491459831
910748433746564
329121764891566
1008990124185303
472075049120054
436080373708460
502422624652963
730757064716744
560988049370944
218005629819541
36631166312992
218602319997298
555722536389318
734419744775114
341312081642786
723509700084109
518100966209212
271825928774436
50760150490329
887195717066457
225064822753252
422325067131136
112245526963543
605194208907564
103077935142636
1026294017769012
591655131947039
601358282074208
151704812237115
1002093563344558
840583488962048
851804137810905
221971086321594
305295331673683
797949050028227
71229228672169
436537992739857
600356114705097
169383954027270
1009565215645294
583452734606803
900045333504154
1100719083657635
56956600096329
4928707796761
926988188844481
28437307931773
127205418977070
380274614055981
115300838548736
26507489228552
828767746511059
58837264888450
526489104970279
1019266544358572
420717351745327
699351081003994
428718089170491
950024541047569
532987903688098
489203365903511
1119832545406965
336154701745977
707653455435015
306429494469612
3833506206969
16393454804108
104930775842027
86383328778577
111203440118175
140828792341903
981497938820150
978602723543609
403407107493731
11401801389544
396617723659908
933891892492597
1050650163436378
1113192795948486
23150657325694
313334107493129
806328183273104
58296682789227
546824056918665
691414559803299
706827138416470
278470050436226
273507007251022
699368796808218
485329045713321
234298981659442
932949280825090
366211063804864
1091846611274478
1105663807485674
111097908651372
602004577725443
906750253469027
824090651684098
1024747024155728
531456308421712
443635426089199
132318005030926
1019443952096115
197817756919311
153444171426387
438584332898367
497809740914783
610869683275663
1101939935379442
221121681764820
173784744473852
212580169155689
279128089588161
507406747072916
699294083901205
30455708809233
296396354209362
363211794263797
963641713932207
1079632080405314
961581319497721
825180770326634
908722736291012
80881016646233
125546791083319
212584883424552
56138028642421
525348328691798
6026963663865
842074317298248
111710976771029
404485677000718
569618191374956
755695300960916
618746054881876
926423749672823
579312837457775
1008393119319728
881234279248885
666321738451712
254287539898591
699742051146360
796629344764855
380578037290698
1088701743091165
129776481550721
1100791635831731
327352087278308
723137821086852
1068719592776707
1018961988912534
154975218452341
677216250486246
232624850344165
677940281755152
469717571699280
836381239337190
343486684574626
138370796688186
491075173813002
77390192291389
452429674239714
568267530359859
1042359459813449
351784538612009
1111355021295300
44616554340536
54836147560795
553676785793074
525910583041657
920691931170701
537715993976822
584891307257036
821637981382555
953775606314038
345611732543466
631797431651495
665807513381095
482282046475849
752243960325932
692466875106009
875266508445061
471295767633324
951462225766146
216954952857973
647366515493807
896869899264800
480013048295464
492745514512613
711326162679177
42166375090655
348214176887713
759282408329006
141195357036192
437968101082225
926106226741304
808964663509974
676767251124502
7383937702239
955739699348021
550371385869262
584910624461363
365373807117423
96701933348599
662060080334507
738765975073438
706776479197097
282391581569451
641886868177494
423701056833756
791871355747189
106484253142438
243447697034872
169204528601529
274908991791820
268059480238272
203273494306522
182631114486221
587967503398811
997025030567362
326411504649853
158420517183843
718255577197422
5542400535713
563993824599158
847923490332268
427177415179481
183939605407801
868992743206380
310535632101011
970971171790932
215138306941751
142683149283171
177945292513698
20032625644613
339905133510928
43630482485328
802401986432633
532552580631839
497542022354893
416894226096483
922014398492836
1026073523091181
542610689180424
190576443172093
974806020078697
413202129851603
311535891853886
311996978354564
154187590419689
906783788977941
999867243530131
386595246192570
3772942926661
294084721336103
228859412748144
806076193699614
133926434768156
342915715628022
125931463851037
924840244677013
473154520257899
351147861327151
802616297680417
1060837925738954
556801825047433
882037992622045
11227426412707
941082157442744
803622258860860
720208659146732
379462176722792
513019523905974
875520019296688
927983106996706
928841931601456
738890083495001
447716169036340
599874177062783
401023257726298
817623787303194
686417758956623
588561303377386
507030876634647
743446961347772
274706090679096
53072546110418
1104718306867785
308756528410643
44528920650182
690271331115398
643521573767337
119605291774196
954159571251449
775085963242961
467711268698257
858142754619993
423450725131403
372569115269096
528369620419778
900645745231635
346297793051092
818028529099230
816366285596257
95729992632057
320340403993388
115801669257687
156975603194290
356133855432411
222948764629117
498318728584820
525730437792216
626364671797010
816423296065180
267106180540535
808743634810403
773283516770728
503259895569506
6217790541887
887953462550043
138482956558984
1063274391894477
89998645824809
69623670462042
677966356238422
1116933641904179
768754480384301
887357163595766
413863628293383
872525039906154
942290546065436
471894961412802
677056789008812
408427252130346
623861942386607
812437893135752
445779842485374
965090492306904
616313417865308
453960631787287
101232843464644
120269467161524
2198381814724
892431710736747
874438137585697
1125059484773079
204249460444841
517685190791992
85902612434538
327611501301519
442235696493291
783294841793046
1056676531970649
53266907902023
121355283036939
747941378263748
95929034147413
18053142229212
348032196239105
108534414675060
1013412522165237
691503383566234
198581400014862
344122576190350
1049606445736952
308216545277884
634409984009369
955873631361116
479764076781044
6386319878339
520603435176621
791596730309001
1030294085311717
698197217982734
87616623843199
1105846667837966
582864456146441
141950966341360
700723078128992
20668430518870
977388491727869
427194786622505
115819156208439
600825269066736
19919719206638
1124574560295193
550977713580074
931082488346067
968293019761644
964957221574764
383902967497163
100008813791405
891979613439598
1106183691703286
853086146820698
569607407456693
231933376545611
110288037880459
709594355093362
500318564903181
458530083163071
227332221470144
780533455135880
426376406875443
1027750510489304
1067929094245589
1109287943208218
830966910021380
217961382797804
114763080228912
477574822024772
312742166685324
926151080983935
479212556119587
754316034143677
848653062277567
204968965884448
1075054401647035
1072749965876697
762529836646994
463196926193959
903886531229703
1080653952182387
302405257072725
554193449363549
170036318502871
1087527732003443
342066262809313
30362912141630
175003382289935
486933542181644
776005042711862
855816256654548
629065480341063
860774026587347
524167202483242
337115170821364
509065782434269
633691195868480
854812644835297
467546500341344
609326295003250
203302078617437
551271727899070
301691556262369
69209305420558
371952651582457
990001570356274
766117786651874
138484279232727
987980532295771
119178419118326
349623148190664
170911209034776
1123929484880162
825673151800912
1065622457459554
363210648188830
170662042114380
18051310993485
1007090989693429
319493416107497
855665815019023
581659607820220
404225599778214
809285272744758
187094135095315
694547123428132
204242266809563
629214236422431
607366021755155
645810742330012
81658986743047
744570201835996
815270311559168
545842871389743
736598838706796
769414257382963
703709539112204
833314623434031
704852690245857
1078804879340786
249219003088264
262185554330117
404142017522818
803548453755680
836349797008318
517661823475987
914889167284601
427013537781452
226117832554555
1122412645957779
609679722810250
543034082808058
970383942914751
762671242728141
334725262057291
382528075125136
1114472743563853
884549901520789
48349270343350
292488570493724
16495382747597
955134463840347
714481245715927
1116107259338140
135051671211258
684479891889676
464821319613124
870217990256373
797803976667251
548134500416474
319940830197263
10862183458946
487862596325683
849510971291016
1100449025678276
937306005593519
84501417968692
986663288116587
56894592427420
306492385224536
1022221809132203
501113009366064
176660537728670
572289984302523
776571917432132
528670406852577
737218535535135
905100227325442
690473441112339
845755041401610
121695748130704
997499587887982
559028189430380
453846997602082
787885768802598
89104414465523
787801932688473
866393293696307
513249817606339
155525568528034
62339761951825
520144541362861
544978492437253
59007931668320
457892770870326
572924150372353
90096552865627
940281116455233
129359358041327
682286644978081
239645929227191
317926250723148
61910727317020
1114377302989394
404887914604100
715370155648819
781950938534242
590256581840163
722193128331254
277734367417633
920631155979110
219662413086764
917592551939107
1004592978084550
676948619458617
252300924428119
864722189368418
121794002415473
779825407905228
772810097659546
509545952702526
107014937585000
738920868645212
601009948024992
629966325736904
190458698810657
547570822952496
876922346475852
718355043541390
1101973158046399
608544326395388
583478245776267
624517453012412
1052690009693367
791701748052467
736931518985789
189858281375575
1026464330734208
9594416224945
1024168789586612
176740702465181
584059387850618
146813198637311
681947050143904
126486696614609
487340694233007
341936970075214
607935137915892
538411060196309
684954958392439
981720534027952
25865429115075
250751491397736
651950881347533
907728641718656
578480118791434
964552995027429
353958162450995
659234797678996
645231349823399
897191630522472
939837387932888
661746208894596
69353624054615
152735929802686
694221714318308
635115809196550
440645983006615
517954938982241
17097625338119
337867685929650
323311624925212
877387113260627
604220984458399
144777467185521
394596491409896
871805894541028
730328464279439
684232398987767
126075849972295
283278993609067
561301018584776
166964246014382
28740762903799
171470518938308
6799063975209
1009754584535526
623581948304976
371538037837394
1015437591771272
251726357815073
166067488539842
153738752924854
905582213995940
416167797758626
128707772215101
235775919793439
379812866556444
89801473059151
538953469076182
64152140956842
478613037471966
534971838648225
608310743965498
796935976189366
226256257050766
15417879583205
716804731345084
77436032202551
935394173822440
513438048452398
580627351420069
550698666569835
701071106032689
951060433360819
189238090346437
1044736115639133
842039633644459
816532338091282
964915461230999
455358040429732
714066586828601
183725681524345
1089835538506706
5418746901969
538990214618020
1018210374151953
231038154751569
142227169778943
185917635290613
366761006674125
622845916760571
497767596359475
776981380413455
1105399007549688
802179314189692
1124815940385887
820053518520420
449260570409834
192814952896641
336963816750041
999432149807914
785156113293237
98470434029237
84531733200615
946998520958689
852161975965386
235178164631188
677407585161967
452623622922576
225229218161235
814327059690514
325921240247879
921817815713377
186042127671552
432507874925554
1025992580601002
924318516682144
671686592885830
368988486960404
422491219990618
591867859649906
315141351176710
818020693612028
308574434351528
782379071595629
804389737077283
958932819356504
927766784034744
72079756609004
7874766849941
86926931400298
246806502275791
978652773636900
1071144799826105
495997427991610
4208792302658
91413358079410
171703900412505
221048131784474
4239279135945
1053073744037908
1029152056506689
23832143144331
861095339235587
95764845406399
30813851080735
150741431804301
978001794506911
20148325166146
460955609213036
942066585825979
97722283875869
1029093798951725
496173280042619
503820960463385
551569910503213
186014707351987
625715912383505
446084259835977
623492440936198
498688169619918
238473287844021
669503273489461
580197100129158
404533117417502
238351547378305
836831259016316
987372391289660
700987749073295
1027701289294301
498668188891318
347351325690488
1116466514645318
340168224087237
642710774269090
120458203814705
663013108352439
564912056695804
55183597885528
118994337191228
576899216551265
720210118364963
1072322860163543
196700947301814
462360166261447
1085288641187116
762236507639868
333182233373176
1090191846287123
553573163377666
45728593973314
709311619833132
526840784805521
280200946656786
13001678194081
264611603256209
263500296131595
454264853085356
599473683015174
1118413393553388
202200646055565
596064054849752
14894892144463
401918572675551
677680360272705
1069564793748499
1016624087512266
760013737505785
785107225347529
7082317892103
753329022201043
965123397750766
635189365874190
910588267183059
892149525627894
744517652332274
844806128538669
420648738970126
654291358352576
1009394492771097
156844780109060
1020416495206816
98509005270846
114178342750545
529896360250941
54390131136897
233281956416859
66702762867606
484534899803415
4569715217697
112809124298173
511869925187959
392861505068156
890418056449260
1123594058047841
727094636773761
601276753163905
219475727708864
120968450101414
733533107303419
108149864981172
253108533213683
823656997147966
184492605344954
682356711829575
501834454063576
1071533836146545
879741921845174
633194852348863
757637928733274
1099598140592655
319503774957625
941604476812042
385620564646009
21008848132549
240013170191869
43916418474566
526968814379639
220315273785801
918372021783994
605750213652334
1101531513562867
813660727598749
330505397530335
737514781569954
705990234872630
868842111370333
422164129447237
960411967425165
209582674275806
627018196695317
253301500437194
284409685892460
452680482451463
432556235585260
752865788016852
1046142813505302
39392297320584
1026001975253253
869081933126888
265509606542269
400879978961108
351279394445161
268771132374624
269622664674418
334747314725386
1080826041825342
77846799073842
85862472736283
895165360317761
985511670380587
250485447663934
892368945851111
685904210424862
223216744528467
1066059817585960
240776534986925
241332422783549
778088762458878
272965823840635
714982346580522
949079177663844
38580020025501
794063345313661
997929622634195
654615697334087
288964325210063
99858310634288
190165161662456
1070888527094937
257481047308290
505722193700428
604292625130400
1017626995075456
669918690959635
75822706207746
181799395075589
1055085594639769
660196859766957
718713743319243
1106564066562770
834662504235943
921220304693544
1122994785643910
781550928470887
374324784011318
238510515054026
519259703612895
805012604352175
528470341882176
1082529954635211
1098244305279536
627729811482569
610151588050316
892866685442833
322153830963356
507834169484318
108994484332665
362884098086238
399819482669636
480670567639704
1057252331455470
374557092189984
880880785081618
624487643092492
993553118635604
320539247076529
394663565622975
87839692658459
901411110389706
1041440593819013
341905478733669
898355634362256
265121606826386
760341342799916
897748015721384
1023387478444496
480193795140666
936489752591968
181452457116939
575790152986888
345320992197719
684722250054125
1043287574781866
699913595391421
299765508429592
1088931718135440
516155606234284
115745502246425
952217022461689
436275759915634
565385289390374
657466062724928
1058978850596152
762445193397549
878010593755593
363072895695930
506040252473399
324057065783147
1003667988130121
689029914289653
74481811909230
843568555856860
446683799806424
668298704679280
337253275042881
840684364615608
224235004427962
1003055545566035
1096911131092872
807104662171308
390088088682964
14706940871128
507457752860582
912292286633358
863949875029192
825428164955088
818993535111919
983916252897052
626017902066842
834142402575038
1068575427851760
907931099126232
488873126630483
248379531797041
872553636070392
636653063429290
93351997281646
29661411412132
679551906300774
1002173049566189
697949006546365
359437438238431
846056009571453
931992925635009
207514201259719
617550921199022
858609251361104
438205606497295
307836714436553
107001090353076
834298542225715
883668660497435
339475528718922
868183426498289
624201109013840
680490883194297
116235410585837
1050678225466049
646825727982361
342921798724091
453236053194601
1090499179004160
399434436907534
477997620262231
742310352052058
213698433095512
114494270210217
620331276194419
888348475470653
1035414119652706
950499359500934
504607303086915
189901169737284
633964495742826
1020948451293
942786239612091
115353707413362
212862002509366
877189784304549
679409817906293
865571404334708
31822260802438
877070676717927
693564242610240
809031701070883
858568034661403
648139653481823
136051423140404
1110163704742079
262190702214016
1031008842440691
642592819500804
1021122288473944
242097969714666
217807247511333
5767543463517
536725210262420
363364454729259
906788912159055
800344693522630
883653936191278
83825093153369
523302600858755
1104097998061356
2577005087042
307591558511512
29486513012383
222396871553837
547766266751152
747475143847262
90458349241440
979251059888762
630094046159586
256080319340321
56707668868701
407771051365935
765167162756849
863338159564802
60473599336799
623226660125978
974440783705842
442556658769739
38387698930636
690884850302588
887165527873995
36698815210116
321716380771038
1085025600643853
809901224300875
1123168404095634
290173301204931
279765137914494
645451582367317
493181011629221
185795799509325
898702134283152
622275125822583
141115123367027
242469848197470
132613563949650
56622028469909
1025384399032022
624740934013355
932672730540599
410856131262887
311758672153996
642292655440811
329702741961457
166457978078036
799845793514139
17273952636240
316360234039936
1006130266349801
195014195695712
769543589361410
19500522722476
385235236080210
210561918527704
1057567830757406
781585515870326
266789342344180
420519012901417
973666538475649
181001840984647
53514020798157
955257560610251
868926150634103
782532872529076
138621288794237
17570778319988
493810784054378
104071480445295
79438036541254
979721639890037
919390616240020
1040740758455458
119026447366234
59677738925330
132024658719671
207164651360008
487770852379865
314163797293367
489625682352263
601814229685427
1063058350054940
732715952406115
313123070796870
743264336009013
981231775550775
14254924087899
959482582780443
450233493520402
645602911469755
989692785007212
1053137669201199
440140091550764
407813064549683
1073309031450684
449805817463883
1057336889949590
7391800577930
860902097785163
722773993101703
130884511481405
115855508936478
166690234770356
841660823438836
109064742376306
377012055551469
455910493407655
52003578616072
888955052178107
127349782305616
260575104978466
691587072649904
439734462046217
381490838455834
945710824825137
119993503573899
31196231330395
853009917541592
152764057267201
54578642405379
732930749742248
1123796858714773
567869724073318
177289496897041
122016113034639
1002137556768704
493271904620463
661751050110688
637486920679996
257247529146287
239853731045598
377432216383407
73647898748102
325908383621747
674517079513176
498729871143877
728304148679671
1015066945792446
1094236376931118
148951525502999
651608219566574
65115223345238
249355238410778
863987160378834
736208256429087
19883593690741
859138209717780
784995099405729
774105635151524
491595517206921
35003518207687
442003887682914
674368603208253
512108592657910
682150626233352
1005556725115512
120930633890631
126843212944250
1098006429625352
904893791489999
322671576832385
972632239744075
797676658352940
41428659295970
368416677113154
847556712481745
176027963433035
388713560589412
960606743769719
930494532501625
595434579264963
523011895686757
791199729735063
432908064377527
95735494053858
292339216947229
29186001675465
700202351930242
838122827478165
4264688537863
962484852023015
592503149788073
866116329562951
939520068571385
1111579401422496
1031079846648127
135229501961133
521320137414708
111972256679853
865181618272498
26225073185028
271050070356378
1095733355302068
13803423147176
502726026378433
192018789197383
678576098681585
215789446034259
609703924751234
1029087006590721
1115825265876801
958272931086786
528303213152183
596699065790261
511581156646892
473959166816491
673128822141405
54702403149342
273834927540980
120057759154231
432683367348901
502451488511119
921000050922432
445624632558115
954837425639814
851464688750531
1062727928132321
462118146023582
293021041911075
806684449429819
987662080830501
159081278811389
240104572696075
709755026569507
539582144539918
513172137179382
520542366063632
523497349106695
250015924434034
918521466801115
335513934701395
689178408786852
319957037994426
357631470383729
57043655681816
605165693878989
947651604247865
1049881522700814
993530304630493
1079074148153645
358527917368987
640529203554120
533764323217934
815060245272803
1008962757813027
279759142241105
165176359374065
11300064539068
833686845856631
207951193518794
537512397606801
665174403950005
305176591975661
1084096167864008
628715285944158
442267439213059
867134318846270
492918139847227
647662498663701
931111272410852
60649515025678
1065805014826760
158737021506536
751380869313376
195403548084945
843288857609982
674186934435733
33726141227378
290667772825096
1015974817300332
240111842764601
647151793211707
749095295715952
508172997991608
613506385014586
1088015646334579
15190944929293
95392540492745
857322059653417
462032195480922
870990201461593
760752263180770
978573517339764
272599779682005
468767681785899
857926078771945
512590918409124
653634547354746
374272093042676
219186620299501
896425628281380
788724924693858
1120489844817272
1079303578305966
668784346969790
748603962225343
262281904682684
416971949223920
882662755491543
304412361162187
48849041499137
423779912641440
606967197198332
730868820696008
210540925870660
44725485293907
617937759262036
798220127604563
78446441909386
586993672359951
88120972865001
634593679450770
328240132905472
360017660505752
679352306443327
65503009292411
871214795622231
409439095373680
871367380136105
722470568353851
945469940561488
1049403960801999
578856369395855
474768667465407
17285026604003
1089031458433839
1111926213860022
108952205459338
842198171802732
559284596728796
1016631810574150
393986131679618
996476521708038
1107611292522794
21317804846139
410026377809431
857899478662097
396176300405142
816406325070535
514582333105472
971071086862359
283869536268434
1007641947814752
689684310739474
720770576054589
812861161053304
259699027579600
337369496944008
621878052793519
368642814592259
980474201530987
442925158335364
902660430628109
230165683683964
693850874858585
776325569367906
961139291663674
106313316398938
167303617915494
862104999025805
850657276246923
486134887979987
55811318224855
264779927429972
522495534159799
458572572179499
1110284515410339
1019983448471115
858719341991345
29709099154827
764277714581040
982450521193914
206260727532878
1012639929959213
1092311660854276
656189748405279
480420338954211
189877566708995
42112265940267
937482228301522
829663307690415
64183093094648
434821914568614
420997375119750
735999776513724
453906619726467
250078803871070
926863941185706
931449654568885
474208566353911
298063869674782
477030036547869
419280491872459
52368363311299
191168847893837
530043130813218
1043495242505554
692751910441392
182735616191256
272509238370092
323545658861283
1073401369373443
477011501412365
555510728613714
818141711390482
21113138160428
466160850380756
49962398774292
838125330031885
1043626954335422
506010316074613
1009123436764502
55953493566060
789956768394873
392798552021575
212628830989415
410784399607156
502967313757819
9954814580754
469441339320378
493584136890456
97055394606297
271891061135919
212549023556856
80137547039699
535383535116690
268154341167180
833988731812973
995106185968020
501228604486585
470532992288819
296733790780694
716020567805390
1087701966850997
1090196411379513
850803020622782
518353000852107
765928111369057
360432704665363
697397728261932
704230017322735
360072180878787
284421772923376
349803045830594
301653632109249
1102981978629007
736357754388695
739403866715720
597235998627946
108374924166985
300500703089191
338575678791845
227900507275635
574215193659549
260767660970679
950632600499062
338787859993746
665851036473418
1087799360212758
970454796547725
852527797168154
137081362461953
232283779928477
1066737038171251
506255961645045
482916211852962
205451074538808
22382990913283
1106444598051726
1094806267673013
647105838399577
108445747468873
796042970497154
805751919115404
802249513451632
121742957127195
618795234188401
125132105396726
222586992627215
549335163764903
149274936973803
46405631744629
954322793310616
250833637340545
896884196288186
895883612365609
105101791187098
959156208959889
769324392430041
150221231328726
960422965765527
76579754239439
136864306389055
96900296530694
303930777215161
90348603945224
623605709679172
331166962630943
620898973412230
450704079423320
62955054535223
596425535948646
608791355245731
1055060014713456
374554017168324
528394282356308
949100273132687
180248176666947
102804641868864
945749525690688
479908779486109
187587873538829
282223334945409
346418656316024
126071976171498
385607483088314
491569462303407
381976810465038
977947979916098
1099798121861378
1019790625072770
310714502138273
368913438268137
541814374577921
1092059505985493
668375967171232
66322312892070
229433903139002
888566767871359
946714449158408
982169319809510
922478052752429
308993814914638
652715988073591
927141575031508
584219653594334
937763454463919
265121142673668
840700952770359
84149062706773
283679798971546
990575349761079
705216998195842
274573343426398
58780949826358
265110450160335
756299033313178
63223651849087
233749327914169
87101514290425
487022577613603
1068125411163493
387604639844691
930775932093830
87410098578617
34316240628760
257083826131108
28167764725493
310259708029970
769441061093532
232671587954626
715777726459772
8856196381652
333180130999261
459241514492210
847971926059952
665287058368668
297948807744503
856437170304083
780026532486179
1108942852721834
852694229713642
663713921098616
782254659406717
589650192500448
188848587951441
423121409103045
127714309659559
88424993453370
967707864147210
129905159369520
513323220338037
552028065626542
690795928430784
51390328307171
365368978804777
1074846332805760
908850657118374
344167561979286
712701546403685
1080066127970275
325759081394863
123658058581545
701322529287948
464921682475604
186584638778998
109661054442001
475890333286026
1039792924946195
114396864619140
449241853554121
401263319611787
939900662225547
600056001028156
843542958613311
261410545653575
169456799499543
352986582100190
513296000610986
234601999325977
1070217959404790
510585942740950
204336813125046
1040782458744552
803133094479220
64338793377523
388912545415531
872497332526290
17862672776822
883827860868093
109011382369953
444329772177225
49133893269023
908367482254689
163048363802597
163381719685586
342331052634813
707357910549396
15789440138949
284275276904585
169961581939982
266987677948099
1045049263043683
10843021406399
841476820899879
1104383232695222
891059940771862
546197848737548
517439480511246
479858261992844
548896243255751
716547087460760
815259590632639
451873707984814
526287278477452
324456342039126
828492164629616
973662018921072
370187253986512
558751779804779
440963637281049
916914242695091
605442268702100
307874109282803
67292986609578
939667024875245
62605055003185
356693788901623
43645927929477
993114267894299
406438102862525
492116674629175
664011787537184
526680544711567
319722710263199
657121950341191
566900866418173
342479400974731
266726716868264
642914558637126
924761245577389
87084887846088
651813347365334
148181214402617
353558839050954
600694477354723
728454498888146
404795137498113
956634778463616
635391802469068
322916116836176
744925433646908
762864547229129
264498720282388
609048280053007
382421804222030
696824280082191
689713112535234
683459752449122
761640324753184
22087447078592
910798556192497
389044511921171
681633105842393
872480274619494
992370221985769
575234911318555
762361907597564
217107532435499
129786838038638
704815263542449
633276653754261
276773274630960
497962421834099
823839330464880
756670659710614
733148318989899
958975414691193
695838575016261
680454771371251
910198333640897
1114496607494580
375546135652420
1116038943045140
598685351106467
498051313819586
817367125015030
17820200961714
880325567728636
6108792132493
367926141391186
684037354224330
873033359862652
736195234932870
967476108124274
505260537957061
640134284916315
41529502541810
710343476213833
360971592960359
748890192465135
55168178366353
876793085436148
259825478314539
856912635535859
908693727856982
374770757209392
690560001528530
723093914129407
660603924064901
707426377552868
345227353296352
453542535108116
626339670016865
567695770113889
21305659759405
795289776297528
734147297553418
668187716383647
548012791372158
781195215415831
270563287762653
884018621873252
1076472692809414
10465927189617
901576251132411
98739010147747
458548908218303
516089525741017
1021991761096776
548657240928231
65688890145621
558415336970498
903998146721890
561968077507482
1004231201938677
680081663046587
25251259332298
992936022903123
570609155169974
16018707962287
394060845944714
648092010246173
717189202727029
594719805600228
925292399222999
25833629093228
569599141416134
965425718622048
608371123973620
820670645537542
100357992008471
269393833775402
478381849327209
468022055739347
152097686000798
149509159299961
998007822295338
490208005428499
659003786497535
2253144311585
415997547990263
899630293993387
369007065818113
397745617146567
142834966937143
504812347421630
705967941165947
86375118053243
370135442747365
341328045441735
72637337709518
643100580743329
725585875029472
83054150627360
369140504291396
1089413080446526
126684582283730
744975267421610
881707147260998
445872539945053
684082052201352
463978944730855
598683099605903
963547137599911
553176332223055
48765807506753
791444352877390
842472083950292
388068513141670
69080236052218
55199833525380
368231657120151
246140302993411
760903155247716
175332525589845
352411095225777
382031810852333
750944209996378
854330209351923
748756633921424
973133884031417
1002665553555856
1021784514011450
786213530274395
722010030489785
1080952733987071
203360976795316
370024762114207
735902989054240
1084995665983779
464965209368480
444845608706079
88219298660737
743861807461329
488588247602499
726381564563900
261604945286144
247508982240542
1089117661120124
114251442561659
70140869941246
703399392019358
1120582142012624
130936172774016
317943975311860
716020503727084
77857706091893
1098313838672136
484706438883212
197865788672118
641122456547932
417910456015407
970555338065495
931823595108535
78785018591422
150067687966849
556634448731368
179365458698633
707496951838673
324140905154777
101753080201828
576323620444770
526597511490496
1053575663197388
907398499941890
324512286569427
497421434440806
94617790342053
996390248083510
3359688891851
102795800069439
384741528604009
146460633347176
992415156105529
245967465500644
622783967535879
787920461521339
991178203406758
1028353207398894
6390127799801
658296161322417
556327497926018
111277407847893
138141993645228
439910728033893
193203848569377
592125786758191
261828086222704
801288474419483
985226090778360
948454457475013
861820758853572
426109082586376
754349806775790
274577812923642
105525227600094
451241193198102
675206749768498
414772497845080
631190750270172
9092056100565
255796249112304
583089478188281
277619255971363
608130936754356
800699536212854
298231637407231
675828518928339
975560355863048
12427147229967
228637242591681
254765352154227
327484696728796
554367358219384
319267638868777
560186567073067
362460767014257
156302289671358
987906826706841
28184159045365
70415005773164
683302905539424
1062919813213146
326997869413677
128217546392160
149762233217001
378076548930755
1105891041225113
716822803838701
1024102330106485
959170078087168
260594169826896
483806264309540
882883555847265
563117826519104
416861625058538
909177035627837
519235184335320
280968955145544
825494912771880
102778127255241
594096763735361
739872355466745
779419903810578
692516276791986
163417887285999
1096881965480342
430856390829312
723553815925414
986132133876398
1002628907462964
744986074861216
20815024349467
658784936085893
323353225816646
214981647355614
243051811020047
909154492896364
668013684673832
991242390475437
388768318409485
728358051032804
892780147026470
807908207044883
569572307090224
370078556365829
784770553051338
397598811125182
1095306841786520
690157264671819
230778430296118
435602302093359
399188479774239
148241572052938
508555311579486
716681658362895
40239162246483
811769992843485
274077602672230
1071701679380656
312403670624970
610980131382760
736651536059229
313325659877990
424041058774226
502704790485416
960330361051118
1122347308253596
722991243923958
986983918469743
986814652957932
747958870587514
176289575509420
884714142821159
191134591131815
966044636813386
157325624845433
347681033385776
352320773911188
714630498641037
425311005269140
680411636558610
1017186197213519
567723177883101
49674292452427
849917228632831
1038169495708579
948762885909114
1102348063627913
1048562529913843
170222469585503
294051861113787
332936361614209
144188246884015
949408393765748
118941166522750
56042189844704
805261421242107
690317476342190
130187277052470
918236319547729
96973247907661
1000149383045098
8954546142603
779165433943172
896734557897784
452819462085220
403027648040000
660179174871998
608384926668527
1117498131508374
359773462442602
642128196326769
236827976722278
1045575567024030
1072724667971661
1017779798664464
669241357084106
1093438668191387
325403668025323
699805503298024
1038102926081052
621843278280067
687557043945918
1073354542576506
467115515916613
769559538264749
476733215827255
901022689063327
103748386723482
628464375638689
373950471146107
902336377488170
978784070355957
788023268880114
769462624627964
1096226771365657
960793681293702
263618958587842
1039835609592473
426363021327950
997244820968485
696843587683809
262893338553769
828130457500134
728245732342729
718418014174638
554744982459141
1077432221669116
334939630871916
639139184036844
7692414387790
1110619203571966
452565295217090
145379536501421
407536148579874
1019979521445462
394662316546384
753963367428505
551556958302955
644007506343025
476639828977117
1023255243164680
887288044740923
392398255219629
1060409105900330
590462884976041
1095901753056281
526405305477575
543116532295253
179555586213423
846059036475250
881244445388012
1018745783024379
894475690038986
941168605758149
825870037255440
203092460614985
575083220765843
330467698258283
297747092586783
14873572515540
779888160288494
890467811361391
1122252204854217
719226461280246
130778028175098
831188959860169
18153693174835
342192168042353
845565104899980
814042279305992
215717126146902
517039969240807
1111589342496852
843141587648489
813455752940280
164905426563105
46839509677663
473238352088767
407286848246736
254821844475293
64740460912340
279463131063457
1123587727376014
643592312931274
475858343905415
640527369652840
1028783344141650
732507419767060
395944117304370
161236464115128
156409865190623
88518856072510
294504887783897
303455737177269
369487714605161
407279924927948
353806416489464
431682396239382
656134280578729
168740158757718
391673745533272
281943684209481
87605060244581
208697291224301
917230927845367
1032682394179912
1093822193768171
205479073764637
800580787374707
1106437022016766
80633404893629
559714097629693
1040890675313294
549317493362974
1051510684992915
999418156278788
292578397871898
168356809304723
438150703024204
415030805557768
1007507802290529
749406023179741
433704449486965
1060058448495147
664507228875045
1073929952060194
333169640011737
1105852816026319
963984227310699
917317697050800
716175009015682
135173673625040
995146277653043
927931281382197
838473034358118
983985272796024
628739257355327
571940616735726
592854274786476
801300822266434
368624465405106
654732336867879
910227816295510
44408269464312
628725594593160
86031008913346
213170792811285
54951741800317
1040839797705984
186749688714295
646286433761922
1006907527888509
159903548984837
737326041115021
523899971210657
532982225221770
936105958741763
633742957025101
135883966490173
587733660207539
929275495865099
883661872377710
853809098737728
154038946882062
590192023190639
1039661837608704
1056176698019797
614913881956227
2331038197044
234467946755811
596060567148449
344388122644000
84061184323564
608206311288705
941511430931139
480995742609560
518458599535076
987987955655495
819460988908729
753824712333231
89899292462359
179961950031878
658633628529305
639322346192152
1012661382432284
807894545360181
581688737603191
600889242059588
872740848089980
510453205362663
692276070640093
437643617020839
1001928564695713
1090803894705136
165751139883971
863750307641381
813941539488075
908090600553672
319828477458169
269514977610909
186510273137672
1052093994354614
518706272404644
478632557954887
336541478319235
730620210119045
846241310952899
28943562271680
542451130374727
324028346892040
456982273825919
372378523958132
1102700671655180
993582797989948
174773320821205
960540948019371
500698318833665
396618842735233
353458551022731
61179955869326
690696367109695
58878083485030
321333152175999
280534209914026
657837605318821
981184535537841
778311344499783
931544404648414
917817485206433
24189201676042
62184422557742
489283390172255
350879664964455
505321257324439
821513809194374
202311627871984
610627544340826
988588654560010
10047039502658
176067059382932
323157796660428
508931209130552
270823376394308
118790364111290
496579214135282
1069598341420610
293390005347943
72727088924910
791471563444128
523501779362139
1035159247454321
906250824714940
444282089986048
798028450606954
260175933150246
252412556365215
110360333506338
646488161243261
993441785350736
1099399886841627
184010828524715
1077191367965917
412772880475772
937219751746192
197323894871071
305764344060994
188923483436924
13137585930135
121111049669139
357847353021702
736563438295363
14279784367412
245026026384559
100204200768179
1051189535249037
1108451965678266
131756454422735
868251243964602
520573445276705
464294081013176
387138027287895
616351198603190
623549500401260
595968936794122
759008247391725
988809085284988
716154148422238
18098741403985
878633610000203
435113191653901
707616189167517
802184124728039
176798046629443
421377445864828
151796732181954
798552963955374
402646330352309
141384157723119
967903113621804
436850312754987
572962894559085
736903350820715
760513846357321
79330059958233
628143293849845
475734816935812
1083186708999387
419036768029236
1079829292189451
494651994116302
1095398179478130
564523779644573
544846215118100
656612802192371
486325818450303
850297865394555
698837493583167
45724504602109
223463799802097
399270375264427
1122887696130120
1021537556058140
55373636565332
438342118727544
859048316317812
535221844586919
633031281603665
763566658428486
640435076637480
439364501434887
489953813250240
236200434866619
1011126544235969
159629914201560
237148004155680
489861876304693
185751932582373
442909387375210
383227962654511
1049621415414705
175545774680401
999757396374301
353214169970093
917691434626433
62190460640663
279334838391483
370230092427606
523251629251250
383070584967905
867815735320489
730485925181568
658141172321463
880067554647524
169821936738171
739609529538481
480060219826989
37432307298329
376716923406652
524994418181581
532098959154322
990063298161667
1102695006488659
289318608220135
59134669094112
840940660200009
945001958641121
725617029890508
305454830703449
724313369828888
695378686532069
642262390366913
1102123358190643
775762061139531
1060427849273551
868300213367996
1035185706957433
491395503900291
257623828308130
64442888826970
624496712723599
1117481291054205
481998423651411
77032797013052
957675461693882
387474016502340
990294343188664
581151989821075
917956949135209
894084269013797
991511205991524
1082555549417827
700680663436229
536164960237228
457271400702346
152885711153371
761045154896663
1003101691960076
109276634358038
720644783671854
454339187284630
1120105925806040
42379613856987
129277172187095
285807868687468
954586746788746
92630949745645
1001397676581556
1057214268122552
556602991614590
116314651399861
1118350583150038
509479504460796
268999376847758
473151803945287
992977515542896
438361650546444
420039026704588
618226955602483
448781491212804
895546640281653
298530629393734
879792970276184
640541401718427
348392368705221
357725321051279
250298897941996
122710549474720
226365338617302
778899327808204
28314552680605
262863164897810
880025051244823
292716216438217
596794720758575
293172534768765
154814964144542
702187792415653
47299621977037
446551055703955
897631445878643
680745268249796
673579450086820
576637347397245
12137373348787
10272847372784
529711996204630
621088226985189
649951294715394
888185275571393
21299346228991
577494963104251
200493814560106
834924787632745
322814682083255
651443475513528
607875242602037
977506286224056
217149399254454
373659233370887
1109845733027625
819478722071184
827602656645675
155822983216692
950471895568030
530239570893813
682120426495740
133836512286534
807603777462272
200174366352494
259426438089680
347782196095562
145324926968465
702167890783226
698529158417048
532447930707223
880086458174949
224047305043460
589461738951465
303241303631741
406489874878362
948689855734022
759363765810623
663938216671360
702517718254005
384199797763344
236428024087502
143788647200908
75315737534563
943642247668821
187678011165017
727180086981127
420488287445681
92303453368662
923148314878708
741500584486508
665968415284790
513825045118957
560948299345169
129328187151055
885200511325588
1095194559498511
726127688867473
942703726238641
72239659424726
193376015375730
335013580026945
753712934445068
724137684022331
1083008374984535
1002574111169157
404780407819060
856263792622872
25369575781610
765714762545758
48552528876899
594244273698946
307357995956563
984747047555733
1050077369933161
964919632148842
676954613639793
644070477540078
533203187848426
336373148125576
915408662750305
476815500100830
617893503458739
951069717166784
495924286112173
369620847228384
915682099190040
503370799540062
426404206512810
651223618420768
967196831976947
982398962883533
824557280874483
597921547938150
1063823865429189
729912290353158
872455429379985
73362534858674
730083732727421
508024575346680
998730930155204
47263312605213
849257641129963
980021993932460
898997521260261
839528131115869
52807283447879
221258829115534
827797790413791
86236980002810
451248732696611
558017525127883
332978588389828
108355974935091
868590465010473
226857291770693
170436864406773
1032201890919703
482111224351245
249910646702431
726116485855642
759896402112306
841510829049351
457344731214086
691839341360754
396258931633273
582249586097700
320277579967439
36113756248228
848989378687581
532416264249072
668163038018232
373602630967638
1049146058036031
399551350884686
378503935177681
115253234645378
778846850764746
30065048202638
505293295698549
771512692137531
593447841640022
295823446269406
143424946325371
23063490978713
491710849019146
404130345623144
89397620898397
975593737381646
353811749544921
71261287970114
832155493678492
980286134331976
887570768502861
142730103728588
766244902406257
832908167081561
790007838346650
34283455376426
257934545362618
161980404018391
791464384243293
219898962750455
359460489420799
286250953014206
854828557786770
451528330854654
847388931190002
707159097270408
905605772191972
1037423691616942
179709090683586
933830629170879
456639678105365
810144345459449
781700917651705
816723450289846
304748566215925
772764057190991
8463540000201
336499425614694
451508997133231
480111549290108
211852725038966
832654218400484
197578954243091
85054010477940
842950607217199
192013073645986
237299741216859
573576004578389
246472620904579
587263075110182
647776656653752
840475359276796
227625595186399
623625034653298
546305828097325
211096425251711
667178619985246
539366912233453
642513358208446
662168608356353
372983865264911
314400633211948
1025086759446603
580452839022940
657188092194844
314449821309387
556470082675008
452484776567686
428357631209764
304965761748488
374370047070935
125902183728481
524547658003641
606915943535797
33086637583843
561955396606329
200478940197045
163133432179101
304180673199585
377939817536025
976007606886620
1054150063209593
162612112583002
92587714172097
396830280141920
879304856476317
686484522137303
253882960559808
995783350624106
707920121707496
835794714901123
689347328003848
348420711489264
48034507812961
711332726566712
793438045706176
647133234439467
301299281147472
975731753410746
75230123656223
862102936049327
26843688746250
726837074985073
570619317262468
217071840108699
906051658012656
123796753752213
69024764632670
407473709831602
93373219442491
741069354706425
1039498007046594
1001095579687504
206130577146056
547972921390722
590651303061163
698041363100637
527240795316631
346781190831409
945988541693399
746027780699611
1089146677443533
637163308456675
441964881861618
813426806122100
190370631738051
675787655037195
818865201865667
514312286472182
675086015958424
418020186085391
251047962680915
634779647505164
715891187888385
370713692584427
677295559864610
23671610821456
203093778900353
128194957242234
856490411604418
26341978228096
793759412570854
479245275058577
292317718744194
103870642959108
99811363683055
776136505971058
127779895154631
277632027475488
58519410421780
13026911929357
793392676945607
39077509636292
428565021372229
592131165099701
658138866782449
875752462298486
221378459092245
1033839023604752
837671397454808
834945899493414
224829950362490
186437931348457
503687353310547
376983723796616
1012736680893801
10187401260420
950657991187645
1005255975438099
444452075337656
846412386619098
1006634195997222
72049571279671
796055545350976
381564711520474
1106094597522392
33006865394824
221268861246536
1053722270440707
90477351140667
776357905899345
1055187021608857
684487996041757
1076055296769972
391864236415035
100569403504886
141769952655220
288120979575352
454995896915623
471419371457328
1068183554312898
6838799415320
527617690823206
449600048639241
918833814731014
459166298525365
154689816000964
357760678562006
450608723222499
541270774167071
331945680606287
636672704726381
37543211245192
338343679143688
297734301857567
299417896433307
416060255800248
100413305212662
999869877774892
168757330378634
786312555811768
943399734962627
1101423139141856
88507616221356
567835323320298
208352828021637
281257409296059
132891814543218
476147218026147
187635408076691
320133683752447
323428578717246
1013465259286480
357306888461030
19049205111306
255399894033730
688631976626333
799209258746060
966187085364789
512146505235891
966342960007583
725094482125731
288889143718997
764699963589938
489864811647299
1041020994947092
308947030736219
965749039171712
614391296223774
993619176675322
1104778729868529
1114597022391314
96488178376135
1027556796684774
413339276720424
236487425713919
715878638469525
462211478178915
1061807172763337
748064539437763
576257840391872
92330202330255
456220371129446
909291761620387
231890388788329
149827180534181
433909673280380
624246567047821
648046668819503
845781476836370
269909735088341
804385457990554
585039670845281
40347211667742
961690336052498
845580191892849
940738036551417
1059977304012216
390802952375628
1004314392682511
680261667426896
155407836314802
872294239505577
790168202940209
43491990807784
64032235060948
159005539208027
298753125529496
741544193663252
250795093810361
767250718178524
572856020814735
689172480373410
778864126039907
531525243531425
812748656867373
1081373625936458
410242552189911
837347038655206
698777977646305
643699689002501
670296707861025
75383115110797
868881414374778
309174814591137
1078549463075210
878602305479192
682425083019581
722793074408400
754617304295994
338660318557860
358497251000173
710305075610699
256466357939266
1058140774337049
713129269557546
502673295540246
859419721244052
907694840066994
1094638249879967
400325661111713
758225347852405
988702304873014
940085633104172
595501242565177
147668079782342
74589841012708
536106519880613
202677497944700
189767701695115
987521518842216
142565834696850
275154001941595
857498965603923
705162253264541
1091262167665338
513630678795313
998460086624797
752711855952078
535024966665020
817616079433721
1024856017484022
828027210167855
12641249640987
304202817503475
605286933265969
256196087917907
866769730911144
332766304675391
429512044527998
20924231422326
71172684625216
192552255485559
35246278400564
36334023330009
365007888153534
864809674892589
5150008639881
578828576209071
682098991806957
1053624859957916
392489761080944
187039562130760
789770325109921
859110115799016
696306468164668
1057296356477984
945950635893416
119781531311825
1009905606562257
415102478025868
160590587952082
555673063417028
895219227237089
901863212513066
466877813177684
129185589768604
28734598157737
64850173971383
802730421013354
714855784752513
846370665287682
872323300532911
632054722263685
154343710412946
430809872346729
996281580168554
744964928912556
267382513943540
783605333144567
116723135189985
975914052118878
1080362777988854
1766299825795
151311971408765
938099261767516
1043160785165300
415810474133789
929180742289532
1074143485458978
387268411477553
176508328307879
480723258358398
42252765359488
127829651417869
351530439165103
3855684877073
178630043199219
16170627713327
232193465837646
520280809790957
108984548716771
420360410061404
118535706281353
103923606198366
521583521852158
924490462980742
5592989522950
561059540351109
1022047749033921
413590040496570
932001331526117
210603729076317
694241161940258
104114331332659
887202457157902
773355866591530
702745858764915
458544325688372
585404666413927
196654145840549
897498795802190
504417855308317
264997250592487
805477170489682
736442097275538
562899112699069
162741158328805
937753804865558
707285318444183
864730130492717
734694120836407
722596803250515
834241742110733
629929969429261
912318756591928
596005248218107
1043080013447139
227410728990291
870962096287834
394529687682624
669825348949732
311652112683581
1015298141420736
211706930132386
546616387089214
364156194590310
263925513511306
364165585442934
52568000505902
1012780482322696
956232559282685
86531364211108
878203139887465
105308879651520
606492289880304
623452373757781
759609960697991
57257845249612
34169659287768
676611105320497
1064572439415243
366651329691464
1006815277290511
633343554350332
890686733206633
728334646895504
986288215205875
818348563013313
81640530576318
204364904011953
600309164832174
837922033287805
489998256668408
887360720520399
484007475118771
958202397004766
118591403725410
305636265004360
1090905390758507
948114954406752
632298531138350
540389790908881
964076757305346
390584711243703
318821051425075
417704504263811
1073088397556845
1108067822464369
190309044755042
149934414610605
891437414327041
574348027367258
802909877001978
305024602077249
681422834945113
689701868956204
667003548667882
1072236268768004
319160364593136
588493602919204
316038154107218
1059410651132150
1125332739040836
1039414924855614
944412427128654
577110311020117
546227641638409
956501657916845
196641483730921
672780604602462
594886161373481
330473722801360
943717220446847
720015563261077
61206615257443
63217035536962
494113272857371
1108586948688189
946322348903581
412647500243529
412889935471148
139895503647864
554407832789205
404609160218774
57028724150592
462546654882156
371520997526049
633685771073099
819541403674101
746877279878901
245995494320347
419860454094168
1109641019321452
464525918966379
927472289239038
975615098651082
1009684834013097
667733075523844
983436432806985
854862722029363
951283594829379
1043152573877384
510624581483938
48212377388830
73530363335501
415393691983509
986989012245795
807085221851765
200619896911531
692981634563270
1124834130161325
371568201057252
114710680384869
195021140697687
492027195328084
930021056744327
254190880798564
364970170424832
1119235531661083
81232071911697
745052031238209
534247385931928
1090038778150262
375154734697935
1096248036455065
891012151620641
940197075494782
518518191654775
176975603868206
355664610081474
53952723548579
1124142823721687
915045774346289
35135972684355
369810974433837
512251259608456
492144007921517
388452481137758
716337611616634
160821865507319
240800994252414
250001608815541
749689991637145
924961480107248
166340289074753
448316486983103
387012711686518
323482724290824
392095852072782
709119196400567
670103702701793
137905991685884
1095427026774462
776069509173728
647299508425667
127655505482956
769321867096137
852086847309740
543625647518154
186528990949820
648947827164809
775939200634811
998163643442628
217485103445837
986273688509178
1075039075513149
216152804983590
41229620553785
602983658892613
894104003671235
102620297658857
766309580452799
830887748184763
618405327132580
878430839317312
813571834101557
235425393061952
554849349974033
884083072756173
783402799682922
889793426025359
1071698209402355
628308944263190
845892497507500
93965090881223
698646490470088
115633849978120
613952339334445
798120511874122
484398490723311
639063488598427
816174575403415
5063368704433
503361113975064
658076556937015
754492831790724
179102740626665
942099849430774
589762130834967
567343799133293
926444066870170
1002566878633083
604172297019082
761312793579100
402426319257188
355429415361955
666207806189393
87597616563225
308611603451489
655758260257535
1071801714822294
450966304888121
700528622751549
33596591569726
180150475040557
751071087452992
643384198512226
48173229371465
746894665436998
660108521993712
625983389693247
211451380211048
591524783161292
251036785167189
1091424653029934
657458161095989
992450651425582
915360128547379
60037311347994
179187885828872
365684789484048
756917354106142
795316728197483
1122376940025678
302145235292416
772552677013451
627592453427938
186912680913879
835411399444491
10095211613993
108917103880523
454395687678276
684850736998143
1095284428283251
786494622700110
86362450914529
52265312627392
97775968465449
232129604664852
382697350823865
901675588236955
355625765170449
823209208463775
9214177630597
760948167460236
235751543549328
140534035110063
765859609436758
737788134701854
894568346087789
423716957013310
310527937895652
988629076997821
613085895729674
941155267126066
599729633496290
72740591230309
430984978745763
167354860591376
147559890736297
18534832775555
262214045396817
879183525312373
696192256258666
760349686596804
1055664899380150
398430720465862
865757856173016
847504709474274
6893208718404
324491451331322
249854144298115
475368853818193
506286389335414
889144044742291
307813696681042
675235519224929
562231747069393
998688237902517
239154464540056
217479015485580
868362346488742
328922437199582
1047926960516047
218161369954335
788927392668966
461656501352606
303129336084772
1104922422766152
760613441954727
281324266876234
636726491472831
775309606107234
210315359243082
456348090588774
698595238875778
639061224872256
767341470287345
986985228520440