436166562146186
131246127850221
510009173187740
641448683334133
929932691650048
613191989637435
887644498760
804309707154857
451514644793459
1031577978396576
743493745784266
746594756567664
507657987614107
531049184859496
876382481574687
1073016874831410
518737306879618
602214170331895
785713358245170
218242981407629
594378395584037
135451230729146
283040074997056
677893906736987
960813596627251
645807160935717
908991132735564
561896836689340
575966798608032
713250620929707
519046960235604
619524098470598
974583486825446
49398389280022
399320035513096
631174563132405
1006131702967976
470010801642642
133058268635963
935070286513406
507090127593829
319870988170284
606227114446784
134936618196928
739743628493897
1089612915928338
802708782223055
829899280157333
1045791771898316
274475451160960
53395951970454
1024448869237524
804793897615972
620447402011744
698807657131298
410470040759305
550168991114221
434776976729318
747235001778367
468766303011004
429349236086884
151783578745996
121705739531401
270293756532372
579024771661930
1102228571583105
173834519238765
559230035477958
1015306293772948
31897010180823
971489938588508
129755144854662
1072079627006510
303929597019492
745180150821124
1069109643894298
447935107363466
910728815821241
998761506646086
731403326995523
986534913996877
157925648493108
619027655505265
706376340562671
618002068102408
541048567225840
290516620879201
135483300023201
976264893876516
848292336350906
366783907075751
921756892705632
249019048415982
2662838269721
1114776413526623
519304340983006
114190502996249
398538479751908
686302628930013
640406285023291
939602678729296
986675258160142
971128438832655
290723772667141
507981129828804
439508066237616
157763384115045
183186781644948
609968764545119
905578145408767
507889323892865
946489665441801
921272196622166
1010740628190933
863728940051684
386513312039960
1035663326311763
200736520787017
123323745255758
266529168041366
489524556197422
743473975207754
648332842668073
851853688240783
1068242398748456
802978528083067
1108106512487221
688741855646550
459787400940608
326699320878728
697612111460151
150247398020348
609422108202209
452479051132943
388968799972922
604647819631759
117755839518079
451810968397486
30319734945101
308272009937759
170263092643706
167114677644507
1114639544286651
320704452478869
1120813384686844
281553572684097
694103118829779
68796237841010
1057148248836464
470784360173674
1052687287744633
592250330626340
404896637971969
743583059782257
728343476233574
413436868898520
363071470756133
339327518763308
1006326427789021
970067897263836
365624707659812
809456260127259
608957691553433
364214409373233
1005405051374256
680522872795522
714056444318885
403349576555751
984668328428876
606895440235205
847908380472954
1097089312337948
114455536715767
100125373810839
141716659737424
592967666621903
454024763807818
984783378250049
640956846998958
335103703415269
1055744986069181
196585680493768
129896035785141
397821301769832
365906179713956
749401216444078
351414323462196
805533478870416
492905804297827
142415917099634
89869574170786
214753842523514
929431531347239
19023701272706
951858198661894
409857499598950
1018327239694466
904955435476011
1073660238954230
567479125736435
840551027321221
590858667732349
572655073658218
238213339712850
716534201968844
944613463501126
22627984024458
144439323531158
636092651999179
738675506130793
1074475699486347
684172477368224
992177234576365
664635994825356
826760862970099
776574291086573
783220936912986
629675595333602
804758263559665
114113744593128
241131467625587
10489261561667
142488221462081
792202521144844
788836027888157
451043520494600
307730979455881
153743698186410
949374011912883
755852870217695
121130276181412
95136711330138
967924002868960
576706962643124
555905676587631
614323272350459
83022296371281
364348003492178
952503923949983
747781103346090
1628083721121
386380346271655
566331262984904
732989799715517
902601099415456
398216542991300
902031051809809
362342874373278
545052686288562
689311943656242
639038773804138
840353868892720
14778268085480
1061484684700427
370632626298930
483768694373199
1089018190257317
883082292671845
574675455119828
1057907462110137
364842055919646
500939924143163
931678023619307
746344859990242
190482462358248
1072159289406503
107855083686307
895811772976827
266434872319925
872741069499430
995532093914930
390678885872306
1064025218729626
162444101351926
383196660669519
187449189294915
350665906358500
87805040282047
513584997210021
347644000737506
452853459606739
802489450507057
327009487160768
489621738804196
975725033247682
514501795201910
592459411865425
621658511763608
720104100561771
372308280797781
891786222498306
390964834162192
689563733071418
547341812306427
833810294205815
296935161071781
213471696132102
1095841235540959
603895491837770
656548996739382
18337306472856
485849520137855
1079926929431067
859087396151404
424895708233173
164899393470847
1101459067600549
353339157139954
882017922770887
109001676856240
530687297683499
244591102070258
304376584258209
137869267731306
93102855806262
259783282095074
225975251691269
619357533409965
48954056347580
765235868610124
517586685798117
159271448290384
870817373039510
910952501813729
238076148358849
1078101740411842
22156576632930
673370979336925
615705428840807
411413144939189
281367724294592
763524989402777
446356141786099
1063551217691583
897200207331086
557884707033942
398305563732724
318863550344798
479172655316196
789049207043701
981347385120378
657380263977523
1000333948163762
688504407732422
614381048036602
150338254964375
410857948885021
101512123257998
522749164518816
636075640547374
454179955437810
638901933643916
62412851690952
565536178205502
227370571249344
597962246268123
587241886395500
462163714026464
633202161627007
487941849266060
160568851641775
40258649665923
483434412025061
1036675598493223
530817638077028
848127181620749
219728625257806
459074669417051
1026950692753469
921555477901682
239323395657355
954085145412194
1102385008819983
101017735923350
77758888495297
381155655762710
370784699707173
683356236999086
757415806659187
821094380683608
162152231508962
145795820044890
385973407988253
1042690395474116
496560327364253
325771767733386
793322921203401
802443194600402
738191846722034
875045098992281
902882999479443
1000981704180394
768394380215086
826392109482855
54681935488849
815060700321884
1115935032441898
572971139573882
716636759963798
328397835463373
235156218919919
1070836567255265
717075396546548
58400066581752
603158669809585
539000052249013
502829723848293
884488284688956
753521146737428
981048925597274
658356969325675
255858834021979
722630359784973
73877861079091
1118503156101385
117591477810602
277801719254985
1016747952141840
319942458637710
4706272539447
471470005133094
1051528949692299
379444783987129
140957826735601
950695271155438
154385868733323
357122769762400
660660237271279
186351603655063
799769865683564
82552925285220
627255924758727
948692904297851
31257794201345
494470136388714
755933857429486
871601514502877
1003742789548850
699712772227956
106904968087651
874573121042972
58202893083796
643961079359722
866182900384348
745510925466234
701330158059968
83804482367226
859658803262723
616961300695089
948865547032805
884473594522014
441177529021416
476957497247752
116925095753232
1099549027837879
744813547105163
922358647993974
297928462712046
987253407724657
910188435218063
268348984840099
190414989262659
99454554112992
724692052190404
688396107817890
586092597321075
875239208002712
355902553970714
838728625563265
202822539003493
91805997256935
556899609178048
760632763494169
584794005277868
500853504851195
510343273227439
860875929012257
479508344184157
53615582574744
923256528837596
214723740912966
246286058146609
710411459106769
750047124774145
619223473096110
848558834456145
398169606544000
230910942072762
621634346012930
1069620438004179
79965445321960
538813597707912
346590006259168
544997289188937
196691342566325
844460674588755
518492084241803
812452989850622
214957233008569
856503300806229
595774112054112
329996936958274
150026526236717
907905062868138
661578582572375
839991928082662
416898484286575
1104704017986335
51901552860243
1004995605461265
1069186561197666
432395598780168
1001909793255041
273365287478558
1068361904651875
110905970039487
320548151960203
869644350210060
639958138682392
760456389222170
311651250895940
1093522041886779
469499311759803
835521436096573
168534368350754
653296155408708
477958633778497
166567486063582
353865557772139
756881563104162
765495422016572
969549346018442
1062810920390233
318423334739869
400555038507384
653331795026015
380721239016411
370200189543486
650750844425666
220932314815470
772100345679639
156516644330890
207614458815608
810935557415931
647785269864255
841328411177425
768542920457396
302004408052483
1111078550056624
318385408330599
214333214527555
598020878405963
385202551084616
955090939092080
1058213583403461
422386707867323
848578111327754
1014492629225388
1093889308204296
978273517496484
685422196768301
399088020002349
296420011652880
409774157154761
382165132753470
305021802894163
755021303917151
534757613751897
73943979104866
1116675206597919
297594590870150
974973114850432
654317148652685
635467234964911
329571617796921
1121804319645934
376821025749135
804452840221593
989748734042352
289236331110282
248020786981660
625907806001892
998406790016428
591360433281801
787007480776789
1119783881459302
993349535590463
906192657715377
973525488424804
656795399438107
639347019527995
877658550477290
751804008666943
1039921966373623
842627007027791
335002249638755
79113867243229
704050874757580
19170329200035
633481890648690
607026733418361
1012995162522526
908739101324153
493808621143079
1105043254139362
410758844469636
666520622759695
778877148742818
326398492143935
110021957150777
630858255188085
134883716214644
722691974148777
490362090269198
545523001706922
887343206837583
252930550774106
292835770851048
346316516139309
431983973390079
614857091601380
384229655622696
1004009292058145
486204014319368
680038773704488
307993357837810
577799267662948
955736876999420
225590939828934
11850351675071
759274734559704
809997882776060
1003556384838473
752125148574764
407214594469910
435043106731940
278641008355581
274099255192399
13092966526112
997890947187807
713013821318346
541909627984229
913826364470755
832869329055346
192312931169520
696850474355232
1036833026022677
537621076063611
1079620320416878
187955500016227
1105846257414704
1069725650062945
279312258853810
484291418390099
318912482897192
667141599271344
748590797615956
311799832611356
1017638705514543
229955035746256
12115132372286
1092467315976613
1023618934995570
361020531568611
366624107470205
161738522733540
326296900480507
669506558396081
287844240789446
226675955873509
474200711540668
954860965273954
702643381300971
779170456596700
379639777543665
803619532599598
446037699517555
4398432492285
141402242113422
628552468077185
273384284679004
26811306020165
827476365987623
1076977218434453
303961168540327
985111219432688
188199225522023
408926223656691
860372405529952
584282184278182
813477668986282
963857975298881
407028982567783
216614574556537
509933397236760
728416802169208
511129303131590
255864400016092
864077977990591
13611642255353
56444929554408
235618533261726
1101567697210011
848824552836316
829005718625011
381984606997292
1044399150229343
430679373516018
587474217724265
211463886394636
650744651090270
223528861305382
795305430116088
1049980459231090
771885962522742
742984966506915
1083896709218913
1104265098753394
294004563144469
65293818690188
589781440379490
230150220408434
976069292405666
963939980865210
795835163248779
739695220768392
979686574010416
436173729615550
920552699112138
42687044178868
1090172248578072
907566512832342
424359926257212
834554296516365
359635199069435
1122471009263818
461856747012329
809711681650612
793658137527088
1046050211546779
854324550144006
196458741249582
109296595882522
119253072866485
480337874724357
238773716512699
36879567974136
242339578737133
139051930148570
775895750989485
797087329487497
205131333163395
277503858347900
528209554769331
3235137672348
729534781262945
107549176231426
638095758384601
175890028300494
287516196906009
537970108945214
109601724265822
1068827708746147
474945046082244
868204765542312
1017561375107267
216815045967085
257430841369125
531236622621550
68188260570720
735783456877318
271562834706621
33717518203324
289086602163217
1119165656863416
466830094357506
487567144563106
959644398458744
979785181565041
575382925617524
930546285663644
278171150683140
165363059574419
54504055392031
462897482074463
933955279876068
391050740742440
798204910196842
935949110864315
478343969974217
537497022165844
412756852264400
419802116399911
939989622758331
461813317521577
92770378644385
764221582449919
206270023372248
608493342066835
610386953292556
327380726230557
650991439849884
567475151060982
327528627348663
707991426916845
14890214385891
182605220177220
805086731891602
177702704223541
16210674141573
73078141583351
1114857575165165
498827938137727
358837269933899
725973014528637
687121443120724
152425713538165
87464982441542
566450513514658
303172594256814
499865321534404
52533156926435
503301704600832
507521700282171
567223497662418
468177742801628
253755736128276
130857999429548
937637617882453
1041361710257411
731095106713093
513852054716726
999189718975374
854939081681293
143674453912369
391512317812841
918273480342710
926744274569319
513872348679651
946485916946328
292951243699967
1040549278161527
950848902856940
752077771952852
431701025083690
1109512216924716
422114582297883
665205278304174
175905860819385
806939835552595
818707421984434
311655378399123
348180534691364
125757910206826
435404163750789
395690126743782
588417538002784
480649207583322
739620205594593
115182406309830
550203500994772
948897122830781
470692581562115
41509514633322
1083696157291363
73104711354590
457227448597088
813401806982794
913060792428225
475439331578970
265411472208263
584014125595238
114121185291042
631999852684878
720543759808765
111321883165527
880781006540587
974734452280865
654925643420704
743873141659413
884160886422263
390293568136165
349780286415450
1005858732632185
1100300468594283
367755172446144
917255414570017
8301028814221
458161619768272
602368909510740
1125794196585046
935885918457606
907546065154329
1049201959459092
19238356030787
199051718531392
540956414928003
592116894642349
546315301933600
282721035776360
1095681496103068
653813042745223
310043837471106
656826100544788
250336252833285
611458025844984
692602597617525
53615674563297
768097322789920
425152540509388
40012458363168
13967883971242
375432233215337
425869833241566
594102342965387
742371028703566
3097590823987
900496849796448
636843507902719
219363296908764
731299953539788
761535283368310
1009163384696526
256271774487508
1015981854343209
994684085478078
570414805567270
338896852472996
752133976832302
228010837085293
960362850524655
751867134269439
253588916858212
357341576609223
453035747995953
495231225109151
97617627695229
827766954006158
1116910905652924
25786425718806
465449598818766
982296292302970
502979375981267
129434956929390
842861155636585
376276488083238
464258555848884
58954927530648
11320206014828
1104934329200892
128943503887181
486314242325785
109060580109801
588093284314042
625570053529250
728392979298446
26512170083044
581248443451274
42126442596314
309749079333128
133501502814621
379506891185639
1106593921272004
190962287335732
444711520337058
807605257651835
691856013129654
958588606129305
1046146399279294
277705711754592
716326459201396
353457367883764
458601096070589
1061693571854938
1037612166322886
291736868821214
986735952492765
974624116213009
497560057316170
782879496891166
753543034349230
489238611958082
963112106619771
479428909178726
463514914282590
663456066792096
682821303952604
1113865584998712
1062124530382938
99888364387159
944996462834872
904194264146873
85414226031787
814949983872982
841104395675627
935977882248048
233516094825910
92043671330932
890314252442115
880149820253724
639143312251731
899699002598175
101819455760595
446143436306238
255710410402809
359387129225936
64528588679422
247190862269295
1017007204216981
522483740693924
37329614662083
180193632296019
230357476847333
949901970170061
193744587531629
651409215503305
515117403731100
214700200090652
46979891856444
82140584224015
479762142965026
300230085651480
974606104040384
1069969554054233
84367989171171
913480163494377
917024668784603
684100811979820
116198442287671
402383545555278
949520633346109
380887747357620
654264587962823
853375504093358
66263937230974
247118774612942
924899850089254
494715264171239
735280970875543
870663204417140
624717422861031
1044281348684593
387013635499366
34789002593858
813352606427843
900407132037284
509537795440787
1007719939410494
593790442891083
625988597098581
976540000472897
486081964664167
323350991365858
751819310891334
974395355745440
463676864932445
247201897050541
723866183196160
841272734491437
581688752856599
484348629194830
657762089191673
677630257411289
1109135533947455
613097706370775
277630392293162
301058591676675
994660512730442
742020052349579
756037285432813
69954116901545
640708036704489
168910944626021
415202850161961
979323840016701
168661251919908
260475651684654
1003881702292476
793669417865161
693853609640204
514318356058913
904549488848078
1016720311174726
118685933774415
1125315896576160
966449502087251
272635520922729
633355096479775
73330110358063
144247351765398
237314258270093
223809746984078
426906490570013
510726195235020
73088100748241
468145996693472
22754531311583
808608948301371
769207494833086
175106475679945
530408087454075
429227549841343
1046956485949884
384465816149574
1036875852220180
1060275502695821
718415160124843
552996453821195
370689943984198
494862086564043
828631418050606
698303419522478
362500641191077
216682451967899
824924457879581
233897064991064
1072947948219040
428295642284745
643093373127745
1008093902297467
949800923932222
33222109535497
989420796722118
983872448921883
261521776046912
345667208690135
185397934360854
337107251963474
464124943137330
1067591916293898
434611906501618
1107906446872602
727206534651084
1083304637524372
230213671680872
334001021297273
80164706275837
965635563367387
66491292331394
757989301308285
335436372767448
345155607349401
296719976566824
649897235131171
779718045310814
1082362237308237
981268739242476
993335993488749
877974016113821
130992421593611
67973816868800
212566893525594
296817631301346
1050619474059146
763728565771476
700811326497003
1044524431223159
336457399172025
722432099897699
283882914254841
876657367225787
467652696736512
625311643650127
820995926818445
125800448460969
617471690528507
452228294650499
1093385010888577
644579461779719
279774026797852
554833166490900
121019802613219
803830581397326
375772899632919
293340708669840
883377128769777
644815341026107
154737074694360
225215202834082
1034805153424961
946451946639832
790200099204889
1071868717820302
651260081484592
182951048167331
92930170068559
1006043707125481
712253426439675
54808084554157
309470746565211
200784741726391
740331773545052
664309099775239
622186827642568
391714503595914
854543992475867
1091740632633996
484648644993100
685351563733118
449287666959302
1057032375898398
674459835314755
1053926647933102
765224909409116
628975667684903
535461312176827
712470132173068
865601505638952
1072132939408725
112473398642753
470184144406750
1075272689202767
761106318780554
890390203969604
271092370896162
859382029482561
708700994648496
745121691198837
843985054058212
79568134144710
606979257589179
406378460592533
176731199322217
697263402560144
267447438438534
582455371216163
336290132645077
416965795654606
185348735505881
180376340005745
672049999739711
771819765290967
891213877115244
171508634512107
457703702211615
619678010506967
585398345955140
1039758554481667
1027783369255451
352807358551125
313075132677289
1114835321478145
855577527939464
288729350978563
1121886283210267
565515913900796
631628518695642
743542851906741
658755536499930
759974705027024
1024607143102173
689769195181571
218095051038394
842221100774851
888067876515403
486664608758083
674660781760077
754838098518319
667559616950869
663188627644473
315597664434848
516494139239487
61274973578996
428898598624115
633722845805104
965175845461587
127237596217144
377462809931247
425496155860431
1082944025236557
110933333974243
311662569272967
981260032614151
668552433582470
751435737455363
193032134258024
214173094338385
907899631367236
246896397394936
457298476918122
518708402452494
533892765376363
623046308419447
610500957625621
694613790847189
822053216641102
735952988837486
971838178987966
779072561823375
93756140269961
465079452879256
342943422878767
667537376512648
618911527626748
372993224407687
388325844730800
815526238438011
674040310043887
1112410039998797
582064965663543
293386919547246
443906311589348
647154943480847
1060225207999028
1110216748218329
781743334893792
195892857352622
307784003560860
1053435968502915
448230644210726
927573308765533
933513028889507
1002847712555845
190776035828922
19411282434109
43728169903837
288927189354178
1046013812064936
646101653911077
739748591346519
397595960949357
209725066980752
188966672117552
395455309234009
255749853966236
645465341252307
193534020794884
234926860844868
576017809476451
531072806302299
335335909251016
640565982142860
39897451388463
594236142036770
736571156095323
1014481763041112
400813791232660
1020383106031009
521804144391131
113453290590751
737440638906990
492371122947214
740633536982034
62857416478076
419958659001449
522308786824183
121372718749069
249798732305450
928292632712563
843845087585969
323483713139836
500125950303471
1003691105432677
8886096443029
708040340288222
855529631701303
968614083863258
893990749308767
803833598440795
1029627807305396
190210776766197
563040292300700
466787093526524
419928549891989
743627694969945
624396009012990
210619489962547
640096839684185
63114628506345
853908179147030
546025307325803
1026551442011054
670970489021046
581420286158313
409289289818165
211217848908837
367572395655672
628287123611818
288650001779017
365955081753829
25590320699674
732649363515731
113830825194373
1124756328302773
295032394356117
804298928215414
819667276130015
875768282670253
670518308356367
103220608406422
833157422310472
478791655456012
1073044016514475
61561037962001
782959365787507
691901357496833
872820659852987
818760659739641
737655301322036
321187079882919
632286794973545
680230030761931
249272174592804
556622493855524
1035538577686915
82969268535245
637867323909799
374923374972073
761484988073557
596599173078177
857500648995428
919166220348641
987347359917265
237813947150088
105735508881480
137602228659310
19538017868398
651694465960946
130362619858420
806173087201622
480504789682970
336368073994094
517515267918773
139864545341982
625657068999942
921884372937614
88253803369509
34812584681264
239880388391333
579973817773427
112043238469382
17862341965506
554514460359594
275329134954723
867601085965554
672115562509429
1004093217431100
159917123996809
474083469903121
742286388735728
475519958500804
25143811338144
503242618066243
980646180097943
1001244799172508
637584086780414
1000048469853271
441021220198677
91652828208604
976935598552490
97394123042698
756450459824676
212028418818240
329067608946059
903073398214135
330967929596347
241412235113748
580376114110404
770701718523917
10862442612284
847281869085080
229306868692386
808191152073854
397789634768029
65795424025197
1016395541933134
949618007736093
697541053867130
657897311003719
925708830463151
793705375643388
246287448507759
1060412899915952
454440348165668
1093060338739675
861578397514685
602985859681018
520898114848018
100339049153056
451396449686986
389460324662121
238284235713954
958325853419482
729161039343139
1047308288062723
303471641025410
474450195145327
312879274102536
485243483844855
153412085618286
385962210420052
1042447338276800
573913962202870
915301815979417
520599813269428
1090024704899276
189708416283490
1010250578829909
927615654737304
988072396392618
397653316923972
970163885144842
496784985725856
195584471746398
290894688698298
915965395448592
2879782314718
948477529252405
317934554959414
972273362571595
1005484594192247
709878925465747
18492835955222
805713798375411
662509101291555
902054094394377
245792566485985
447355535959180
690827095988819
46587126820979
940299778585507
886976057603584
1059431467448105
264917020377540
34313916275190
866397391812104
262099944610249
338958330228980
783003160268105
121491862550709
760241161415762
1025800954611171
1065232509890956
101804420176581
988675217479757
328417514579684
967145620984127
692045252078319
843024268642443
330102141352286
613156201786746
661978507520519
723921031757004
105180023548054
570963662099314
939346512987383
959714434999973
176871761290020
232902925595264
283820577013416
62258187757023
954140281583444
342235481688567
116898834901951
908444939934570
445198083168095
1053828516826115
107839961326328
354434483341662
497274501496309
325028492737106
801311992220626
735450917009127
261908299205349
741098921617887
13127465327465
328457587092552
480054220738232
868538268345608
921182422147602
785540748813931
1052381971578721
803356599296393
428317111463384
930792002025410
373510586206771
544955985144950
123298819141626
974328441782603
182555729392987
917314773901853
661519154138599
439254914415633
562102319989057
550424784906630
33535085533746
72692494475709
876337735402301
151800154105352
867142749587081
977151939516721
634709546827188
509014271902274
1101290016878059
225778436579117
858061747561505
309937204979275
1091130164405428
884632975857900
750982273676171
570807704872889
375138074296262
138265588383518
652863022697978
125321567461189
1039063705576011
490573667184257
241039513898652
1049378281114698
872449092439547
868853798400
71146748367774
337433132880114
849559458608640
973685639177620
106628837783814
622811404143648
133900244292639
1120299669065351
807068619247439
1957540063418
475248512313907
1088802166901017
579521321314795
338047723756359
112971201214154
1041538529799403
407575959203557
752202572950948
746748126581385
408537929091780
1095366038798784
643627707370739
32052532050574
86386958928231
117889887832636
1016927566075083
557748029867730
766839130482526
114561024597515
868488490431960
109420447273708
638976303591730
386701689795812
1037755039480294
490408189668718
25466437053951
1001744809160341
1036061968405305
112895634295688
953805637316611
1105213130272936
455785325056640
804639328757464
1102042461093034
725077431647042
914913057150146
847417665965435
621977750526634
267955826753470
359958002244535
876548072099993
228658630817907
109436865908935
1109983569911325
1058441777077654
91360331542250
1037543680733189
126238580674914
191656412716426
6273561565321
846143870861389
1052554948648411
919360192323397
332675893802638
649910709985307
129553534497140
33904527198037
631532126368963
804230024073804
812730813009443
306188335476123
747842154733599
693375065629414
516887371004575
605749905210333
221596143229447
940942158036598
657693109479097
678571819434711
840534375150590
836765527506568
719610096865109
709156109608270
396770225625612
49131985278518
778092522680813
1091409826104147
393558820129182
455693846613662
455689965289645
727274922726589
320401870000401
724081338506355
285781171069473
391005334079550
1064952489957237
248363287703712
266716875379550
924480889134104
666287375163940
1049044803222468
778482997501326
585188405860583
538666826139072
795186289156482
9430651590908
860680828195576
1043542490227140
16317342875384
23555557591134
799287120880224
744994549885180
758944943840747
116234133425209
605389685372643
466079138659315
486393272964062
360621246352752
322113022335694
482899253737815
568292014768527
1104236139685283
154125805102166
503810619149809
64686049937750
964765586235390
593148478317183
256190853344130
892536128721229
374941336770602
838787057912557
874357329153259
67224451995003
291031429328339
626888696391863
22049413899056
302959486341691
256731103071814
7780589309461
1109912026438070
740632212581392
1036621146028352
1088001176409740
789343527192413
30261579370801
960941317073824
37353182201568
247063673923074
365068671949467
291317235348876
999952505743012
303359711863056
814315843458561
512420208893235
15476091255221
209882810064262
440260680350217
956087371816665
202431983257221
709035541298740
42183079794849
983198883637850
825420619455084
1095629617485819
542960559758475
385415971443030
79779846932607
690838536498432
329888361338718
343242325433752
844551811794918
168104048673541
1020932771640289
575227016644553
668700033755027
149114230447745
536332096688672
871029610125196
124730931027968
694247213557539
81969988740054
948840614392423
731529299487342
559660243182112
515036889352750
103781349618202
1027254323489591
701456383823749
1028634835340345
166869945257434
227400766810795
484944818921217
203564369070410
823060572091266
1009366694089435
810225521447144
742569011944939
898059687232629
887568042957545
415187387915406
87047654614455
1018594683657857
139897504478158
458947533136997
373675279000250
635017270900284
21747169131261
888827580981627
618062696910259
435327522449429
761965226215075
285316333441357
242001878214049
471678197689937
953410764495595
434965377732152
308841843562219
1035144949684709
98082803684758
306017010734183
178874255110824
1075874791045154
390193634736846
722853985927322
842819459843577
293873711155903
237144082695937
153157980445611
839208052175673
1073870990087347
96802813952254
165693660759947
322779429704444
859562712274438
811649886048338
868901033790271
753103729004954
53719256214363
820427615900088
45727526621934
822562571762797
659219635267981
172889610238270
943729143019231
1028309990176290
168967497574702
845578609649962
1004811898408328
731535356030104
1042754108703268
625289110157411
195084221669422
315604869597648
922694896718156
770542516530114
436517773047765
756894429716902
902352730222033
149144018410081
366528908779342
541609337604024
907902608530570
212044029932931
93264478055550
304070231497381
275564429281761
743267247185155
414042738414713
785370941485775
46795652153662
14396865360078
862654360985439
304609885165348
156897130203629
984938323739057
842063854310494
945057297771639
388045623924616
599989637033837
917436943331845
250022691662963
1001018686344108
635511074417466
34036749967551
681369558578954
403340991394684
886790222842129
603188061061634
293584506879468
459191869825335
103737629194141
245014326624074
903701812613074
934383961817334
295847565744454
634340679967507
114338043614942
771631477556313
351822754679287
258666909808076
784118133194381
260407461270712
814837096325594
41438200473975
332813895731981
662339265827565
436181306242036
972871713567897
658051402618791
512681396170062
576065472853856
525108384858508
619669437922620
212939031644667
13646690386562
907468648236525
1017562145668613
1006789158419936
1022258130150538
934065870896324
870560309719699
981029148868402
463654418094837
60210110086876
330038409518165
510665554154513
175661076883403
100106278185746
287159944687561
85950053692513
650715685972067
956918015174207
505916671480047
651310800303720
748263861570280
901248354161964
453985059264781
1054029234824238
85363890594171
55358144246205
598823448693460
940269467017401
126053324999220
8933524899846
803197393737072
412816656038686
588808691763295
434495192818336
835309509899823
176937925451651
976116946840536
469807526646230
720381848132032
29401788454025
1116587959850279
198188108805911
13364587366816
198380429635793
569861524051154
1078383140288878
1080752272189158
1018312695156272
1093803658360080
334641364410455
642034210633571
935702478206287
603575253211260
5431042230045
349612964179091
985230579105156
510360233705000
383158134368733
677178710394181
176842116403494
787240681076565
347731254635069
169781045539619
638731560222141
1041628146184473
1029422868611515
961774180444994
1069409649321467
352088063837651
888159823188242
752424561398947
556867686346871
422312399568263
577798767199942
472281279183495
327466437566624
1003794491916240
953893503093935
440184974343750
367839030277592
384673464651356
409152383395130
254173208448225
379383043072633
915363646325129
1016477336782108
967291120375513
222230150371555
943021946956233
271705909830347
145769522067095
338278244910720
618259597287038
199428839778619
1053536071759564
527730801804916
177813745445287
98395976151702
192709859672645
840662349478279
447918234718939
552700087464101
358172077069694
584802209676005
623357620216633
10345614451045
519306974841650
1115627040560103
925862894516840
497075961846938
204798512287847
981637438549259
399694817744706
1023852312186772
1118033294049425
889032657592452
573556245206500
250782799224843
800119740651564
103957764728418
309402319280116
98880048440505
628286650751313
357945320781617
154310834575373
435173902974518
269724366298232
659723039766671
1076431994547107
1032420938391166
856189078775813
486403837454651
344846335392112
368681175769660
485340326216300
98301292312034
1114059935561397
396458202050032
403473273562780
889489165096061
949929031854339
685797181877377
1123266790267378
87080383701981
468597511431714
2767603612787
245364401510589
299968628502280
384644196034761
216337472553888
39501440686806
542680359818504
1029360244383133
792072857667505
934479358249185
1001563488992435
85936902373495
297720608435687
571544083685882
545586016871407
54448310339790
7504376314840
239052574386535
1113928277765978
729193743663130
1122173250933175
358659641968411
324347918776327
999900861586152
685848006619204
813716217508787
191028078025174
86932515325892
468194725576614
402154275922926
401783665153646
384904521467410
68493880313203
616309350655658
623219202340098
577094535711228
4394403000721
961803439205734
909608926094883
723009238657896
979516244778065
606460214357037
696251228072747
56116167827092
36152436134238
616515822622283
33373161724479
1066990694300745
15198366541018
342444623531630
3166300554869
760967246449143
556057565594477
533469978684148
999749552126532
585538962047692
56255661175396
448290619671188
529551143630222
371882769350995
4971955291286
288079437081543
977172387562104
253354225439001
677354768934034
1004763500963701
445489754736563
104842390638972
985549427507154
1076483546961590
618190130107783
323526273036154
102215755163945
992784317122169
121402194489384
217100406536285
144458260355062
384574351332750
16810354730943
344766421913216
192552477710918
992906507441133
159078805573812
870373420576969
357472977805750
1060704229884752
769241254728375
582614851045874
754556688905142
865870307107307
470749257309553
326738032185112
964208512486734
204030717304279
360110269409059
656184072930776
291581080347675
750368946437381
85654829340096
658216245759105
338813086783006
966373035804816
726331458139315
274624379265146
935204222766027
504813888343518
1046549383258220
953448701998997
458260960089705
241573987990450
927128990857017
873798065067797
756625549156592
725535930129978
8526151145476
837638820430286
492153754896108
646063537597249
226974957442796
637156681912842
127947319036045
399128244912837
472258764774570
106502127944617
1108571718588004
494467390856510
934945744276906
492882703597539
19042622495885
206274114675381
812481621575853
539457419637741
1100347244895842
1117986918748871
684427893373969
1064183989612582
968787989866393
305257446319533
746698517033254
916482715861190
986526037648526
758645640745893
916172962611364
755979099392262
30580258638124
987902258192064
134998071645258
186678127067779
30194910276249
449649584546653
154843873576698
975829044225699
565928857350745
1008256310674950
586295115802924
852874540258914
178596151683619
667386210731360
1055676812351108
914527741504646
32749275975503
586364398913409
718842873891228
38655973937850
1028542736563314
650684009690243
46975412486584
247651404577823
475408253902038
1067757344568121
474028848092976
214350644797116
602848659295392
418305699691201
612619855262691
24672927592826
635595908011767
760372587545794
375116305739131
474951019997913
383253319785858
250548440221132
418787244844696
807085318367151
61099913954981
599098991584321
1105382612283088
134327205593419
240150331373585
607523871366115
198318747121144
925655440868299
316156486999982
477364611234415
123820254082520
505139524427107
501251108869426
1080752459114667
1020593277196512
693218589394225
826596891409966
478673838684977
854479009943976
1075375267973958
1104442608050008
768793308308597
747700899382224
42353320610039
1080821438970729
651933641550228
478836538643532
750881938423074
405024195386833
206093651242681
912404658238556
709181528723609
692310420162072
1054188086004797
1075896387320880
509040504603027
706661459231210
169045651619144
1079627248090066
710500631214693
602316734130080
327241776715171
679405816455221
217306667557365
864694919789631
792222095618283
633047640978307
547108103958320
524133498471810
639119298402293
907320214379193
898985511649981
879665963084200
189109182461084
859442488477375
554679067989007
888026220866253
1119783618100101
1107449021118765
294144582644002
403745300601571
151914226228241
766698204653028
873698515918019
669031327902236
247909920868548
222432951523062
469118075463926
403424616441197
1050336167535883
144179041107217
108431802740504
984059754609957
13336071483065
4160116956049
834622581026344
54354719562336
681135478717210
852693158298605
388013962159774
132013750889171
237906981518862
3650770981827
77792990295986
1045490133087535
729916758717256
566984599700437
408491976263599
819258780798779
620528126953696
956053067811788
797448885338773
1079093391424220
981158397434695
711930232021486
294282302441979
54842294554733
549385394676679
129346465326967
269443547651516
805882505669044
642044663369525
525670028204982
685194058889380
308269646952474
1010627472546439
179639464785713
997000632822050
604144204038450
1024546489791601
217291375753417
244965907893114
589020148461943
846448212317053
191272253245906
556882733124307
168523283891928
548449333072556
635797873568936
494016561305969
1007298400468603
669819921501262
444310563072738
928284730169157
37724269578815
194915430523387
831495164993749
272349308088731
907009114371159
801404567533368
148530286028437
640432143068212
850022787446767
327834734839041
234362733957668
1012467157231736
2222674138338
553731625285006
1041797671104789
485651439812323
494192165275199
683033321358340
118828648020551
615523682293402
1106274256145392
336999340563200
812355502022070
978900291981126
799284428239321
437243310895611
60599101464617
872928328878701
182638259338233
355537487094400
933419757563518
1101918560360219
610271898733453
704851670582403
68445664732279
463576981145061
406362773271659
106224377113471
376191309989811
1015563470540369
823417413948905
77180515782673
343561322598088
53511953045621
843589499417102
950497426428382
997253469898535
1089635349296139
868592142474944
918153755172181
380788927033721
982189393751515
1057487880011252
696437528562673
898442823166715
902361358199806
484880906642588
122844093784247
389385626407262
675016017982995
637574609377303
585725869886219
803039770522180
617618971259021
589955211227120
450080961062563
396947396781155
982168038953133
295461209389939
173750647588098
785981949694832
186858388436198
420715045433081
1034912717210964
264067519528514
627246207152663
817561504897818
868843636493645
189817889580745
595161335792356
77895201167893
1108944070605165
624354335056440
389609737499874
947532811367763
190504090333975
825788193134233
941075706410796
922480977349396
477667034283028
625283925722679
1038094212419514
950649937206687
1095328697191102
195191380147819
683599890363801
195561600415592
938836991111540
387244234805691
986275684818623
104671457861775
1050353642170413
584299139326104
725260456853620
1118902857487249
593487501285787
295245959214794
342027327560214
16642600087973
448309811132266
1042110864211998
392510950070592
601033771227210
992382346080466
1076918409491560
743505488250519
997013815736039
660752472884372
554415245683551
554001748828898
980987452760025
794373351081359
1047973200104263
621690230517075
998760095553070
918880034128945
677273158404547
676234482553715
962312777645871
280705146069963
608737598078257
252800746510438
138085662643869
61423496660955
529552031855892
832386818691856
447073272022849
898136027633769
1124785359516579
1040458943947535
41987526910029
368128303681837
17606189174393
944000283634975
759692334613553
273816520179152
701141672498807
129149174298761
463016700512396
498206973374767
1123089707048563
61664550689702
355314356857676
1026004599160898
88585169678717
482566745531435
281279823289883
111645393590848
13211968246522
345122559210814
385681718738028
356583239539000
338395394583487
656195949707905
263173506317349
949091890457150
435188247491257
105859994765650
631315677625254
276982212394484
507214496221351
659835179150945
107177093735151
793621754509118
831002682715726
133833835567285
616275317174293
706355712987007
245971733523874
455368502318356
308339936513788
1009618833085596
589642056974885
280315590423373
465881847675555
1109482979904077
983294057856921
414443094112167
969357397238964
1079873306333332
532057361017456
732444703774546
613991650224147
318669801960381
347554550260734
725967067922713
276802010735761
348235062617552
1092836389375943
639944678259427
1026987577625613
788761628648613
783931798688336
200176551156074
442729441764547
1097557147878113
197938369347252
828210498039245
215809177852330
475396543444495
825546694321374
1089890125437194
785067493584821
479506870337559
655113677269560
335322053432583
165353621573705
493567750150699
48855930110776
197965264055622
588536380221360
337424323450198
323067660728047
745628434504691
353761328773979
291955884974986
1121977130487392
492455961049415
942257106381300
528356883757347
615721836186960
162890264894829
177282946241531
1111908128858680
476957267256412
605297218650833
937861870449066
405626968473763
1521189217414
278756877572555
251954269333581
243349065118680
410179201445595
1062283393014006
785043050810150
222718694017321
724178100981742
786860946931272
712415183009276
618450887562668
677856174366620
537033528705001
701986161790465
938822623993925
754082836385219
305218715703146
694219940116260
159166191652157
801598940273336
190443479303271
814708516081479
438426047009126
976916676593001
673602052140774
998721185920561
615268485179837
906658985614880
297451522386030
211507205933074
710758839990526
195270790015768
30998305709442
356579845755202
389095103430390
427583487167543
435818631512054
944465336038973
820251652413065
795289752851934
345586787667580
406046548364492
46348615702421
342749493193939
105821535499660
796086447789412
1092167384660677
268589316673766
461152354224433
1123999200646530
173371989039409
638986085601003
680823659009700
1080735381116609
363459699768734
37604438102030
142564461760972
84556374805101
65693491584440
19052875564336
752933773909866
728188189049497
649696438151188
1007763567973417
37536055122320
1036746319318715
120098220429931
521265444097238
234162833958477
337766994826466
176624213709162
671091250168033
106092834516098
220627219213530
75680442027423
50267546008616
1003964511374242
566940320711489
221029139140777
1019301684844321
826323820110703
76707525084951
657115623844149
1044412845571960
578134877978409
651130378234878
223747476213889
317979233582723
602013920633795
153601836274619
798842947062192
912537956228348
409407359172188
916203202399921
844919375439824
481924578257694
378373456406208
808068622352209
747651685736708
42264738077494
477652126786626
813823462935509
13113547402936
967450592112019
885769152268941
778545096102530
435655445855094
1016643383420619
198387209015742
1116264394822761
111986224002025
129683639800016
780517051917562
515838157824014
526573003518698
156247989547509
1037107697201717
1080816161246811
87798359754120
559460894321998
588470340928113
159178806746109
566910805988665
438294282387772
436266007013454
258311666622351
487996708285506
65999458101588
606568607600963
695755505748243
825036546992075
44910849348234
1121016050194611
115823690191595
183157250642779
121061345043464
725071358654528
1025582453297987
448535880923017
345834767652410
1090475905792968
432509905913761
430353328617279
417286027400727
1110003163600621
53835047220597
592082178733885
263209406784632
939042995803655
659671678899061
94733853009397
10047512404468
377923386287058
644887892459691
921739872548883
355312285739083
110614931742470
963632095888434
819298881523556
326967778778870
311480309806171
1025590581551673
612167318192114
1046832467589040
617773848148155
279949158500549
1051615543860105
269522005047549
697185202588985
6657572929122
979115551612931
338243170799988
535222815789414
253501876994206
737345087761629
263593030204923
520697138256902
998272390595907
878399347211264
616608615944465
627607551087765
1087057727626534
640111493314442
50827805274698
996829543580076
313273453435520
335558597170769
543924550913815
543633984233366
1053646764333420
295273875734620
253371884668999
1105223449231105
464710677970351
886342075278759
727160638205787
308197457656338
305800045127010
595763623398016
670443719321999
754730508915840
405644670336609
764267597703400
176259159478701
56825231173658
1074371014195552
310199808411348
501035630904267
11807926694793
115306531039140
1068980268336354
64357107510608
895150902397831
1009626187705819
617953867762445
1002306357834065
417094014815788
409309745590389
296542315905156
947228066135366
200544972708364
908448584246069
719300542212427
1063709707098061
27728171332026
779055576372671
932337501135267
966203407102708
1063205503067617
384626188725765
233391104713838
658689861142373
978947323467700
325801827260234
998136463199980
843280980332706
611716652009310
429611040687245
236960237805143
448967626654622
94041492450109
290287785647485
938161908329834
51611145005006
65907449439286
1041906206243350
162296095650427
526481494287332
710506396068323
1107486814284787
153597291672741
618283599736927
883515801739479
388785875385642
1117470218248240
358314779987063
747331190806091
719084181806909
502426848166015
856610828524033
496719951471456
321781523430291
190051025556186
1099457143724205
671711153062754
143602321889846
1010283444400388
425647426401458
152359802058244
445264362972399
254687770509040
849977120613670
655938221179307
744168565793873
985021145779602
19525577084925
22714047949781
1044386314644408
234567923541422
855965155376462
1111731396278451
573894300128370
347812837431622
14360051886667
993505659096551
349504845565600
851882985635920
1071084018774779
64433819974380
881158667180831
1038661881561770
682328819198077
545649092091857
298053837633649
800481651270345
525755625371374
746476811485093
888877937785135
443223550297872
1068582367414471
298930917274036
1049286735009487
792500959753848
621077108098602
742533778847024
455259738360211
607345846275823
1020786209304318
766499436651971
328797518145007
394111338885959
868254458780427
210158760942552
1061439349451412
499939985672482
720383441647554
877889729792933
42255969109563
176323769066494
216435488594184
544751616888027
827582697292367
575584383500734
569809465865209
98785475613454
265809343502716
933203554610955
827516555115866
489144675436006
109364194863395
699034842658998
410397864604214
95247437048979
379969574672419
518089425454900
519311159605235
546953162998004
143719853692611
801082069033241
985550050575228
372799342987624
318391818482001
290577887433319
604327090101729
741165889675538
528669924668950
920209291297625
702860438472866
713080656063269
889255171507768
853990170379812
1056654756266533
363100883872943
954398373356234
1050483648010195
714929447268606
678644007239579
132048162247448
681611400077778
1096303188516193
703900919477340
47907324806188
178520991550202
1005733282744141
971858010939601
875215379805454
468267785015117
286359853221785
235780402938112
264224182944143
421209539417844
689050236929199
1018336544547478
84898389035641
944255223160098
937668031430247
603948322881198
1053691416933346
375106965129595
214598971620576
737307641423427
226948442591110
176507668968874
725185488286425
238231795970126
168944314560855
131232492367902
1009772703882595
6585143885196
87249842760841
532259083469707
137501197868293
449140708150198
617223670391394
1009991620783777
1112358300932950
151390086098557
636431305599999
332346312424967
835335031224765
133356197989088
672195101525758
786605306461639
593699539066057
265706216324
1066217503958299
1080677456435654
929485888063495
461255302910936
52224267057252
228892581009302
293745211489064
1090190364796348
918458740527382
652911894621523
578147510784975
944925177819885
731540833289666
563904655840360
354052890146281
190479511830103
17450529012496
641985665440822
250087851195036
486479277820631
108316340066108
17208444590875
751988602286837
326388529311819
436042664851305
314850524664895
771764116741432
220991439593629
1006585863797002
836263335218267
617086363625574
708847748413109
546447222091132
757543255072762
74931339236205
534164621174906
705705952432395
394334202410940
802226429090564
191271235356794
741512707124576
908814884438940
403852580680123
996818508991071
1058448306125822
643756158624288
865692616807278
567350717378886
514509625818122
1089415695467439
1084892806896689
983507725184784
617547071879693
237597525151560
998817102777309
788552992380326
488567669113440
347263353148034
389971345263853
625309104596905
857621983637822
799895933231912
355952331969964
102371711292498
953144078278995
41305393410526
644857284548627
1072121996056477
743599235455486
237212560825118
828262700594775
817666420448848
831596224299940
654920144429432
303719023867055
330458442812079
708703810619949
60690298374612
72463118635918
156402180539797
16335462151874
930677437240190
1111475362307393
139489955376372
122740214758233
413480467528978
657172790956970
429874527369942
715149598551656
80320419715069
174708565786963
302291347660456
1097300511871630
669888456284055
1000642698614453
294202414841526
59748943229417
587531577871341
530031423417458
985617615466009
1125318659325001
27595118286947
672786866010138
1047131352277539
568704012968579
784879718738111
664183564060967
910493050872892
1101249373309711
651737499066197
406202495701744
122614937736676
802332710335207
469444773495513
91449623007691
1041524467966685
834110307740380
369951504203269
322778446162145
702493935537479
591424236045798
352460490457748
525457968283959
533982058843659
383976848053461
217283764665751
982248434440273
923376251467281
31810965411940
293000639860657
947268593496518
157502352466461
538051599777598
485066467604349
1018114227279760
22627985748795
821412009688117
595379836333379
455130158042453
646630140767643
380364199855205
24288971691555
11148092186802
300153259403416
1114776112930260
856762940345424
951786959371292
119918499409046
209133952977447
807275738367066
589543023727444
203452928965508
53061143544025
233560368661395
28544315161373
796890611047953
807969032595512
845125132692330
472029926402249
408733809316177
717688596508922
688053642603493
120961611149311
129813952511749
595802119781005
400644486479666
886151461421268
661686510781100
332666789303895
577875006208367
74024184279775
1121140272366802
122625182180418
815901475815583
1056598594811753
416250020056397
52873821292920
16372571171300
547318891310849
511400168907214
112429713662523
1013578189829934
725371272776419
180593026862858
387491587525193
1024622341513622
179081092999228
597467667759026
714855053338816
367739097859561
97555386874317
877269103930036
845245270859539
561625760242182
529692569986553
718841237397401
99593313875480
195032545661549
97044230969404
1075556058843852
18240167699671
387542919977156
825405315228953
21051676108393
939814440292185
75354565878359
975667717557875
999984234385187
714746348607164
811744225559254
940740072050095
571853495959541
101669784551466
804823823308161
941373529570883
218404722189591
367653584954125
1124529347445025
431262822578292
418755993816415
943921617589459
109633598019329
343089761084989
364743880208875
300881599301075
82542098012955
554235634321547
881826735861284
469308106832032
502866045144240
881721540843082
589145229371896
102658900089137
1063077572182899
1104378312040650
153684475495807
767245445096754
242808884342762
534141769912180
763223297122700
43807431602317
805614971761742
621282255237782
966035662703547
506973917915764
416034172971110
754913028466285
720695960025732
735639307485139
371053486329480
165241388583783
13976408015375
593385083964061
445868877454749
628582337639658
1108433903549852
564464227461172
846404855633335
31402167401439
121565277318606
945190661829395
414488273870033
990570449736629
146565414869830
340923834274731
742895391902340
910396026668543
646458310480968
924240246177560
478292838888021
996590507367287
111037291264998
352588680027655
1081603002021549
118633678872504
341044678608856
822434740151952
395262751283261
494187896006008
362083656939895
890680220727849
693439744601198
790879187685821
186924950193378
820869949193384
1095802841746514
751365513327300
939578211131831
303976421259613
256320705955845
362989335875460
902396942277526
905782929997212
1023424755794427
730712032077172
297114019531044
855033815699917
816332100274692
428171878138850
815218661765959
97362418732826
950080373981126
68254968304091
846502411733169
862730706929403
996087589154348
315868849238127
401970678625243
402427952814021
1125142874066207
778874187809562
161851293398197
495635831747235
648743996160121
591607205307220
691196142413104
435400491489718
467463907821795
1070985019549451
180210157261334
889978593203443
1093476012124134
268787520814681
829401216251872
164462050346551
1118089685463875
732337386698309
1016706251680666
87400828271376
744265368981482
635952486693454
274312610968930
645666805217347
433233299329061
107752355188280
349498621952262
77514442281011
836408570430164
859964660884988
263594773506985
133493273743282
65244460574243
1005330273945957
94091699117233
1088652262488625
918554921644932
6059183649820
226371138817506
935265520691532
956791972062349
641718817406486
517255187641364
623062077906457
1122149619937957
1111388001050497
85948046163065
494392217775704
675753041936623
774370915490525
924716376731979
244959339071146
6483448947984
905753026682837
669153500204597
388595725998420
1053763270143367
480260301785705
431047401539874
946995893381372
97798632604998
374561462073781
328305917697104
1086067886030968
475250042237099
195865102463747
514532477675386
704272799307327
197038880041381
671236167390760
184055967778339
1040880735211711
581074335959848
382049024708712
739445375080545
935276809819532
523719346245039
292905728421413
1097002124459980
576976881630467
979146596359831
655494745918276
875498678380078
336720053264138
815331442179583
21507231263700
611275639679005
881609337908185
180804042742231
901826466718830
167107213739331
780434199088270
1000116368798264
767725095899312
75298142148263
1102200732420761
876693606907412
160641245347893
279306677358258
1054388986131538
370734189306761
75461251492710
628976189285783
978622391054851
294095770273781
1080481668457418
393335152151882
1043030525546472
261632554474487
697917175080469
649397266924822
911217251599369
493792630262293
754039051110563
421566339499034
955470977474563
886763821322676
490600303202282
342505950254129
739435562750188
1103262508940922
634867402442431
63256122750701
846502463861240
616456755013635
697557392362413
894988769726634
411826828204372
773198092239760
65468971952040
935766048759166
477112768966578
952402001595048
629122236892691
473601331980028
875211251500967
809706427607596
293534885019125
986762004205238
811299692357412
512547710089485
764850448434101
110803362393405
569928726558004
362064133846273
12851890215418
118695010712518
992400916276949
867734266822319
700744605458587
212788087967239
827011820853068
1105705508725721
955101476559996
151372006242257
903812201676677
204880936839665
179895722012735
656481897433070
370970232257352
453849576599461
261508536381422
512195098298063
850323634736506
1065202842676645
577104196263938
854508313857036
347702306052404
994097979126785
356240455278777
77245368667139
142539710662670
81982273684490
251507384095136
800578338418805
532687671083852
964354153761849
746928732808526
846734395553720
751426070977605
582872949993970
372746116023423
632627205088285
564369542566716
973657431936993
908366390948831
46052376002008
92615146602402
1068196652804340
331214358595342
195710993210171
592567758383912
264771943991703
513544455844199
1028788833925543
545468848467158
387239039226176
370736931068411
1093708777840663
271537434022580
1100246301174331
195591288989684
200352755118594
699806405945658
943162618213877
64761514966010
1040659325044739
639001625513274
337145683124543
701378627074360
774172783632302
70330946197913
41802270687116
300963390607771
118676691764699
952539386732685
197369154763950
695839230359546
634512865976148
732671318017417
207197128061299
208193594882901
307468931469513
901241809028482
11031307694711
785622290336019
223029065077130
580604617505362
110164278531499
564314034388425
766070586020626
651749942494141
764750547202841
1096581786815571
523355796655632
337294555876354
236757862703117
917296499338379
94981821069082
835768222778092
1015465109694986
69791156801941
1009599121677078
522060291529298
1070733742349158
733671445210010
383886571671669
145825633757434
958815733182979
657216170419986
780663110155301
739202002081534
701689366763579
847225685054149
406517665789057
814816345122400
908899258124659
1077241247289925
379489542836033
907937602262069
467589148114119
739036593915789
955370918747731
672413628727786
1102343197095797
957117233638782
680323088319365
257840454623120
532197370294718
460540487194981
346007019298513
389843294058936
285422195571884
589224123655911
51248749322446
688713940937905
321352208109162
365939961562087
101344746789890
722670214605143
933550282078771
757480892551935
914361768083439
675470084759750
56849736759029
608015796559949
1000047552488947
533398190324171
1063396944002409
1106561983249606
326206651460588
923293481602067
983779060946134
253559187671012
726215666364003
205058787062773
633346072212206
137524100478304
1109943349679416
1047462179480670
504613520522861
1067169495599306
517857778925525
242449475440385
1011219035159385
233002199894042
684443112303705
151355575595408
310151677962706
546467025212198
584748086342511
601594276590622
412377100618946
399101365411542
459732901052164
427599091444002
20215975202723
1048831124929992
773809788968053
85718715190149
534193678389767
61660921253966
205752677775901
524917199463297
11865732905697
1018031062740874
525760243480881
793255717973553
286713653954004
435087800098949
667095937727480
598225851240397
378412951305579
648290065129338
1062131398234115
496969120420718
1002037104179954
826300966290577
986211411927975
43088718195360
929672228609001
756624325188335
8684187014029
928553068713994
886655645581317
962151419819690
384566037476758
1025293424231434
404304917763342
359043261611213
153584064219197
1099595309276717
820177192166193
715767344878431
863452729887055
453788861621236
333005040614536
677067575748175
31313033462854
589378891370967
337783297924571
746791222798711
693321274410317
1074626508254870
999766079049601
704839852216621
531946409638607
820875703077751
868944090304550
304653689231190
46226300756051
1074091773349643
389170714015051
715041758897451
491758956111861
998429982280118
375185834146827
184893621152591
127907915958017
275897902038266
572831858246841
612853942664272
796453779708984
699374801728048
13507729268415
153277450507562
178091599305163
830570403210778
313974580095941
109613461608494
529079807216925
227815972375581
1091561645280352
1020935434002198
467202615784880
638503329229960
902353700404833
403656037339510
299081067339624
394515845457984
336779417563493
304980671848818
166292911686742
881216028472658
85083268893181
75398641543229
1069537325489804
687153401746338
94264160390354
486258679255988
952071299061922
102468598125044
324820309354723
814207683611506
361346534244619
287300829962916
627487661035073
323288859117870
440747123606431
708981255469448
807472467257633
1102414188600642
829612378343202
852645613584471
125330933132195
315226804615175
32879629346922
644563235314357
736071286840626
159423721802182
804603805975553
799695585686352
967574283153485
548292440326
975354225904693
268421588046459
648585422252336
132439875638306
616167532632192
581958097118553
262321870966934
1009100834386245
52076707926146
614154548627672
365429453247136
805714243437355
1089602458570678
659924685294307
323150867971392
109505136105951
679488115380763
489205103265973
590869294202553
713955891465399
307536901620136
459862886849602
756809466350588
837775613359769
89987169453107
508783830359716
1065127537867049
1009856381687121
1007315570558648
1084236314073887
888254325268781
26748306636294
1074863006666857
437262325952945
261376962089089
4875732643429
621550965610871
322294156037479
169617254304783
166788443564908
567139206117309
1095438637903411
138126316524719
242543029198423
389746237558622
584712781704342
1015209371433295
878559953318610
145340621056007
288385994562510
1019832836363358
313962236287755
532224851256068
366267034050498
395236134995037
166421712583345
999303551655825
80310782339365
1048723981205573
771681754377097
158969396063080
601692374989942
590842098232841
819557294526150
80273280892513
461966520787888
514873221386790
47126539318626
778841118483084
680463032904060
400830615538596
1091577143253937
778484423634751
744477940711483
48743870888651
33733678769902
19563621007926
514633249597536
100929691764462
372420924323513
489040610253829
361835706345656
1012314762381183
945350753363039
841056634706360
405811122641763
205126814517434
316821016107034
627716277095004
1037103443883934
739823029342835
122420859332902
162283813631663
452892708952186
50010508988746
247407062452210
807390682940129
12236336389779
1123086685052854
741988883658506
524568287644772
571106476213071
278002310477815
1039431958561823
87818164101322
361095699558254
66849624476195
562075323326996
201365793172983
208635802846165
606105515402240
736988981842042
365832067751522
499856727107803
346685524800280
114212709399362
561314643940907
894581085632212
495441212531881
408005113956444
445520693254850
686139959610885
697683152257348
23213164082389
347489701978334
761630492421818
911582660166306
530135783412321
91863381143149
284344090208732
355781471335748
1106066420365505
337291004982268
854041575421047
282270741430173
740884125508468
611260175384154
866949154331686
104386813148004
889096568523900
921416947913310
115572207324740
682366714424598
414032242895484
34052021312566
631839119685732
95921230123442
802346671573162
661897235958935
276511846615223
1002013124740595
897141021656342
351914526526008
1108392324326316
670604384946174
247829413791291
618274583393801
975398346513795
326437119596155
479450281056647
912496381194051
1044863566965867
399753282814291
700458983433483
674054856404234
100224590653685
334457845701189
1021934188370019
54518857384323
870680849894576
1026239013072601
1121906667509341
591323911551485
410517725759623
16827317558439
1100105392160863
119215800984564
772119677004268
905797373382667
553844295604822
838242286196481
437344606304898
866294712329297
522021607446147
930048548823632
344802239705075
717186686361491
932738441006550
665586150594225
333867833078684
80682446698869
256935558080139
993723067924646
289687542097271
131422162363883
555810035523346
319933348211002
362690551703613
661993570317245
43696013730394
472388183429555
881748726098576
562965302195235
1021819826662661
78178461051442
547734672151447
148626794824858
815007587563125
231960205724800
328726297161060
270447367382252
259683138647113
206638916950058
382343783537015
918154258534519
755703594999242
1048475211103596
590374562273042
770404394796540
341339746563463
172084827107561
684632028215718
370462079744656
851125687764447
281372176464676
64174468140512
662548596385920
1025331191264956
668061281115521
771896419738376
960035761719884
352175190048699
323671442780516
983732254688845
460979913905463
838587905448375
8892577184370
907670158878983
151055152717015
870186616049928
394391988332944
736609937643936
1098631681003789
161985496161613
262128888271306
305683251514363
348974209193933
333465626953416
316447616839904
866116701197018
150366040733274
722607141223479
296990023210740
1048656001430878
651831573878033
137106917957414
1098898574765277
294436005221374
258587402682784
1026049736669183
292713796113067
455095111676957
1061936912654271
861605111538622
158768606045270
171446736285971
335713181027189
596366570201012
614133689663970
643165081944482
652086674777947
512529968920384
1037282825351945
504724882460314
129080986960192
823598051223384
721954112745057
678474832085777
281274079789343
1016121490200152
958594712634248
756372955047645
1028172400627446
573357813669357
709598329429100
810145863657479
913005800548978
74319163329526
1116618525678766
112462419285035
168284305112745
610828654986964
272932768926711
362712059532449
533852725144686
261371432018253
357556277174446
949297668916092
360189796926308
953296109905878
732567246369606
694107098633196
531107868604410
1004496243761374
379972019911402
453139217742311
1103493584107289
481850791984825
301033557140004
1050796398054963
720877606561361
828020285087980
624742203221972
785313597261849
441301628521945
836133331011503
327886193567464
821104879721477
843505612513662
658357739849486
812407030290702
1122378663605333
393399640838029
941968513090556
989130617841650
362652801239785
737439682921926
121861139567752
842602024628049
437428972846146
917601637737305
659465071667775
634405243959133
951029017317790
970581954622976
129472672406867
539729385686244
193111110342544
762934135379255
734294935110463
221844296527891
514816061937330
41369674928569
493404887223828
910762360087397
733979737401205
526980642648163
963385328871304
68906665703287
684085307027527
340822933904763
1060244577912660
978033793383900
540854239613495
694178642528247
1019565083939104
955038417553571
1008296963789552
196528911304558
35730102569971
31141625590517
72216634343434
1081948180476256
223744079212206
873873167231116
9671395893827
649474153047431
627340297713221
441402294748762
1110086802802624
925367858060165
383575652704327
1036172133806239
760239919266925
782258389924654
921936488750534
777710071080690
590237586901707
776690088483913
401097363405574
952932753335955
508683346019729
73421829635174
861100432976131
176562658421593
253411984069856
1024063303309574
295023937285571
184288577417549
1124245282430924
668957814452605
702620461233621
225773618710388
226264877011419
238770592861046
576145223582829
288285426922565
355678176329273
280577030099110
571743418575873
285918925824909
800702066370006
879805120396397
483434596080036
15011884321145
491411867303719
128029919575571
47091855089234
427665254756058
256476184366925
250653382397383
345968535384337
611724373115048
135985357036069
404092477335245
698504938652415
558450035331568
1020832672540687
395747804918046
974259488603522
932788032225358
667208249570238
533175385731040
420425402987328
1027454353683992
681999671903557
599289942221776
465899305684451
143272427963388
1020811732538823
706691731966527
454827803970920
1079409880885704
86510346858309
989818623149854
762019741513451
9779753224499
829668951845084
640482810884452
1021969951500016
71414632418902
885930879615544
1026733739520313
276184049494114
392852553224068
864632127559755
368207579067375
857057133122288
631314958134388
404070741220428
43077248889017
296099644422725
423614535323827
682108978809181
609259500632965
129319169092383
837771588840550
34699640769485
819710477328890
876092974667409
1009986620351062
1021158127618835
219499335976146
299664734004205
664852774555279
429361997007615
817397235090916
220914073763140
939551146180325
795621093856111
255033750855036
865863435591802
157318893556738
103776431625469
975707213744459
452762217961989
617867486217958
206040437466030
1026596872271875
325280581744034
900390462133671
809153088724891
631703235957670
987951873460926
1033347006123689
646852708681767
809824507247073
912508835234005
819728954323731
679883865471124
174588362564960
800729668345242
840050569484454
429049338293305
115609165660147
591153040611893
829654711089914
471124291701844
442137095356371
603576741900111
223636854169369
588522572511706
1043943611229433
936287031381908
444005837378508
108091705885205
626597386309325
737101015376903
1090319179477058
134693244360479
608375632898125
963600848354804
127099689783691
622263776310630
1024940555632860
217835074121606
8930188538844
250611879381674
515139449233579
421031760423578
307082073330726
904047239622412
897476088140729
47131938963290
217889836588105
723114574041220
749702836086239
695452665638938
785805123263021
1122044402919509
856966620258661
58869184865027
673088040508477
177150814023543
851142243965168
642076364618184
793602035098409
174869378182983
807293160164848
748793866189068
741691429203708
631470269069155
805580670602529
523731151333041
573641563322403
81454752877419
502057772086943
1009723192895049
602287102674432
877929091837869
472063605753322
84101595835884
927491321830339
198118393700842
210749850418546
18549451649853
1100286267340688
745934690782750
1095129248506521
1098115107132701
631258564108484
95527131186600
952980883021770
1013794152193220
501330832141011
934245903736937
796192978069666
59431778548828
223159734760265
225781060151999
638437934694291
384123188417296
710878042056199
182103287491946
77637583449190
120061868212085
250778566729578
359239616895982
240149083439159
107195041463674
791263809974799
686561777995563
842521106371223
197556273742398
929944208641602
446241377310628
467074502278306
326835640005548
405245732313206
1118648313651227
330877698402241
1086268809996860
386263079363641
889397275443756
87515386803870
301723863475137
76638668849165
342130305524662
633061921686140
367716561659488
979323337240071
546668955653721
996818500464698
180160652480017
159795330216344
624769859117375
931787294388724
794866899438095
689014071089652
1093779370804064
594700753628936
674578062826563
320793015131593
324368222722187
655564452224815
963188773013847
439802963052092
773879226056627
305989548557130
405011882320104
281488180292448
518822079568824
1068016854351101
305788499058521
688364915193165
370142064959693
37377764152765
1117896332919840
1068671945837754
552154284295249
1099793754663692
596055197276706
938607085224454
1051270674400103
429960194947769
606726266551023
475833060848327
552240824529350
683134588428018
517239723672221
606111470019372
541575556326707
168537700049831
929206847492870
751754090477737
525201496033434
1012282897576846
5138188440883
444544909233788
510202557147742
386053421959844
1040982028444897
836170803952928
393291613186005
801383150372025
414878631586824
849499400201567
226807018535364
384073336854732
182284974221076
1047621149835438
122494826989391
805830672847677
300045827617642
242323796972117
207129016531262
245013379003821
804778108208168
493955454937762
1120934661755847
951992110597216
742680822843482
497464646490507
669497221611893
444303279639568
860671887913611
57107006238530
847489502610593
590058083758664
66218046759512
949422039520892
602633089590754
807548881058212
666055020280425
708082676353524
505572129277790
1113958335653018
414493927473371
1121041459883277
382852872044957
692138139721946
423648233123839
446407991639871
721348246317765
1084578302892943
977870186581368
821815644704654
1045892870589171
620619760878485
998163150936431
364841440015666
1026966303773857
545101996901070
670916274700708
904526862050959
153493444111318
355829765797338
182878474864452
358370331864728
381254416998139
818289418349943
736818481816735
465239860719992
9950099365406
729283532869750
99244337500152
1088794883755701
943837032070752
769221017943272
210902893801400
922222887874599
293719929902063
530367976757579
714102900373420
1039675691146916
847453202766206
795277172671130
915560686893021
570273914582413
696603992372760
12374188586004
897128952412477
960246194853740
10586965396409
962090089647564
74975834145054
14674255324479
902013518435550
292911963211962
451169971111035
366167945994280
485163072667905
254954255963952
485244878133473
208249260429634
160249676135166
197828982836603
1104837314515388
515015073293371
8136950931836
439786472355080
535116284709088
685889636258876
421048954093162
314070094141459
919306756619634
1058593896190892
568784303097586
760769978555110
962741921504411
1061322844074644
278456890716865
317491255599439
295716962374491
473420878001879
350979942738399
1102814904630212
914230763075240
894087583143865
1107596994317715
380165290555089
310430454197424
1115499852698392
172661704325262
497375780087166
501443513244155
27653008426044
695031133805999
1070091575372917
394180907863443
4310408048691
607968924135835
343920470683489
198644017600509
135997092273079
867318383116037
279748085679399
65830714515639
334270033715649
776479389744
455107340340475
1084451747477406
892992722579185
471844573512787
381709615952936
267403858343569
503706271451441
607350652205989
111789470485135
475641131886804
56079484651619
896491813589163
566347149782312
251996486995329
888523430280169
493789462093679
29262010033410
229914645780419
217439928267572
645621890829010
77782555875339
427114356041388
617825121059247
924953825664293
1054289715236688
857924136293693
935997818111959
141602559055782
1248591780407
811945269741786
321277285638226
380160765498601
667433351225772
635167417545785
907319843853299
404652831262451
157863426636250
847848606787499
389087003142401
406617183390775
480406301230156
102488645238472
691546727056980
656481049553156
334795864157468
1027168188515412
90435653432596
714495885723355
434684854175373
564620555551953
152840147947654
589383050973595
996812649866870
214691129161098
3055739119602
846461460122586
293253264452227
1022611119898424
1064918106178059
566534012299207
645498102716666
124809064281759
444196797656463
962067243204197
462520032207258
565781380968103
807875837654955
715774597172029
45201635257042
835274733498323
592012537338845
301410639710709
74703057764769
809443531873449
1112276230399844
962298600371012
245542944820044
749426901455539
507089875562645
700979899716775
314856622749995
757411718998031
94148198713567
220096844789688
570059390561237
171181743429775
777937259506751
720240459323637
588453658638635
625736262318064
546239520577772
139818594396647
886546787956032
577170241470347
764052191643553
897685142994384
505551095408867
323178169875586
377717997104160
53502053951549
451425388874310
583302620258499
971862099270624
381353665201692
469256116724699
878258696330047
1082380617584710
209204453364117
300955155130690
269701725765438
486927349636161
1077727474589417
825326676601673
563367540662663
70634228995727
867141918643009
458003986398780
642531265523372
310526335832887
34085690378600
1099675333117992
75284925459179
932009833194532
583517876850300
1057852808502812
622649862607249
448900236528185
942902786306736
517566300648932
207197972746689
415008557088885
875901513250264
169591865372033
781824611464882
8897825704808
544048867455585
762980859135219
380055835158584
437661591491211
317656420971140
493606576493605
75582340865324
95415746267724
550313002189202
889957612962554
490477373028951
132243318945593
709937972975572
1016788198588082
200858067092977
688908714171239
1068308525670056
822890492627573
339563811408966
360467516731774
120985706955039
876393188034600
631314545407133
138136236262839
685031607672181
643329458160585
213669384124271
846813783994777
904170690615084
938552488855976
263401268611267
655072962264629
1083796740017342
853469118553027
142679686577843
353074211806683
684775308117296
202518279060468
650639278286021
197147599685439
182750806300072
47515514830866
45881982285398
910594212133701
227042129080042
134739103149352
423402931184638
387049935117046
129541874747500
722136143013125
1027018478914467
529166517026388
609532564028936
23287143366359
508721949002838
237281323731531
1102728893272398
608873980682915
597045155007636
957643242127723
39914792734041
896992345646526
704372469653522
384917710991638
756038771067375
525735274130712
85071579252234
497112012714569
689971962550266
990515633418719
746557507786995
308420125834220
210249363218019
1028626967570813
1007502023128389
265410301291208
919164798472918
166588753084756
48106897040943
777219808484714
193744820075290
606522863419092
113117378362674
127673581936730
613118911679514
290587787287376
255799303092791
950185047295334
232803482630451
427603232969712
467635046164418
409229139761869
93674762627145
144212892766071
308472447424857
678166373421449
7448002830154
1073272114886419
426368053329657
552540720178091
979333748910982
1123387484937410
685859641160416
182271536210653
327123805716214
53998843132226
885178180446145
563208362029176
731081800373642
236133042183163
449916512548972
245912872967250
953904418627185
825152791707689
147159875096242
587959147848493
6824707883852
38998145499170
994494609473834
885925276954282
232977457704844
286013113451793
319307093092839
209423239650905
605467510335007
173903490740328
865828317272158
737741201838295
736625193230066
9451057528364
527701995520702
522087364624105
206437732761573
590803428098939
612060941416835
239974449609727
99210187346906
117931872892155
1024549057279561
488129540853754
575979689567848
640387639446129
45945161185237
1099758786378632
369368904750133
586366270791124
99012010305015
13655096470862
285862635718690
964053614708293
831388597927723
435472852588859
791189051517907
136594899336696
258054712680814
720949463260318
58924717051373
653908812321598
74772766943579
83223982244935
334476886648177
673617762240651
1015992758694599
621352107247360
540167575991399
4645548528507
523576282849435
908049350472890
663086201756723
386235406695865
878462478522017
90213180900086
113624520460468
11107970653245
809296368789256
356527886815868
741883625681031
373483172288520
79842807456194
376162189727506
1065045198823368
100618510247892
29597224873908
1110164217090381
1121494463318597
350386525962564
661035665731493
434355518376955
624665521494502
294801189936319
922960422998357
344804508164654
861775749792564
467290919115742
1069813463420053
282722609873338
272802187795542
1074206245587237
1054058482114170
1036199256569026
1110850192221644
822464587678369
952385692852739
427598171581973
452451043347852
494803563960251
509221107890318
841727611298919
552347122058566
531035714326540
1055575860806838
381704676075560
351149404579264
783975217968557
311272324308646
691410612242244
967327021187612
841469075691009
1041618270424437
141124302096854
411046557483633
895874299990865
900442539975278
704588812062338
308859370156701
929057805036983
454700373763523
340422572621938
1029180232273240
750671016307943
805241961529412
516062387476560
350088877373251
288585274114705
962943646787217
477761215373539
386056608120006
527353019343410
506349421483
392546983726091
1047137628125433
1056112258480616
290379915947346
395077723314894
678278295996212
503430313735345
33020680073824
1052845500721566
161995661592001
791062773842101
294394725810516
809143480430802
221024618267482
430895451714899
411959673010970
415463905728639
848770978201428
390766413336310
283149648636705
371571119390349
843085352063311
439394177307375
354023137936607
350578190647068
142618880562754
85881963644267
318789714216913
104427546282373
99618304128243
876422762587489
497661386732282
923050789487314
369027816236996
500014915205649
60297356393470
56282042633214
436871829028360
907223619680956
949316620466142
32919761211588
1029356401507905
889958397882827
986320085239984
1119337659503052
877352740673436
281539346378455
391910358302175
847907771494365
804773838636070
991614139646770
700452686017939
203532794212308
330168710842161
871532549795457
275021635921246
238059836370093
246163779225754
103162777426281
577279378276953
860755946709473
153004601160624
458359460497589
209730903158319
367271943086552
805884525093955
502662895414241
97516530649246
654050526619149
464435364493146
992527751923267
558708882412465
112269079401098
103398840443637
891630770045840
255044949323860
146351819074617
655917673281140
167011019860604
626583730897610
891449465951452
905079553063389
247695200000093
269437910835502
1093852329880879
688887546353846
112355471281703
53945442883182
493705885885806
728466095167247
327332803792612
785172190378228
313451081711947
338215516502747
234507648721601
1044948421616171
983578166742366
123974952522229
9137989084441
874423181044080
180934673165138
1021779227166788
787974322031881
418201064231901
103307478236354
4365824460459
673032363266316
497956220206745
1057003658717438
252869967816521
57736202252367
40042496858626
534322675086460
880490719980091
1055626301239597
141802303177410
138787775989521
570192277868171
792739961662702
44646094220017
400909359469059
1066387049235890
946906086572783
448020531683680
1077764670816290
86136032083585
254901396478267
401661295520594
675773509292935
138212006799983
454534890248687
1030684756371753
792583765944031
460097513990774
898601141695419
578635232700159
325668389094096
1045511030848511
555959679855672
252272724687863
963762675715692
821368318670978
289011448055854
150517660493182
312187347120518
721697133052557
455637038876433
886611113640749
35178958361669
858424179812198
625961370529011
479286342206426
913795557837650
762448858799007
204045478498130
927783402484039
799475452559138
396031395034466
804984587891370
11665652260802
1018954878306089
954033122997876
790842812255727
993870035893048
93246565192327
237366695289682
977454927252146
1091743918319406
737335502820548
557496104464935
557867672106002
793849636900681
1115832475178308
1124867280777183
892619054905426
43894893455302
261052556730367
685176326411962
251148997158154
255169064794729
879633161024261
1045518198887305
753400016581284
227992440672809
318891611650206
147993789266105
116559351578881
215237773986854
602911061090540
433372891995757
901933085630650
283542334967677
1085228438707175
265789968219204
739695840046202
759452190290768
723869727798683
708942819441218
839080641330571
167463439911870
781486751932864
75717627106171
144581496250354
232279504072623
93071619747255
930636681690050
846140709880662
1009699057341285
621248701390460
943764406404279
382308841162137
2333936246901
1062054165011663
1053475645495330
797763032890246
681200306329538
1055247800246410
695046675139501
893087184201247
487344288202326
361143771645610
703404369848396
940788088255068
838750347997135
484112939157691
738304418087662
1075676818913341
461641508658102
590789446490622
800630974717886
613989690900634
858845209852288
252863916756288
153264743644687
617435755436923
302581387819881
192170164102307
551953555283343
384350243927019
403463227592195
664374656710464
184338899617790
429329515336144
971587232339567
1125334744893615
1044322552129804
530712847465363
27959617992679
133647456619896
442848396936384
649424104133387
507672100955660
1016983735646913
620582538427403
93438528699976
911440038870538
331316304432190
950466842010339
353099680868130
711685127214815
109789799515654
1102908623970909
715842442283848
974208617400580
1053299090567221
11650708656273
885264788745545
470195061375005
239563095049564
104356359396886
474071854343953
1116160166425515
123793490165898
313084315388424
286343684766762
660538383425641
912734407064640
804779091595022
237714085619963
960633324491157
644575285345060
933307714391332
1023667392717890
1059243698745815
1049478155153016
472241601974174
665145869271792
579147560092067
589692199739088
116847296834971
126577188340712
818979063972145
644803124365741
614019738138167
700002790534461
913294002825495
1044130034481667
914357152458641
195791864138721
97211513602384
357712502561635
318403343685155
1015750366476215
112908446194646
544152055944936
729433934771877
859036513330309
64870731735726
1124222806049584
757933656876481
198176703726826
583555334244594
1066412401707792
1014511529176815
1044976169400239
463230019455026
983951916339645
378515683513599
377222035273281
188446903391147
467107716073878
485596734810269
1084371352793155
1565644956553
761158963689673
905531532501523
370045314160377
507108394610643
314989478633888
686943101252099
320307458391848
718398524278046
712977251249934
465914764196670
514607734466555
811075115010999
1096367001793027
381052338691243
117067863813194
472153966702867
394936687296641
322127937490145
1047378809212776
833545299765356
848045541475803
403256851905534
1021399592098435
203235249807784
601864345208824
807987745108036
229233183603333
252513287608705
985243377575449
1052829158493794
803351811299753
93227889111895
895254678451795
70934843338923
810038150990717
405569365870246
1083745338569976
703494522276642
1034579013093917
729861595360851
590376776783415
733283000050438
736668478625512
110440636311565
388891754087666
380115237833558
66393057753599
147025576600195
186358754036264
756173954585641
163949279932208
1063124006534907
795752075496610
688322738320775
247543795445504
443780423423035
656425365617297
351164731984970
62109734024714
157535393592442
490929105433122
512450339490515
979342122466485
704094900353348
393722616526726
840819633233317
168365516564560
284838936329080
1051780994049208
494308244665211
125866927916549
942406308949998
1045682780330709
918037550690219
1029571547264467
426414653739930
368643985070805
145922465363377
441746844938365
757589424174531
855662093884813
23287778724695
255801012036384
75528405094527
752236008090258
358586855661640
108428451918591
56183249606306
780247078175404
746297134453079
583840710155622
464823362306734
265334402372738
846805877055646
256534535632803
908475320826698
251377974685123
564520985219600
1051595353214210
89875881148629
1015019378261804
1076681705846043
537625495589337
293829924909249
517733740820540
51588298751844
108537384192791
201825234795866
710918187039272
121068939300340
315214387351977
801724559645206
848668705417226
743662678953843
643928589147651
618927868552704
462486686779371
80498505141482
1068979212403148
1065360536225613
460583694716104
480564061204081
880124386472468
372356874393960
226811070071263
584949817487257
133747992962707
159396234212677
30977374474627
247483720164452
353420290745703
262309111288352
121618980528126
598419513485981
117246026246475
156878023077095
816031297236847
553262610787061
493266589424794
138606551947165
506206759620747
864671961871571
510482588426696
1055897246053425
148424000909321
549565839700922
443754594168487
682318486320579
422934272869642
1015471863812216
1109049316537218
1063061234417061
813659975384385
994206632088006
568012674576430
558675498958021
653431977495644
958980896855504
287316448315568
160267547276726
668001547944208
984204816408085
614667836377884
80283896147530
419966620572065
958652530733879
674883929170557
178452931307504
171718848499718
270700853865949
554986000062972
28287389397941
1104217546343808
284532726503562
421828548148714
5778293111288
583103131135311
694450860351815
494953632224335
772471744867369
305039144236412
152258929222625
346096245955359
186969828400334
488170707426527
201096066629857
849638599939297
918853694283597
835199825305827
472163458883434
722011079335747
281873843769951
825199416665109
1056199249191277
542597090643747
22699206283339
715305417853859
325752903806281
148143806156792
36547721222707
1009822727907134
1870229605982
359172546989671
701078450657605
13353470229132
51760648564404
147157046763655
413234663732745
114030852584139
574843788151570
264384656220443
963116836729238
786076792967620
938931953860814
153284077915485
712228758768949
999827994861643
1035086027606709
580741240202350
612379379216357
717463387496350
314833642505024
650625822443557
702724543347603
790494283185251
943806174233308
939939541675219
994823747868218
1060218813662493
1014770871883233
329649344496031
1074705257105019
242339063925921
101030594794387
389687880901726
885561813935830
1108081317000004
878980819845149
802027078864328
805205376958113
209299440166550
363788220932517
413233484853293
1050376071997684
456755606313774
525598897190896
645750640550029
507411983148799
453150285500803
989044055036980
834162684409003
495539160731667
826282581894311
820165133206107
10763756486719
56683869595383
53531702948385
807908178162677
976797116626014
39175175432061
243375845845817
233202186495062
345643844443143
374127558134243
679474109846371
956807835351443
404499723207772
593303537316014
699286339435037
646155182182760
527596348503987
42029707526297
825924427906463
446787743650018
14953007519816
861152743271647
181764065174575
874489192350944
699530748390616
125903194607161
540858069945234
937208556254048
391230178832877
930755452400946
578625701591094
945400837418904
849115575398521
1030728044790815
498943493969194
548861006542153
1077607250657575
16894346849111
397791278542191
797359950806825
567507495109856
498829676721701
746277622741313
219105103741804
690059346311597
866623521799498
867655113156821
16690777343546
1065290189525559
55314117962640
450019478267847
307413213783117
1031524173731119
594664387351470
980526918192374
873153312242945
807091043570173
650445652282588
157332830957186
650770077062212
171455185722748
1104203241847791
657740638882763
156728895699915
729745568244246
30692920685993
102098816662111
157385486123274
575580835198602
1050159817895637
156902335405173
1064607242724890
466121987268040
416447303213078
1084308039744399
213663691449976
959132791358907
969945352482977
592745224137473
183569150556411
777522653858953
287413491717868
969759447439343
139659478856186
464690936972144
687372757126697
588890929969151
820505771348279
1098323882489271
790969340064573
1056152920405291
134220865288070
317551768752706
543178633225606
366795134108166
204012259817804
357508536328769
819530994002471
1069822814285860
1115046594554972
801841875415008
827406349516
864530986541349
819716047132489
1057305044443995
142199218490695
93125602862319
536290462905235
1108352211573492
29178151603641
566928655094749
764022881395543
276386442455230
749311881432951
834061868503112
619130377543844
579457776427838
801858267761459
81213733121314
812911771525129
1102583511041288
59205328855730
581557892580704
1081064176553632
234334753309389
179366509210408
1000432530283756
316558297809549
1110366369841894
1023294249841263
160821645039920
904865325359977
256804557625466
832110418631675
277694338739789
663498174999596
1093997991477414
29293048527364
302041589795885
30772665541283
356407683787449
1008454972978911
971921397783037
707497788386678
782260179771873
466185650768162
419581698957123
232397820232073
1054102125113066
55774343487085
219564978490915
904154497168293
558522096652246
791052204064207
778201309045962
538351082270546
1031392047877338
921749820681027
704705045676644
350903580292886
334676208176755
109138155261303
514773115378021
464471412618350
523741883943504
1052061853632640
970738830173096
312897724047772
361649741186259
816274193743328
809021198110455
941210308270765
639132407898662
517649269495527
1062264467041776
139632200696476
215223228318684
575499371283353
17247507178434
1109864750762566
937680858723975
530460583518648
1035040641056741
959082451333119
1074708479063334
790803660246935
921935076136149
1029951072969858
240013270830416
619312610223995
554662288761759
622825551116590
773191406635213
913976022802912
696501521478108
207576799844884
397653281350176
895127112342631
460585327424164
418459458158301
295463586418137
566923406971368
520463222268717
993916333327343
525773036629093
144329848520737
75600910659221
750896793313570
311094635919971
190708177535528
1085184156143350
119229612366448
205951849523181
236456699460432
617068936990258
74690398946389
1075890184333462
613944075524118
981487190724017
209459432149177
321188745090922
556399197459865
204346162382440
325324515446929
1028413686534765
157264691275774
293286359161248
453171421282637
789464825092455
416769365303081
191015614840030
1059128556332732
275142840590998
169015256553402
1079536194112420
207052129632826
252701383724899
44486504938299
961376447797816
109131478657503
276351270725853
721471593676265
590799823238078
437899303476945
728205334949185
623702749717243
200957093927028
338891109072675
864483026668632
273769325156538
949564512375786
1099635191420704
342058995219381
507569053199713
1122789347328849
150685336426955
706575255421978
177935020646561
556013775225803
165287237895151
418942786109305
922025144550311
520149833708306
330057810093459
376148531862626
498200572550158
319032823711035
105731720039678
984229009891409
339809680603269
1014712359114999
785111177000604
615162015618424
879071087960315
458517156730284
603741446002672
932040123619491
480667208866737
260579203692865
401365995930837
603304511089032
1114675231232354
137380968376314
509548441172716
872212211822954
1065748723818900
51356776117533
513402922986325
108270162307587
520885290879039
206814385695634
1106983114485131
931895696161364
457839188697113
410526664544154
16838265150880
522082892872074
917521527484692
967529106093176
960275359344161
495055406771822
680665816474492
195968669676684
937851527854340
834819132600759
514409969300913
865822373693282
844174936594501
333571078015556
724905819952763
107912364568570
845199861213739
341380334990645
595812445530214
839056572856912
78989453849094
646451787909521
296027266780458
767514186146158
461181195460956
1005203396810585
1108105188304698
360741250887879
962565348147527
844874199435714
547769614439352
277832969841726
275784953994395
809107367668757
527671593072255
801636755815755
1092754631091035
491858744354254
452798312893781
625263808103849
1056983378767061
130812684124063
444270494808587
70227167409833
78880595492663
452479878870550
369887584381192
1058711863923425
15073600989096
907396632244080
36403602855491
74235920734793
254223543370098
686797184307973
401703346196302
744780438280923
680175237821546
1058354708555286
86388545981996
1001528525750729
170551653707095
1066732470038165
157551879054110
340826802550514
58586883888750
88618612099394
70397420965192
98155439923786
882714855537390
1109807784970946
668551525944173
25427402917579
465257420610269
499390505836523
801998082994586
1005835543434501
735613602700018
76095947874051
376394528728834
889373617086918
773641928489022
1036335940401107
927638471274015
228291504418903
346313401350792
229650354747782
708228910429229
253717556848979
553620755385812
748668317295424
518283357926015
1067636953733239
1043971636504821
1122081150155960
103506925885712
111839401947621
144808639510063
673144365379092
122418555399125
624574110909982
1082974409379002
525687997017245
763331673509639
649783920685938
224810842413011
577683584599684
24660891354115
622711030447763
285164008004272
114273693722983
249613735071323
932257266981541
715643771261966
424517967461687
984204566845889
468947610812888
1046279361367724
345354448327523
811451338223367
1088539860908035
705848609807913
559535673281388
422993860931652
520735870157031
692513866233113
64195629187524
1125000258954065
224035279507843
696289132124720
123209217652125
379389742507143
254213025639997
178741302578576
229050373008550
1026769253622786
236991026673301
489082549606182
38532885438046
316371195328555
140442125081717
461578072314333
474108206312128
345178847804103
152011914165146
26771216864869
305188918644094
247295756517605
578440780082790
626280546619801
811032082443944
790656065353395
693310820277176
244691744620351
820624244998363
667949096292524
637069763390967
1033718916151001
131537213397537
828988310244123
183147349901908
829224181199422
227379054059662
735844426747779
1007329725806360
819138850214589
1070521955934151
784922893198596
50196536130608
229550267211246
695825035714775
911284018189955
523927272345354
528270649197445
1109564723425069
218402291125346
388905247510108
413972561161486
662571224630148
892886509264574
442792812763262
1098702681884897
60388378960999
28514409604977
136711090350752
251418165028266
709718686056043
1043809698390129
658012291947778
1093345850412336
1024100865365813
603944649891100
856954337011322
76511951793292
477127897761047
709284453990095
472926868413642
50875510790644
111167142731854
718191482090246
641287240775312
331456391619820
705114558121012
319148968031702
724265569514431
74392614513612
401504105684412
459683124784891
901219285648762
775089228865099
126033359188018
278264672396780
899504319506718
180174119301071
600310578804831
491118758259362
666166987860542
529137927759137
696426433781842
85149951801851
241814153861258
565414030010367
371154039507304
665937929382164
402219655717135
1123381174041703
246286872663875
441602864366462
361213827119355
122129112691916
169821900037095
453972643064402
709073593394753
76156625317498
658245037139212
122985538439579
459083510773834
873169194664294
496711671023768
190067866354722
520084860134278
52873170770713
408221861320905
946473554633945
897079273175513
175594910070888
214966152485373
849866144228345
714868142001507
295558968434523
637067207175737
509517728121363
584247351682934
854868736314888
42515597109675
4433166030234
646797995992320
1024332705349273
771356696695634
974914904807033
651227613944893
5207178204481
1051172504621684
470627954476424
135120916530449
190797173943037
681580874172056
347215211629562
551766622075917
452398594743864
986787889212187
945329497011146
25806554132859
1109037508040898
305010510835556
1105007444631036
213756209503241
891850039093028
585459104521237
421562947579846
980090175504277
117071276435159
764293884407292
319670006641067
213347902642222
246149571523858
200693635358969
579231968184095
453675323651553
235626708378301
976515612695027
612231990129612
579533460687620
666233922323886
1060698122838150
661434194002792
667968986256659
754288209105580
265782997341540
1037545148636462
982825601185604
927485524751564
106064978722213
240682467166496
120053360086335
197476471193292
420835265497218
491444176221528
964144686371672
290508799493627
625186400586789
555742748769237
711581049414277
1045468926927261
766197590815626
947515694731839
565292749684948
1070328886299548
813935395303094
433881718707371
229362596761332
570204986182785
401339391423392
553004096565535
263761805684432
477519961612360
996636059206373
441919997612947
996137453788919
321734802025331
789630856168865
389018918685289
1033995332154576
861647145084940
274473279204708
679725986104036
758856598062109
196766440829937
535264903694634
776015866732969
984728433070338
790159932481504
113991836036913
870628675419038
794309916590932
1078716584358389
120446990380683
33530016843786
859446464653147
434589534141247
397344877153112
313608361718573
295637590847189
605813938246724
618256248482332
751194029427083
900406680078539
449606927358110
918450354484542
471430874890669
951326650241833
623708170822581
647825865727730
108287826973613
195636993247618
871161800165492
127722587907180
657897136197154
599620804746222
903256899659442
790749090770756
69980464748858
171576846190034
961429243802345
724798247774746
755500880862230
883669862485106
834314712954895
889484303855683
234425825767867
851922255678718
91485165928122
523885266916711
896667072044484
341586892134599
1030483728259926
132313985903521
191171761192811
49050685337770
549183384486325
1068636063666533
280755807675281
416231871912788
926296202431632
920950130065409
374248548622911
487018095445711
591090685601089
752745596536019
660609125590974
555499289642915
965759895365114
132194814557448
856073236135719
664466876736475
661614993892453
483492798817421
273139576366370
493265942185133
95036091700575
849583619280712
230703571949480
1078308477913702
703001701965891
639307759035927
1117573113805193
522374879949151
1034624314867902
830400760159855
1008900853108353
1000294957381387
700587254027632
515099909813013
979739984038774
821820826154221
201258960298340
1061296640538000
995600509480467
1122948462639425
408291669079418
230152874737832
480018986666667
760614229390251
472822708450734
561653015281456
1009754562117699
912253954234650
344236697256303
739990928896466
751679747739102
1125559534075000
842923469583029
493934541373169
43458469987279
852406862263487
826149170350443
117338393861633
573948754302038
311532410738769
336559090773688
424326685789086
108324078280017
182328854917422
599583575610514
73637719709836
1104687061990489
256455755628434
612253569009968
166533075538138
227050956971349
298678237639768
684730424838066
1062581308560565
1007642369850388
366336671520016
1012593535830432
753254928841067
591735246230659
884592915535724
471622749195774
1014479118452539
601572228462566
554801592296217
1005104325324801
93161179127864
392249139503203
582424697750181
956356319002832
384879224364513
609174030996924
24488891373226
790222891063094
899057593691671
209727487385092
628372142982278
388448160784384
438148942000808
1023652042503696
1063316058112465
720485331239694
152242492091934
775832427443775
1093381542848593
854862402020599
973356635604348
211308208930583
633125083080485
316936902436684
648752913207003
541154026817364
782552052045858
600050233489939
194222040728103
679044212032953
1063478193329720
810513915692985
262965823856267
1125411970312451
40402574184840
733925403524812
572901142640083
354488359185113
374574972570991
25109787497991
410066532497862
375806907974288
1052620020543281
322424711489609
898111269001971
32024201278285
229695684368322
1074261834917616
1017572207988850
317673617732656
394729580074647
384179447051517
1122781712828700
625275652226079
924067668805250
504194620002178
973310721154905
98847064112962
746149663782780
356326298010975
706878300229628
956806840825343
315032954197393
159783156392885
569368016823372
683479378418225
973252082554598
765579367923548
958921792958519
648597325347891
889291782586474
635297709090214
113100606582317
793417206949779
25581275079920
167682965739882
150837896840531
920631903628185
773372668077233
747335291583866
372946918207914
786770673462590
180202824602365
504986089156590
755137975335527
794321368419456
606189667834159
954430149772993
489179288667862
1069638962520086
3333561296656
938114940305078
868560351605164
534723097555895
135823716387407
226037356794599
948981431042983
807959169189220
640197880391235
745780242933026
117752660468198
416658160182286
799152671511424
683679491528280
610852365860142
507494604517962
490091799708823
940532836205958
492920942711988
1075562916530730
85091284995454
1067651800128044
265261587982973
1009809642072640
228998686650811
225826914729620
838063041221467
720434210321319
527567824561432
600051470561213
282157057954388
1097522128978049
1106064114474727
446124865574444
1029257094729039
616794101521751
461813587307584
826598441033630
1070994995625575
355054561258819
135060488542572
852517291177083
735067485530275
829441999527826
18902425066920
241208274322616
886821111260577
656139231990605
898574327966095
780704325304992
1080337818659198
43442409617287
650487052911169
952988467341361
736122601843254
267980067245082
79356822312591
662832363672591
103403271367042
618935547688091
1121315401306542
167817163273137
596185640537438
90861527567717
985281594410549
13120612420749
311742543053891
109651943404396
1034934757422122
660642992333202
1095300832082156
657377322488987
631960341964894
465660208602903
597044411564590
985021910052050
643712933972680
841093706982113
370077396230810
697135030727337
318672580637325
767530797431993
451596555191210
426198891713516
790218902311036
1115231097127323
934368550677404
833892821465685
574324015095701
1095164599351412
245839062729333
430709215948174
668464526502610
550123735871639
651102269067664
571033666592824
270236416450526
659447694177759
336262386627645
29721915591757
234682593699296
806743824148888
569641320448268
426383518609574
217681815544209
972744736559406
261810362929605
931655140908348
761673100217101
394756267245407
807189478416480
176391465428227
252495328736059
989666588668497
1009159013338129
556140879563561
344322039352148
318561751613804
25206437785964
618796626911404
178258643905628
624461066382853
318445131983327
651530375601582
477174319121772
12204821795345
283279624421686
899238680661527
181309556740633
488625097358807
374320720955431
652672179574066
539712269564954
871894932380133
895400316025587
96069099803988
710282480152289
198872439370837
847979960425872
80012441495237
676933550841050
641670734481376
52610588799960
676161038286756
946079300859104
193147012037378
200832323931670
202127656165517
833869848822280
205484151735464
1119678495337416
399843952252529
178128683273583
795187031985666
472585899417612
954268084803701
96351496930276
82403931798588
120011748039922
392008402656305
925882633206957
828582370823153
48945969860961
759596056699378
268510269916840
733433793922700
897344053369230
528703368322576
307648584017154
959053630103197
418345370264507
520772653974536
167490924730581
141799373072987
521870766022770
795270582549691
333157391377507
349295073918801
1119806536728289
1105196464699324
316768226907985
417373316564598
235904120279850
333612309279039
335099099147083
1067132860267229
827523746880305
140025251153929
306350139401541
1125259428817013
211545439351411
409915428322191
639906946698470
785872967560776
274273201139707
843798333488996
819005970189454
1117087195727043
764542074883952
841061835105187
718730413100660
1022118806393724
395098858955847
588413634439926
188871520535779
857380776415779
32720542511739
653422946326484
446469177228656
987411962129193
428841400651207
402497429644806
819721190140342
774645917841673
36752618407572
797103585128726
955580533372760
653801731630026
1028303811264931
888896366408683
182547821928369
171204054194186
606283840776144
136341113440190
813694648949060
481232700411940
680242162100644
476663192143720
217272255062914
441216083050752
980501031716090
1058991254905551
987215969649524
699558620031503
1029952814194272
1102929904744691
465303873729437
616078670481479
880970134310726
925318189634652
372130889021593
115063892084463
750113502341245
379191982277260
360775088031865
219828002590501
379311756906276
612657960344374
618296245813708
382825533019777
509447117405614
35834421941931
44209979867138
609164043310671
316125866489537
62849073206055
702747394046894
1050457190136900
1101984642814832
939559269004765
823378196161740
1020025251963542
758731225393556
685105082614523
294913392543517
951615059501795
453919160224561
14247918807304
1064250090446870
999734064723613
330090300414366
386892675798581
529762384415299
106499212161398
572526427168010
1098331866487599
39417674299378
765358535610151
502223933164732
365474785211039
850768930517126
627120205174441
935140020070415
682311348657869
255670873572433
1055053151114215
1047662705805524
1064214311267173
896548309566110
424876969059234
215911371764031
175674006474736
1027252769861550
475371064025671
173328383623056
546355897867391
130859242274678
995258450106619
16843259415538
12085287827428
374690951960714
294573993570264
35411362202550
998325424454890
998205123549588
528704438113760
352046168256806
687970513314904
244245743769596
257653843918681
180819038081831
151850215162565
435414703743636
199009873588350
106170850482036
387340523583995
568847110264158
172436087154622
526932178464868
710462754870708
128100835136583
46556436800588
670123081925337
26868716551522
171470033325109
433391394074922
102369854800516
841333299314739
261776264022240
838597016617282
232999515931208
869268442278806
430708156697054
23397813132860
322995243761434
859476080293622
726045633285167
363944702008471
1108481413992848
71043348547423
33146632122466
753188092406213
30700773604715
92063866452206
446940548288459
1060332985051654
524919113807972
252794767892569
50487001561899
512567495751542
44223343188064
711409014623414
188185628483768
1011649787685704
500211773037762
321802507824684
126838257829533
908871120262604
723547438943823
363751996968475
1123165598729858
64647692773133
858944718638903
600173740586378
354334346716198
664794662312184
28437651116696
449624387074724
403246784796712
943203713260164
539081125094559
1049053431363050
831599117579800
777018993587736
769667710547205
837111283152444
888481962945610
506156642448544
271392355760358
770857792328263
186429829758777
9820269337621
916336585634393
488620143445613
357428563819236
990126520242448
993482871586371
844760930558677
1034250262128285
1100497404044763
693134324059829
37542748158468
15440112872255
255930599655664
966880569491406
569167509129090
1072741625028975
53918482414245
1056742542376526
1031561208202885
713029666347471
1015383828464386
113994168626121
862920118591523
1013898152392544
1035826956780588
244406004412932
815031979926799
1088129629253882
964033166393175
462425401069648
630432645584648
211750352530724
704735132117269
233071371610254
290101548913640
966081457966076
500800609089020
330995967962728
1118353893407090
1064168470766262
987516155450897
925861690456921
987582619358473
1108025422796002
523428204192941
760624601635920
1123366702603294
25520981556148
314074431498926
695495621921129
402789922402222
744244705966982
99553877599006
858450716580542
754661023139866
153593770139352
359142288619571
1063511389306066
1042292147129521
395133027152333
203832987937881
18262698779921
326358142044355
294582829340872
82927127104767
1030339224800671
956543187904623
283848368226342
1040791408247837
981948225281473
795631365546839
607208305561801
503727729929523
880909296813558
1109101504228421
344870619013445
204427907671354
795145140942888
1003155054131739
812928027766904
488767839445282
533727631545385
608339562707280
827150202727940
66927668384991
781126280198570
370175517190066
35716903334789
1078788624348701
93196917281327
825305863819941
808296124968021
543182534258977
516531964388267
657175751003713
686510179640731
181427037381555
755511404202392
796659162699653
1047689373885273
881851150570008
297973214413990
562130022709565
735466271858366
892835077428578
156882167992615
103427431403882
765518234140481
340534409381693
2576482517269
627668885938306
354726958847230
48684698896989
460003482349883
578778082137303
911346143800849
500611727843086
946313518205453
481013595637865
1110990334834307
507751651740640
790003928757759
651921819726192
298145353580032
963193210427115
709038957155984
850841559094405
1112110388649599
91018941251953
348785212615285
807817731728606
493808361439505
1004160417743184
810726513172898
772079612237998
118943678837857
290892370159348
928806976474280
1105021430221262
697649280045324
695935633123713
847617234683344
137972630342426
1084881649022781
468829793805730
908207043272137
214253507195272
514584495295303
1114527136623429
635230970239461
29395322358247
496087846377844
503898553845009
276007340517523
516139138828442
516165106338173
636405521483596
120345258746201
476602790447618
598343548521439
903407350473213
395686726670390
1091146175676958
344182473272587
694505169973730
473905320580208
637456515908326
401839795206658
663609139665215
429529707542736
461218238689050
395295914736714
853715965380030
263264916104564
119239613382055
554740045155980
69013596558835
24699911238342
376917398869672
494362994237643
59467714728094
200975883940407
916268612075946
938188048159225
341323362805862
386102288328230
589271991933845
90641638917469
227269444595180
924671638548612
371992328535626
693166756775131
536803968330854
270648610663827
990282903080891
641539583558620
508455262205167
289325490327833
363975274232484
735603777201372
508016839165644
122113971503793
20699030574305
763144888493584
832091271564752
545184121896682
658066823695317
895941818789539
151947803507289
248289001414921
913419597102847
1036470493220450
956246009182909
400591670299645
886335326088675
331980820205036
576781966290718
505876158457595
10836031790236
647146553273600
453795046867252
648122993674960
204305201232510
814905008829025
447466791682157
768450085506435
586943404281268
204955897950253
625550094379732
199668796919490
860742114854354
334542185936682
186655550831133
258711131217776
946710333533747
1111484495166783
1094276256825267
116866664674983
611614867528238
1004893132290018
1043676174237344
1016916739904294
385655873678850
97591385694164
685567580980333
667590931299958
1048229278667953
794148787115770
665337031124188
112101150103620
891384903824897
9340314470808
81256768857056
434257929177536
1106147852560063
258591723753487
248893074345647
1067281212862356
771440348075124
741103604735531
787293103660897
17147335783618
841482202169771
159587102929354
1086901812115071
611988290806707
226755217071618
397686484880917
588496012349118
1053468894726446
626998479896752
676556218624768
1010376667979641
647578304559844
222812976962845
562791853671233
107907121851854
424265081035767
408487593977224
53593702339398
409692805290628
250005303253693
650696664137928
890834970639344
1048438677672907
1008933965754696
123983375783569
312693223147743
958126361790688
503532398193913
991710148882468
107486376253954
189834579712984
61668766411600
447792589903902
311752968995539
569830740115811
973420486024968
1093389543844958
520537496097108
717950652947458
502480470122521
12629388171138
851205613579258
964170816599971
800787686845380
624554720688928
964465518872497
945158340003159
726562835148616
1083016136060729
90454788517456
732354597701766
534578203839054
6431210753618
1507001846506
880367588522976
114825943822055
577507685684892
364437786800375
467820046592055
499843804503898
819386935002514
952486531253637
1055155329793268
477466140868826
951043960541542
837522126451547
254810879573466
190572657632993
446024750908532
1006093365716932
530909298634679
147612759054404
234553391281013
740332772442877
941430134230788
468449051879532
553567408059332
476667987323267
1027285156264142
915457060256542
1104901793510808
1058482540082693
486590457238029
352638733789340
216586411942281
255979297066790
1019600482975356
300104573077896
1059826412697939
547929340561548
918862164948969
917448120716092
24808328443311
464944976016749
91033094855589
840570422074285
752513613681929
226896652844852
685086837667471
634822473635823
235379214150657
310335377963561
470600311244409
352960581931918
885284029498691
884697068285593
553001227606082
630917852580806
615001393822624
612550989697657
205466179398807
985439144801072
325801465021537
692090882325137
1041759227204544
414553381089401
556218092190149
281588403052503
92972754755834
48149440318940
1098426214585394
802412409468147
183384322783340
1120826817030328
437634514571047
139666862765561
848204483462165
606989031543120
358123563087275
158432718523245
25648958471234
1118741949337111
966165553211834
1003047975160337
1087991153145198
920079761801349
504878171182638
834589688829514
537897706234944
260418688148836
1032824038815646
10441228672187
879995208497722
541242246663916
373371647585376
184193391183892
1010220030917407
26320455138258
195370370308881
658403873573225
1013724668895641
146547587960789
399901444342673
645720141986031
36319839448533
705223939532114
736587367994046
471910973392843
673576172148622
870076585792793
93813992878708
825274354678862
135093734279666
492481874677587
570162010482526
559452716297467
893736714635824
477277738429414
118584235515031
1122272766021487
394751291660467
865160958165303
561311166511067
490522716990227
218079874633821
855733401267139
913383834598146
900428821983172
736635455335308
274964748580732
730672942591558
683093097386777
376089952197824
402729857234940
138893380500742
759839576989550
1054022697413029
36069286620219
945893319454763
347260691158469
197787341803696
953850852144913
870306161574316
518591420003967
645189750378349
605364191538333
1015838648422313
400059764213010
734402474445321
84136417631763
266183117186460
1060115980114132
314203598564874
250534048197690
135613791692153
1026391646351388
771356047466663
344211337158367
850253483599162
19306418439663
809857625178494
8492879145460
973191048797935
380814330407001
761845259184347
308036903746917
953932213642645
394424639496112
233157171569603
631728405254019
293522598745359
72957685720011
955689716814688
208032810820990
682222063324258
709412054918820
698332020116744
366703336340987
103986881977772
337503898809151
537687691675351
29274474432780
387531502010834
282390474800928
466999213179699
333576302326462
72332566586703
932322915102697
119040651788708
253184399343772
695747531725045
349342787765397
828108889014175
23849126673937
1073899086897548
323129510117365
968585203978222
35377547416300
667187552713809
326724888496676
887186081587622
935343476725884
147872179947160
425397973483073
481974141838867
337199112980144
776319900338296
795853046586744
182287962228712
911988518681081
782521853836011
241074399575537
59716954781442
421625562851578
159898428528500
315162324155066
241522369340929
522094810958898
61038194883490
774792658236560
456287165187953
337631604897940
225062104128180
636545880301621
906877895623566
52366353563521
615442318542684
211012433956645
892108938538958
844814342846806
496962794507726
917791235443939
846228252590272
100302465217369
611340067053522
14510724087288
752173279906879
56385484746914
111797625938710
129102917805363
507199535036409
343792844208694
247159602842420
954923371456496
252399110164626
593886628002745
372476895614976
153104542971593
426859009579862
1090401711216008
346083068662062
527420549181972
1035575260295573
1075648764492177
903940413222367
645332567466990
372285358508920
931064882936923
1002674386199763
509662489847542
516195819987558
188789785659803
110023653159360
976053829735333
802541337366676
1030945045428935
1092638648148087
891869382617452
132130199161681
809932394875833
1087264110655657
435182270306824
146354482944120
925427461586863
545098938271971
1047628399721520
509463790966730
944837377714094
652813703077495
140197446913264
41604917855870
303934033226855
83522185818944
513638171459853
420335117404817
193930353224665
1073808640438966
384632323653525
133759185843096
223191998632639
357062062698247
31017938306454
648713305200987
1095281195157378
206805857426669
917380151377639
541794325498519
178348567001191
857041201158630
446599646298556
1106764017231968
535599941672425
862444648459641
104948007777527
984903422463450
922394195632015
423114260064627
624076237373590
339371932325347
710200464829578
354873881895751
487673283811593
752677661413669
984381571802891
70942722040156
939576123369848
166882481316518
256288146679897
439247563863587
785439066326953
1093932476063428
234423988750048
600703520302629
770041165693277
907051916464110
1090995640655523
258014471003066
305875093369590
869994945470167
801325836242392
681001502949114
477504014222761
751879366984365
16647786943615
377289534181875
423477419598149
834190748763427
637465613856927
983878987186894
464595651550295
232941408630520
910975257940509
517596058018664
679745162608847
854958792599659
1010207788592716
453348969474097
771146256407127
888989820277379
313173831948908
772923778394595
999154277650821
724361039854878
738447141331593
598599527618596
196602924801009
790448203992027
252068672382630
25781519218171
877435195205651
106561042602906
582434657103562
602002411053565
967496592994018
517808897581548
395510814620225
563915851602908
1109471942529649
205180585299352
505060173622114
1042024305740556
979444724040257
800876694274155
431462402008864
1087531379845317
1012997420574565
621148732164187
458388578046023
212077555781610
787964154769163
495891288669047
739108063611092
938127659620255
570680244881587
690846746067711
1030966789954620
952476794777350
1021827345183007
35727792292638
512372811812961
835803961618385
1070149241326734
698422035968661
45612084045611
491348244051146
236683056003986
51327305898219
345233324829706
1122031555247159
455233595799606
5822711850645
582359137480493
421451341621976
820423846708370
333136327132700
516155108434225
760116630463759
667760651920921
196378084963407
184114538990352
762716200494841
1069654491333631
285317513140880
1068772999437033
288436545362332
1077479287298040
239658998460149
626210508393170
376185635763871
680062831238159
558162677792040
813183681313531
770495333117881
914967560633190
543703481716417
812151255378052
663815741375300
918649505014902
345465462291684
342790673682907
473658661105198
150157884964158
647835242264131
282558811538857
405015282058435
446172153631001
233838454334176
755944744297860
91939407093550
382837509122471
156013398669577
691101076502085
395796863258792
632387555017552
1096170544598906
719459100064954
570842670821301
718526439174770
281206443866343
573584673053145
190562596334755
311440037089173
552814525677062
913940356680177
221194436021235
382884262708703
703659873264090
846028496362797
258175532712429
723033291862386
176487563659047
944350303697476
417669362635653
726902832973918
385132093686575
46537344631179
515947935785938
803811916563532
993115887908668
862200057201670
180677865407364
923862986800058
111985285438178
434888856268924
569826067108763
525924661908112
831049536728517
457130326685526
361634258762656
800058336644059
375088734386938
587501969364073
540533474058522
240052297545378
959544122512210
918086048089488
611957028090763
480444160721325
260061458703289
529822657168472
26220189007648
1104857077187048
38094882886093
716777778606662
181495782569404
897669276102637
814546925986935
888893430083466
465749952149776
775271432783079
1075156814059921
490694992872674
817789522707612
297634764147497
112298975166167
1006041983945055
485381962648025
891097118611170
196568864476721
215919747961777
713203619788453
153447303174103
274627022579141
1114778706894047
30740162281526
233329748696199
1108769145406532
83724614483634
398567503732322
586790174143377
455634645583534
680229872279686
948428607700525
775880598613717
678244662998884
594601744498864
177278284070291
485597747414075
205720863530441
1027915577986168
427987599434829
516324960898150
296963755226463
529714901278896
677055119425849
74006431363565
948769832187257
562524167821821
741571781283789
192128302766449
950652765517626
804597952122110
748505784996274
12300825117019
1089292470462040
593760476672829
844525311419671
954749734537904
222238411317113
317847386880825
755384568531493
755937447009335
190926356578895
223662761178281
129666877803747
667473199605621
617263370953417
31806616073842
482419451005859
519665987388196
533979041099459
847667201298949
611596641268233
595201174068891
1100246050733619
379137345720199
756982982671909
1018603242135783
723169425596820
1068939036831941
977804129255306
635530215496255
85811296090593
926504064367419
772510035440152
1119375978763876
233287630803170
381048688371999
812716650966116
101726119995486
89691271689376
810248265158934
237570339746271
272197303098103
325507521920126
57334140514056
771920703442302
484010089385110
693190486665049
578291089810198
712251102517972
533513036491825
156096744046811
383507754729332
769578377002527
291776644535293
935013112532926
725021198674192
690232186139868
109351004847719
884798125662030
518659744936318
1035605489259440
579610655963298
1022193392250085
183890758228609
82398105955948
447948015380835
757031381838781
109462159059454
202682572885157
840221224562579
815753468964233
834140322346737
585101427804287
405372838332815
467518816058806
863739388635144
263450688598272
524793316261669
379655599594030
297759355861033
841449475962354
381026571802494
1000651044855540
507101607080138
728478310781791
811920182092536
513925909132011
286140804957387
605012055105817
606192213037486
751347425407533
1011320157388022
647737060223896
10563321474272
897487489696302
190127839953676
430242128859387
797008128312944
805470169426233
1093917667727827
270521241886958
322735370489946
364887725211749
1099287471038416
159549757504018
772998359785667
380539345431909
679391982939626
573378254379280
1077111645163989
168997963516615
802665662172584
416701933664962
130790757767927
607270222436267
1092298490503741
342419758619054
246178418080527
118718159490058
901532847877461
202460900388972
312640554775350
275145052294887
985350953941497
296446596068923
938727046102836
436961205590440
651471293692724
524261859761247
590031007704501
204001163492820
750140397445806
340113725430020
1108782035872850
757561661384996
1028519960678539
79894902857883
109868267878152
194782804476819
901926502367436
267216515241264
671978373582518
356043099473476
798234954799318
383704454675328
972547971249737
1067343489161896
798321196884985
496757600069618
122676045079603
315662072742379
539502746428115
473770329690062
674183745119784
802102111538780
868237011210386
544303107445739
1053149163414911
173852547202025
897911179695903
389466099014200
433433212136184
186692764599026
494052272455803
705763523942669
909800573553910
112533349019417
233272919291529
775966476287928
821209575454360
366508476601874
649721467542945
493519597552787
970072303304749
1079467700409302
775909131871830
509859624176971
396626576429513
789412496337444
788270962498042
915727097830446
508660486495745
233452077384461
23634127865759
457950856507931
982763283952821
633690745280483
417364835715142
628394027890704
246232089642497
432827589742483
309163372244838
1000299298227962
54993147666770
399282295489955
373852005483747
1121740285427098
304353334775500
99697785962454
902447817880552
1091996594694951
355607734267906
531546495698215
430013545218871
43984662562425
430111627932635
74346372243718
470243941265494
766408154738152
585636145592239
635737458042679
273191264419232
427560690886628
657463996970262
566728878677729
594883491563189
728791658788579
390970285375110
1055224299424530
519810911575432
994226322422518
1076995843177362
424223270293124
284228741534948
657247119888988
393972069322692
30916909696982
1090161712235497
246059786083665
795148291000454
837910742693920
373590286994196
811868076855845
318287347990338
482076136386404
584255540342357
566391410773155
113508527285752
819098883785157
979479697759805
748527062490682
638452878291741
296677392912955
537426172752024
469896621253979
182842031371655
360150353337600
868477655528519
927098192124469
474375268904529
180066592939174
1068159792225131
682182105672025
322868942005638
757954825834397
700510690962294
1044115740506905
615037926635209
914208280788319
535600901901395
521745023532099
609560321293334
773971361132020
233718869585929
722786776666964
317339318623318
433606789463576
243670787015150
1055869662637928
710186746479966
1091890708535120
719637340358125
680845491010326
233771780201332
243439898614529
989339813816499
990249997122555
417047432507411
72230129029233
970218695921458
900007334730954
509425186688062
258973120380603
644330537806354
644976386597600
1049849878221694
895391990929475
816912273544747
614393916634600
434471705536952
866116787124003
170400012008458
741954987422453
980727059625759
683567265693485
1033049364182056
61411433953779
318536457110822
37162880525145
163086487956207
456289421934893
873554817703784
897732868373933
698505093726421
513388055887083
421843475606292
23442620846261
705953389486757
544471377325417
46589471777949
251995262796752
34696058812787
516944421969833
370519997923303
24416341911993
85751527252397
727593986494155
610878310832853
795315146803854
1043314605158589
996368203136303
1008025021803717
1050664871052681
192981608215545
989948878795487
953182046261220
281524542929206
525508996865386
846809906152338
652951886297744
1553343698422
938372712739993
509873811974652
144995846152545
665544514845370
1087820665745311
361305729466834
450654196967364
976314194815541
396528003134850
419492260186957
231607630100044
900009913614726
80701677883065
1019755468511487
792164009201336
917464694294336
603041584485536
381243068733151
724589273418119
219202961123392
875926153280810
1096107384956085
1068260674999826
590982711951343
397292138720751
437943653900228
409835667998135
290962724875734
485346318626755
969778404407834
770565775523153
744560340950387
754790939471361
57912062683879
1022127009986627
375354133986677
188864277696982
48023536096334
434761305225040
925181217438431
460288177674926
1030798606602082
333002631017684
885073012296572
1005012428409564
490671397905855
506822185026175
213904961027158
353108013156851
755614366602979
5955983064103
995456177728700
599974154191831
311856826996916
740385620053270
38440111992840
48941480044965
216889431640155
420456505674885
822171289125014
151729914829922
191410674710741
716586483535064
771179672251420
868267745677634
3885260046480
1068995879304889
235605787521840
636607082414230
572261776152259
321371969481665
525857165526725
1116802592046492
507755901868370
592962047028782
70903518172221
268915521288016
73394944060608
187154161750804
1011881845973627
595814037712314
377504719984372
959967545759712
1080117877226852
476521301246158
540783343601240
1091228510421082
121498488550755
418727655452793
563374172398554
922821986395225
54955622472836
146838015973012
21768093465205
789997848638822
1077917013197104
195971978844936
692177467428162
282092541139391
951139411185206
528482803088570
525362019395981
289054531088496
377780529728393
432491353662791
235793361449558
213733027953929
619431714563660
1079190947919718
238229845670292
369342729780382
213771089025168
858283448322554
594263971958310
862451143440934
821954140585179
910034809281358
105495006599256
866629198742261
927538667798736
307245203260016
588960764337738
45865200956725
936802000826093
753426524726393
16650285706991
224759065101018
963501427741228
265956896193376
32056910051202
849192640597286
4485545986485
766401946042528
449264591370757
687559671582589
461775582294988
770019304060736
909625702269076
20834090160618
63818507159959
795405229082590
797727313105550
477407707055830
1124854263808099
59391112947590
277050539602844
735217915484858
1113161426239868
1090936447726850
767459168434186
308127805789922
1081158762412556
1015562343863873
712215371634634
1116525436343987
11072744822419
794350433439746
535958600219208
420423715396182
413720468930245
387765401994921
303235485801913
1043445458950497
797339859126571
33454753362992
270666741233981
45103230297766
12581081282981
698633801573076
1078348949148555
728306394462712
866488156266930
220649405977806
155039207506064
1052328581906182
844584968440440
556796354872880
388245355491757
83792703310859
734955413653048
710567602308030
473816914060209
224631481347800
565680669260746
391935787015995
1118057976059338
273380386409334
232958326184066
759921423933758
340348689180594
517610183836071
1066797126612591
966070132784734
170012534805663
420765466999696
1080618257892144
979298148275917
471783809283639
268394705734776
1107847164435532
739582753843650
560905708093761
750693063743129
536284113680317
230854344571563
929915917733195
1081814434558947
829333650342550
333317552062996
574762055298688
955443023013201
267096513398372
1019243582474447
292169688106288
243107562247400
845174789953649
76980250019335
358091477769351
1004291022686242
250630824199069
364014857072852
769200003013036
626708548594443
602234997103379
1036904859333184
34306683393926
723216330673954
666642771174137
691390969153252
858844064458054
178534070914140
387060176606161
903538220597974
623758950361224
70069248963708
222735408627717
791821225595630
666630198121335
169146500641253
735436757483704
445082430486436
66423753459889
640177755946237
923184241038219
1087067913794702
240865282503674
1085425239672594
213714174426246
147731362556157
81746241844334
669603307629343
445797750417642
93759714294900
525576061380866
433881137281950
885863431642956
368087253266338
826682916524935
97065525125276
601403230121858
603779404126723
596017473811582
791040412256754
997663294549413
982239705970119
420716413178303
926223295599906
1005493199673880
763671118713936
255991526464374
908890119840035
271324434129433
859785048000619
923786246317538
768231356485771
418749539296255
202741321493230
671211368894355
529399921406026
196245601503179
88946408347779
827833593658958
649488356730628
461461878340940
891996631437191
1009289836193154
302558310648608
209851037552158
621847345774495
1003023019426075
163004836188033
67364534581785
505851638398850
1052310129340697
32496239999957
223001037418586
912885353981029
141335376355178
930939221237151
1035705381243978
707873777831514
34607757485663
934092409406300
796926312109109
441611852756791
173678717754875
150674626132927
913068292715675
362322895626020
78048455384918
108075709754016
688901107609690
747917150248260
546875768819037
506081813405839
361069818073692
319643236110835
451502691642562
775367825966998
33967754905097
902635055252667
708912031370337
892493938858817
316683824760798
796884379800991
981371986176680
960092139018939
108670147371592
441614293414756
301129211095883
775195720782305
123255829876287
476402300193666
267984789100668
994299838278368
217732218406995
695462582120402
414414164355260
852057045403282
1106092071959394
764317257445548
945779301310402
501552899148510
160113105398074
490269032654195
1096957744342481
801174976631416
66341791132871
541406368744260
99313330651523
1073655699379620
350855745509842
1000527969363215
385022515341697
86893729861046
625361912404226
570624071994625
47065095632396
172535387110224
617092531734933
401152881753559
599997887404167
567647157239651
1008256489151843
747720398124924
644912025256822
779639639843966
886301913700196
28798886419347
146639532321032
753492385616236
484730282535247
139936620676981
111557709696954
441837923346517
578066017949799
381738809383351
616812185942533
280071305368236
640300344852760
449833986447380
936722594428972
975973951776186
595123735655135
50581856587626
664904577168057
255191136773919
866684988583657
932193947367563
466110918296358
194056371274241
141743237388134
694717455259665
361633570235277
1114340865562044
61250209736380
52762454878061
888968031400124
352647839147054
1103453686854398
539696908594300
965183115214379
729168995073163
333248687882623
719707361692033
549342607740539
22146782259667
853867513849160
469651454635690
281400262000290
435715350955191
1084544859013029
469026175373969
1062535084938497
706844636125392
465132488550892
222381055119153
961409688886880
140273036436069
135406627460874
459655884629280
765439887424376
720969501403338
651687708673591
645418441759794
524690893273699
705886382685255
1074945016152042
137758276366403
907550403075768
1058286910733803
828942129325256
715863729432093
53375196754272
1124116689968636
254513356404930
814436623955218
1096729842541103
342244188055548
783982774386000
252980662297065
590785057476132
949360661691481
933483663514222
821882044578252
263516976053286
852101091539402
77186010096104
387601197081470
580816191305906
152305307942112
785531547921727
501054452057098
644150699311820
357553526294554
823364605238889
580143879225699
192555476581745
539620011692813
2812037364347
297598463987689
343539936600084
955709526274292
69271066578110
264782002470283
426280364753716
598701107497673
860488249480109
346923387647616
885792458262674
828875718516784
221187195364737
696011915891309
60236821763579
706157398834252
123273751415810
938094793654524
923119580754987
716123249418002
579440750746437
607997661424564
69998833960415
57718637828743
351113351454391
851354419031142
15757046341044
213554324264320
932273458824142
1060797027859647
498016859028687
317485221866761
627377336882423
944866143120924
232486106868038
505398332214408
414355595795156
960228927259473
86792218292833
709948730312680
984422027288302
775969716445097
644443513857275
434113453545758
953132615217946
363388924341847
176193249561872
897106716039450
15389422753966
515750135332204
1003383352735783
643262627261387
724675270305198
67290900110806
856774212809399
502842133013029
866941541048245
867202950967644
810905519608195
133568977196783
137591723613111
689671121264000
893765783349342
507770434365020
505866206065169
759585941962083
640928004693363
970618755583951
725938183585615
362074540695969
260325582997624
257218387695
870660854647503
40515567762195
817128011568053
957634733914933
1067135619443995
640571009579872
1045628566602760
139582834589388
773192537337763
297936300704067
900607270825176
383077627393435
821280711626495
796620075394426
754447915596769
1024867359356064
12270702106856
451829897629357
765794603576306
970414395840523
273703085199604
1040100012171964
1028146068695346
1053923703767271
1050192260170840
180866729394064
966410479368528
785920365886101
444869287904427
8240130234564
159348080577064
32770288987312
344313680180595
395774710951617
669161511619656
990878348631744
343832354919533
890313017089779
249852949211828
86320482418355
8997215617991
303127351899822
1092290119273130
303640772067566
305093594486673
22514853438099
549730785685713
962466204090710
508144973228075
669314143911002
625846184601495
663799122638984
147876143497981
767276160601123
571683113159618
668335961702251
908307944451797
1109816705890398
191059168486448
455898648908154
484623687477544
536059168679627
733185225149401
238667754798875
225089774088792
235588736699076
1044129268790772
812201064728897
409068850717558
1115148593453182
541825498604941
461104132421883
812135396643656
417455862651659
795600790809269
781557920316139
463786683816529
553316416044421
581244386133121
561917275293198
698984099127557
896821777594855
394157420876699
615619745625387
448244113495878
1083421644858937
304982336358404
919605535283355
1054551132025190
905692809827955
1091674907314901
932462576034156
533046805790879
194650075332079
513441335668650
718060293419099
929655818716903
1069649193207044
575395260319871
344513985220855
683336812929552
60186476795796
452245771561033
360095039164673
136577904883123
735719171461152
2328886302492
285337901953789
681646087203077
852036030519794
545815083976532
652344935563388
725551681490481
1042160054622835
220197143779048
161456539958133
791749338486479
814147378715221
54569627528596
647011491089429
730174679314066
149754549921661
446352971086380
173477543169402
1066127257952358
169060166117137
162610803917789
521442776336280
352188973313740
443127153556868
1030092370213720
379817126141550
10166252800793
46257703488808
790309505162826
519981325488945
1041669003504087
1023559484001006
931913526206436
107980443276932
35839486633913
401956986596134
451485291252454
357912139439245
1098974688028442
755537162858771
675490079984743
1039525318719966
211601111909398
762115898945563
267150386757060
792103690501400
33216098766700
506107660935196
678740270547018
995926432600221
1003524016750305
237372643449029
176404691595796
388539824632049
185819692074169
376717629252284
328515840865030
976429273129055
7602665660369
527256833567800
248419111837617
884352285093441
859614658298780
876349037319892
157422446686083
980356133874450
372098769703868
919308946242954
390932872686391
905718906358395
1048704142089893
963793013948095
589484642450083
1110033179765050
345692008098681
199453566549686
989770879636243
1014330912737621
21886520309684
519455423783471
365185943524932
857656429819101
745087628173074
259149385651645
1041444261879445
692600729319300
730376599593718
543937108135721
645634763083190
722410646990059
299183813847282
693871392320070
282159031189182
914549066301637
663889703748396
112368460364542
30971207163785
814702631717894
948293726456321
700222811516567
506180747995532
41610328466037
516706971611679
755289206229333
73216840833502
905384995666869
722133688336998
635002972949520
396391553090840
91009945311570
803451969768474
772390515323625
697053692594457
103049170418950
1089717155088799
557701901650047
817460916995640
400868634955827
932092488572887
318965590514000
96032679539081
256753826277417
638789069224694
986114919886024
1045437735684700
371819731396673
367400866613351
732628682538102
892046682272654
170865233430593
1103307530911330
853059654551946
178541709119060
1062222562458771
637552545838125
544071246268737
541023921183196
378872388903608
824119505837129
235498507855182
969973852866497
771616875406221
1110929704672537
661037861149163
806978222801786
390759878008150
42855942921923
676253380351728
304168247842461
718399601186940
851988531177480
958433533796052
803340429844051
1108670543672022
388176613807331
998901072313136
728514819804716
953054357584030
1042143097363457
568235093751258
687780211465598
678227696789450
1085780927563261
498511786344871
164192426871031
856542559209409
820918308995919
647798643498432
398145370686949
699489191893018
647067874967831
456319529740746
1072121971054802
455994889979824
233224093731089
662841765552707
596897073035058
634615925174429
638315667540779
966743397625377
1015749514137841
35023566591084
139495904063254
1048617804503974
275577301049741
1091733645958903
778227894415628
1079099523261455
789216758816335
277580432937423
822131523094739
58190271320672
1039579693079577
710603012477167
727264406990134
127595864957791
963862913599450
706360024259637
10204066392879
21485114740873
375856962290748
969697422372302
126462302234837
112579502641371
233790055128719
406353890577016
403598976094018
1066831833072781
934547113873627
952557733251796
47365493821291
584967390545801
973983314612751
743708959967978
1022286457615793
281645236883904
1068332712075305
100373268080950
691663967739525
845997482033166
462536842402231
934636884020142
442646972422378
945598386074318
123237982355749
311600447540633
922244104820217
533371635366347
1031135878619091
1028408394672983
48109812164724
10058343795377
82426286594036
667174054821736
393469973858922
713512853744124
524158119000915
430036839294664
1053851793089381
279920448491846
391335327158890
569435590705991
158905085700862
1069927432134833
240887823093800
855889309444996
399590975559567
108666581790593
1051352890220559
258179851716310
686315662322393
353084098799536
86778671535501
498130671128803
935292968713523
930326268265098
824636250219358
641974672253695
712302410362143
1107346203169627
613740994696865
799068643019821
317943980450110
6018255654337
914153357397370
996582837488828
613161076574035
787339500640209
70854993656257
795029833784758
209648147709704
141790798422100
627010520351677
133206862164748
180007418508092
76086979225882
32985370065912
610533443129107
736737965048761
822664749401971
236172188889110
1123758974748066
397372476175175
442409105507991
811886124242794
274745476981355
988681270039342
225859690958089
445827418732280
532028170746979
990094256684863
157876833381753
32970262325063
441078959051558
712562196259310
651412209799310
314301258062638
546742940967207
563285592582668
56657357627333
247983739165930
617664134323076
811953361526000
917307926828585
19170690706053
236580494915929
262016459831825
798043846464314
398619599458222
532901305578151
3851706928944
86177086622887
804656655043695
112297777597188
956832056702802
114379194587669
257041729494869
386450686222305
727628208714003
116533056867993
887265893689635
745023363369375
712490577325885
667574355578383
716933746711809
253121973516395
429197313173007
99672125832975
428051551495758
23662253268726
725411315094009
173506586597312
345226145454403
853040648750733
640909100031287
358063031873423
407474394201392
1082302419768498
999058455499303
119684217431032
189177700119591
4711973633910
220407239594450
11109996425589
824410840779269
308735630022086
79204138744795
29199037791143
612774112353777
6655665933123
618882608447809
339211968134120
845187818982817
443282290567991
181866072652030
399608595772043
1102463955549525
267679506591893
1124583916723298
669635351911965
789506065953399
243884833355322
226392558889062
146659014115820
920218301322707
862274893901266
992227677102982
454941576913185
746120860426086
1029893982689079
11278357987433
367712508229052
711089110869411
631842561942387
1026269948278458
1037785113220541
702877778436749
1015867147848029
757915386109745
515101292655396
362073629944103
946662993543634
594664749458462
817587109206983
1013763879177068
1021395958018125
568999916881839
619243454772755
654531950416437
1094005625292680
511902821712763
143880539266776
230014281417789
937873567886922
1054611253822102
96416504987568
752396145051393
989242231904160
424506914497556
891789670326821
548291325601257
171441662321512
233211213768290
222909461816582
977880249446018
43752821403251
683347617665008
802842204844629
814339923770684
523442507284211
743139979615206
116485845890211
875355063879019
862397701558624
738574654022405
913535209360492
1018355299263518
1012265370448087
1032051742705335
192134787416772
898676827052824
70256354478495
615502152506872
640491136259467
216990669341450
174247092804318
918666679072942
1047045845699044
764763612859749
982932178030398
507307791989231
1057102267899518
790511309839165
795003561441501
615641972190518
819682276776311
503150639352077
413538892467513
1122524239772332
116658381065013
625875908864933
266020313434100
928588150481900
1056703020031612
354883266245315
485674944883725
252652840123333
1031614904408880
955212811587683
556324891149103
173007223790025
130586851638049
396368758207473
645066411818177
367440622676215
460324065828451
46368469839169
156977103987019
996558084990442
62798769576177
519467876426278
843053458761941
457852592892374
98739565721379
325249306562303
59498784649478
182437843438830
842572786592352
532929301581384
536491483126352
270283433329530
648079740035734
308213060600347
323291952626464
240544493681329
805090431480288
682705649185894
842882606186430
250249599599183
29398084567175
819225413604196
1064920766266799
436630224400496
174962944314235
879367735437558
204740325857964
467699511373795
358720884428465
188903660667890
861777394016499
323593174564059
714896060742632
480573706081349
69277161260336
102292208440189
178159674325987
227696407987298
53870619410663
81702246864205
180490349075431
207489365661273
974297881747250
1087890350819719
645704372896155
315291765885256
1080943470592395
484270105479806
848336223107936
262597367513063
339279455170284
658975273106588
450704139070389
331915260062204
688318117603830
316162699960028
442787181515076
95143607789896
923254075964664
221525539061563
769758690443210
521747273873319
636971527507127
983622041614681
806386183959977
300910810193172
679723300865986
966640851910077
1102370686126164
863429054805058
526254523187767
469552243455697
966219646617729
110642687219710
673658661376332
91899231221404
263002333377211
567981389027047
1013190508069748
114631566899231
398598154277911
428436649295252
496552108698985
963300894369554
329600337011175
565763719269163
84939635086862
175637338220038
1012427107573086
704049192256763
59427003584055
934964580200442
260080742028203
465052738538804
1077451717608392
754202012085266
540030282382680
589158864517610
647865220729664
595136995387016
1029429998175008
586273355963679
509920248439587
674051452574880
1016905095300772
799076807094753
173496281821280
262674310071715
911635422625888
273730975869335
717322909457743
581109898840227
107226170393034
452572803984643
529625434088207
129121949625246
433224919767002
1123298984697366
743364961470230
146730413911593
758120419299398
347420299913439
473497625614497
458393252784670
908708638403454
930612587305107
547871217277398
121005397404057
104192931454940
984722267713796
596747455684184
716020219805653
629630325798149
667054271584992
177794431487786
228693286879791
155658109468836
1002115503737173
769482747990188
262561943877441
1037456254783247
862547098361168
661197126738929
647192223420471
921843165553017
588357689972312
932409025896650
801804064401153
1056582536424474
289338041413985
226024309868303
303394285284950
223660364515690
126293256941876
1016236460940348
347712160905380
1041523544020869
1085030129473736
763143361454080
347729288002606
521854149981771
1123355979624344
1085118793944512
1057252166526267
482798420341121
131910744866056
505245709536712
26093767223216
121604184657474
159490101657623
919191595951473
1122647898656544
674199983424205
1070090201519242
970366984953716
890001160098823
470558513185802
919470370024290
972559290765886
718511745374523
179098225995277
1038496703942506
92720165187932
287726797007490
640390893051686
462344226548100
83676929939240
307299967507664
770122829807665
1081893515367331
134119701756590
490132718962729
368114522420430
583672462399343
29681132421778
556465127827435
711809900573441
229886283467009
75702145400201
749406856328131
971537102118890
901632444227337
383893554922062
557605587046167
555498975613160
23332296218258
545305979149993
134066031599299
720086338055172
851788781698277
534910243045505
800025954929667
95581565944087
439017624292548
780907765558446
440180403846352
107818252437762
617165977817052
271488782935445
36471339776085
371858898731606
676414743768627
1001187445024207
145266182417209
810561987177276
788991747926539
765969004056539
1037233327609613
788500298062816
1008071534443567
111999726578218
940369910711830
528625909690788
439689837467294
1093452835332564
796072127824140
532155074769573
308898812518375
201626868762879
429548856637153
1004103124395899
591239355499643
569826149714985
537593186861209
739130334880350
533566130727311
262964998406747
1123698899160558
782263460810743
719751394239140
43923474318578
289922035039761
1080385031327621
719137290285094
76549389770695
898804664775897
444167329206463
1101551964704549
738451383915889
989167244306970
1019348866849909
586153491929881
914019422494081
11384600841508
257396214954892
642301878728667
744247893461535
525988678183518
713020712677245
112971421724421
86837054255449
414686132065159
541695482131315
334616719049876
948577994885768
252331662976024
470521968928708
716054999675135
711113224685274
876734495791538
451225806003713
95603036981826
451168515138366
814404433716090
484995701343230
631210972636929
234800953703595
18505535344942
1122630838495074
1035130745657158
1067641940000841
1064627732857880
748517457983361
465310455207601
221508532141125
852940865302233
150180472124013
892898392116324
118646540861901
901915670049552
360012094848586
500235956591304
445341872599831
632159754387544
1118325660285047
198915485556240
393901768183793
488930362008137
25301956989400
1048344746068690
468043334223154
104189936077719
347575692611862
668654860823867
1069587204020579
955943659035897
349566947709754
890862358181153
575273917949545
711220570604985
1118711666861515
441245550521632
777383459620180
765806113314896
712037789066595
571763513364672
73759339903123
981728364359315
599328383859651
921771120696832
997126641731509
400677588817368
653299468896534
1083378442048880
718199884603765
38115541798408
96466406502583
8147364661320
1085936920076279
412499203925846
898726668799399
49226685343621
588269597926530
322022355564408
338934046716719
973157345992647
37167697854348
485630915568886
293346195693314
866037463858066
601160797501969
835981605956542
767591150350105
612411829412019
448361980335852
403461507948388
159658392399647
903595580498438
704687683991743
586367462568735
620953332557696
530803555931604
359527563816838
471634646504313
320670134696595
461341453190750
163307884422382
194857899152514
119238022117524
1058119559132681
878308475524393
809031932205053
839345769415080
936771177922111
461404398637658
364614071934132
521343891858556
613999546016908
985084014002044
450996868632872
189025074268186
1061821108654674
574797460153687
744849558006632
382337599899880
917747783316951
386011701148608
853898438880725
715388056861980
906928647966554
352259524195511
165852370633102
1053512069327435
730396517108211
616810872346976
698904063852442
637686962201761
573426121051644
599517463796614
739250573907085
780144081349435
229548487763016
467296484615957
77453366257445
876192155980214
924030850843255
102148900755718
749262175543689
996335333293551
1074716938078613
971665532763116
1092832756096165
947824072466552
627339474459715
174531064375477
166606762822869
718477451042257
421718134591742
358272548146018
971137030975323
228947037561090
942475026252402
7454282238017
381299724122228
398272528441139
848599365992643
847333921513286
787206972407672
937629266639647
580808887189038
1043902669039638
1115918392535486
328663809687726
813538771228502
129076281314639
888212610049346
843522133547752
1028388989007518
418198019880043
1115582038094379
192249041095857
277440150193546
490635924037733
655100019409473
2730161141355
169719969494245
963962115519116
166234918834923
406412013444046
443448429993156
712266105261196
262062058058083
810413164997676
486604742204495
135561724238459
304231887942111
1089560147105696
946774960270422
830641010864394
525239446339012
632055024505737
480368453109783
763024731885334
415561856768174
926289860688691
323388793835100
434114341303212
371384005687627
5967879227396
837806136466628
842109800365870
99536438490848
245538647609923
98918268430079
573295359874524
860475183385263
239304404275765
280516286170897
568627814667311
393559704929942
525216148178616
929588809623695
910408853359583
216333324325359
410863442908278
203897109020903
770124228181320
976584020746885
525913356131423
1011589372587994
461361276666183
228012967322458
546617833569291
1074036600341687
344275487451183
94973631905870
869548979255895
612531510853196
179259404754513
774604457641570
859768927991553
494176246808660
423009879284574
761613802851894
384231308878338
653002577861473
1011292008016892
397480236772439
724830186357313
509213543552717
399587928998031
81347874460096
77735439781148
574193860851652
934927869029679
348578222143121
335662894410935
1040833965037638
727705526946152
205204429798817
806569661766766
551441751551221
198456484663378
412092565075911
333661258581571
757739521602036
225796655626930
442150316118385
255741006992167
1078923190807588
702809598342160
451637412595362
7646288926618
476078059326577
401940138424175
310192412005723
986763610567980
297963577015338
325234354487570
954274373622993
82119015441517
203110640757379
610695154974695
534666018822107
112184904730256
595557697092029
1066881402676900
56945526328503
809699771525003
668126703960287
293970433310304
1004851302721600
400571865415618
518763099624910
584577377946239
880791086565837
1046796032096613
1062194969784827
563678057471868
577108257546162
38371636440147
614886768468394
779233854137535
1105261036308384
763427583741704
235970354248098
256322419216048
61408322371662
539312038594084
858238867543648
472778951187528
604909925006486
244441318039868
351071267537873
360238639984322
623845730868506
316597276365287
1060456042109032
185549902296718
511019953350858
653371189302444
589304390846158
551769505483898
629964676277889
443828508245267
566431515620724
834254802588505
254653614359311
554743006820509
866248836514357
671832578087531
248955769719291
929346027790398
882876126027714
312086511072198
437519908992253
390268562915334
374101717934268
180812706740907
35696034497036
1080998407897088
462339705468700
70328726744736
288726332560316
855822111580398
109594012006754
1024760153356177
496206668825887
1060560395770960
715950876128633
845281063458512
627403090112540
1048999077306298
187392629635136
1002852859650626
980609315863653
127556306187392
524087903392883
146644545783359
1039051889438803
58349655275371
209413103060977
620363309938105
661416709430366
1075703094255405
165506922495623
254373935028472
612488593078043
510313025633733
634091275495365
318334219077970
765169300128459
279596283246796
337392340465938
889871520369740
259664772600090
617079934043731
375152213942220
565613796423459
671878621389729
1108164728607739
121974202537678
695756462447601
845926048975300
862679253940062
213249010075773
410800866627459
619713907918793
564557596253615
22205607201975
101516232615897
171257041182907
243665334357581
147441616409909
17227049599891
939659798945312
579789902722437
253238933657485
966770248717210
267058647489485
45934157560793
141885247691375
1043630020871969
109831088028506
549622901159752
280997805971621
729745820824120
642714535066247
125561861771252
434138634079002
112863630405778
104428570163662
285490846144623
268933765337449
1010500526343681
270973066576238
440709464616964
1055654164462139
1109573038215968
867555381844817
608857025720065
93682594227635
1065891469549819
663681871895123
822007310311617
530817608844949
1072540806148582
538948060072292
786367093108016
943426036788780
174745186079303
1119802040907650
332662763577872
914086048288148
1074324549884606
749175953891439
761193014271626
553549107992196
877995690995571
679926842919502
337726902058069
1065469926279164
300822058054879
332641587458143
365255450165124
433271248647466
176251810413645
359851102902621
636224326502453
57421478987132
90101838624807
989197915929309
268398185307866
720194255126250
821362612282575
1027770575534437
575935093780963
696582494138572
363929572020595
340459067563514
925365265379605
140385219620036
267531685601132
426513413094125
434938548630761
876779190972440
445854709809384
513318906493497
1280309611937
963787386177104
1008987231592320
427965303375588
47999229337132
576812447099739
679700262526443
1011634932104023
435169913394432
92284580707693
554697369349277
42947147032462
763815682106856
1007401993161021
989019085690518
518670790603734
698166204414868
1116892259379651
856659863168508
985634340806142
146441105450730
52919008090817
337038266780369
263841542543525
770498916250340
540045590437741
747057837449730
825751583139211
160600283911250
894956768177250
339720295940164
461927633920627
716431111385068
1121656505477476
791539454963981
960903301351773
840936998782064
1052305003532689
358272492516855
736751684139342
1098010577368143
1090903859624683
822483005070489
55729740012718
711737762312956
517563731555995
263965735919264
102686286702630
1012472812199928
304639028958109
494611536752332
1050296258085314
550449876315944
742122510980132
274939290069917
304917512883855
1019536813457856
317131082938464
377380228031036
1076270184493840
244315384493277
650123473498318
363118890868374
828965286434807
326887425816905
291739796244705
725057161313070
153706803678819
117633896922394
93242802954645
863182398463642
45459600323200
279711705751256
885718764895509
519756085012342
362922712035479
949590571912635
606683518105893
384055790014659
175916543692246
216196728625555
718705646590637
694616375834469
592628280489587
724757079470207
924788540825277
457982082972283
329674575257076
40046555282609
246056955900730
1005958507135066
1125646141130813
871793637795279
445559211687986
783993711114584
248354706668829
943265641518307
965164683803625
326103099415484
844328244622997
21753024063143
239838883849073
1063701719819881
1120726460322978
1059692930870971
208028520763746
575991381234916
321342203096270
1091273368834784
813347675654671
701345327851205
688936166276680
853474482258032
494801670485543
509290291683020
230414178486744
168226508888956
94831175964689
97349206454223
927373181406220
868121691119550
452399286174083
949025787746365
1049297470411766
611943940378122
1012857431791625
752348580774093
906917336031259
792336486867355
703478383543729
342292175858578
961503366622432
204611413576218
1058162494178872
1055217432793925
906623838057643
1003158759761404
420453292358670
1086603722008355
39134308033172
225383304246935
445578165043221
367509686939070
522852307093484
162832693297268
248958369755145
323333284076239
867551423808005
549194742110484
1092628236273577
1102057993217153
839524273218641
950984355375397
571417511034150
899413404536818
571331120052527
952100967641347
950678034116177
719985630241036
1082978964813497
498287903551729
300783099080091
34733785277751
633266077158944
780269666174487
863554094655610
631046268010652
643722123506286
169662945839169
730600680462290
344462191330689
531587126401667
709983305493639
689503871063645
358231844331401
176820106024141
1019916162465151
45715800991412
880681162693371
12349819263915
72498049803999
582463196285592
784764691696013
154008759263825
689660346421356
1094825783989412
1073174690504871
473941727944550
536073738811017
303897428639998
955663050651516
961492211006383
129725960861257
551287670832208
1104016008934833
1117186133615289
215904519648398
853266362604655
403692476010296
1045942894598994
608201833438135
404855517608931
1002645213870486
819906516705800
869661792655827
497173538234879
204360435409899
275567744141976
331359576071660
515519566389911
252772227360670
1119057004537807
42053056045647
343585129952831
224317129547854
705201012207962
940481096962471
1104321947583178
990335408577217
535141185582181
788855608594436
85383937623849
311627351165584
417658843422528
910230333315008
93330584776852
191113966971296
477913789650131
436611161370573
773760739573341
2269864694268
506574608801492
8155205790360
832270747127127
72065194315728
239212720813088
1020116717673829
217996080336797
188288982602573
211148679331292
736916982539796
94356757517509
151014384147778
707102590545895
950909398149853