831267915241920
571355523338715
463152091491296
844205298656251
157373120838657
337997361471555
1034029396066140
274860437666641
110653079695483
1046336456789467
446393402013372
72162127869813
747971441651029
382558213715076
228509042868590
768798621184027
221902655011185
68477843620092
650908596223301
851657672182359
1017124588320325
622001274575000
902434248363320
990310576188158
909275769070907
211945298892794
560906739224012
190486745736523
682621495995551
492848946452304
500841078769834
989024600603060
1016740100354905
916613071277982
358508014535724
317971210918127
1004115756902426
1042359880715295
220481623946174
84997112387619
442802367231851
205726037962054
793788199707777
803156390302468
525635485735352
1095317672005394
1098702667226022
7860143947241
885091748317855
301668883882586
18556803788870
865936594032970
759629619777476
426148413475649
562884425654467
776057603354700
927337332544994
181815273512434
858417439455360
282294670701263
101247815752138
58541145230759
810930096282161
698813634518647
677651115792160
558495870885035
354452108062027
354150929216300
148231934638082
1047768186482418
496127896123506
302519390505669
1069283042901679
687451191033055
519930132423360
422618206604871
590243414357742
727182139258335
207652487794287
287482073625915
1125835683857210
630283813136750
119810847470214
124996841321996
756769528668898
868216578424511
464131558966704
219489810569391
566753998174741
806027855606622
390683508553795
759848852856250
36719691527244
1062410416303939
1057331218007525
42647784082424
893327662530649
303064193625740
305060290024312
375239998494631
646085895903978
579795653848789
596213880530714
64937128624819
998813469547476
356300803463021
787679218375392
269891121233227
809082686885448
537315781186999
273310244307868
565596631532020
895666691226648
136900897721287
153001380765552
495171349806737
82926067400083
300677536197614
325457902858352
955083986407785
743909208884520
179280534216937
753560328024303
422715385696460
922279092215408
1068088997441160
591002875175189
447821099887287
478450362151387
798479692764568
641535327075732
768397999508785
996065361346157
777838986570336
195669766172436
434357916022343
107302079653066
508516584390657
518133575898016
514229547424932
1021853462517583
611877770215926
726572719759230
66747083647919
541545281359181
95589574600589
576134090365732
1026474470213675
1075305897875287
432759511864154
187196989345238
897596566813374
176810206941152
819011802362066
214951542393016
301440717972143
33851779803103
440239084097800
690959684643864
354149425781206
132177323754592
484718287077095
19922139911025
294168061477696
859799048924132
1085494921933450
155419424632356
447576827015401
933926368384815
243847765008562
229133020064468
1054379062063224
925688895735902
898289127990915
839939306898701
838222174781062
600897596828101
755185057053276
843260450071972
264247440225349
600989782123973
356224585120503
345494156939655
592685138593938
265019509004596
324893188689704
646647688966016
945703414431763
207286620215051
485396564014714
254763619955979
69848204852161
49347798442975
610346083602538
323493560854718
457616437132902
273761940146496
50975098162785
37711394736996
600108786553301
199490887641411
99308987016555
982884599154287
799004200580886
532221785422451
199652191343870
576159908638651
636722554880305
37510784255146
381773100836345
721643359092554
217540675375268
789959183273047
549426475354130
167893298079706
801668075261507
231018341393543
1061118505716329
36998025863790
80185894311605
1015938987352235
732470821531218
555716770847125
154390766753768
849296569469827
377945298607632
190750177574784
942245088019636
625664641988843
143188258365151
187552680804328
432785837087673
441988651566538
198827038181000
722100596774823
714772177733474
941158586385453
319573956723771
809829350727350
880083809459801
450176617948199
963567975982253
490374848052813
16256324812052
590867589056636
308800252201911
170768586663722
1086162215701360
690338286690549
258441372696001
117308724168857
673096029424981
225022481138063
1065075987456194
958418306884854
740755931297712
426101273821568
108103160192444
856625520655949
12057815016760
811863470805493
57758901807897
443095116030414
914664145280947
193945619868341
768404878562235
971999050081888
377369167811246
185968155184137
886007329192373
1107322927734604
206470329133652
190593032992365
533028865870432
644893817175947
139077677135744
527234251040182
853372036697841
285671148522866
574381287876010
775683419810405
374549317777155
561218639789881
934718588808880
545695518731913
35133102157822
576717782182572
922552647866246
176743493912371
102767006853761
317962678822482
811686735871070
121952111243471
765987389734843
1059414974077330
232786664715023
41659173891056
238815349572024
882274051405987
960690898748931
289528614866286
657082981154470
551649495533521
1000842608881021
831801595567600
87155839887905
419105224533333
517016884562466
663659404567488
958105018729922
871230624716536
926165723248089
763419591490824
852697526238812
738541957496710
392815371516945
135395057931819
888077735653367
62349351983558
390761111484644
816372291941531
65704916173438
695844821764514
9269392697594
1107256388148147
370424700382948
978797134037381
216333921384353
538889321876343
1072368528876229
932990695897182
335560815408751
1098842767568559
652172857420564
611608307870070
309812293359094
549530026539263
72232329174923
1054962066837889
90782343513634
809126689476597
208682047287833
261298845380504
859735143744548
102254424584940
13249569881383
931379730649192
1043194616221810
221028881382292
17748681024714
316360843768795
936891550740213
491914863946148
581397788899063
873147205164771
298260837042699
277109235249392
226213974102948
489651106249731
46975268652132
775201233306306
335294065276305
1049027499205766
587691267575695
375168276905321
513858314213518
868771873438516
919183145168172
872138827099902
796537652891924
70068623047838
516103503406986
15190421380832
600471728673148
195705526277662
781048346095554
399980583385336
425071889612342
1062267942808192
819347854181575
1036343808815941
467205126360227
1025962994920713
880012805771492
324288730982946
1071459326785560
738119992613607
1050522095285831
314473538127108
404440640963665
233163172977983
851062535465731
754079044572043
401273120867234
965173074265987
396512524386467
622421104021802
534298779562564
342418931649901
868744752378798
913031528296143
824262500332450
174840251706801
680677294084091
1077905026784351
255641456441958
905993170821913
49260739588133
698881456783386
147915985847760
893465499310023
841444246698124
335303400472785
577843810402698
779711207750023
1118129865632512
846061415998944
325460111968121
712648897348434
255118116821278
404852490489090
185185669045453
947360409567586
76679974256289
103651767945231
989366129516744
541045181909941
1086636869728568
929961607431019
341922626018538
515755657216960
359761734547501
913663245220595
816609838384098
448679033889679
1068920393028347
650827938198758
854444209973722
1021244217994112
85126736519635
612344980723483
846989395909967
392633302734853
1054928260036073
928105947979625
461502534442573
941565489848174
1041170129618751
491470848322121
735868233499010
439572805146840
89000307798099
412745777868398
450694223808869
744112752949760
509936225262901
202837550007903
724361980445002
412482109121731
134680657025414
761353615868831
539153586434182
360917789567502
458895884336158
689016207564405
376833904020129
941346994065559
1078849993106130
974358278508292
453883344082811
780449063858347
610090572976485
993579162171368
639246331198129
885320083559673
994494532003745
202517348847731
469461618124192
350696229740630
342978812631837
473867761524353
1030495760092412
776794789472121
899196027994748
345704385561926
212760469617822
158011792865494
227575231997311
875268215141639
431985622088428
1067142016036226
162306500503358
259991224819710
984678746310103
465817234757043
76862530322970
546676633624883
798608578259609
80209352441630
212660112605280
569618528087148
607060541044440
547755374307825
749911585981440
807801162435684
427393932814231
862454223869724
873518861989418
1107324901566459
96722784672314
895793584755559
26801185211559
305757384656624
481226467747086
732069544353963
405557385012765
662747122502714
1074940395893912
121776087952925
803256656312157
250709976911400
538182711135623
520107122993238
467376073373116
83350660111826
503995969885699
1085998353822509
1073130447960306
170242438183767
168450351595262
166184824531697
1058735684455737
717429920217274
548677484372207
760962775723332
967163558800736
134482028274576
302342505227629
187056657583278
270518043376564
156046252084721
764722649194953
452135501569364
969840444486024
600634817634285
959992325228548
189929255673046
303757179846881
234187348231905
10156854906611
707545371319318
927621574821663
982240616020401
437979486462149
825906963583373
35054478826389
395190482267816
96327767897121
779931509627991
657782892426031
1052484309217363
794343410492877
369133197558920
55708763329319
244686518232522
783680144288634
197533471058922
624722898720498
366450582624482
985242767688505
770836834773450
196777151362278
426159111565630
426902493385216
457027929219224
296695197822688
1029739090683291
213541099060317
338114074481670
872704193834666
289628584380414
125329239009135
721535144988584
1042570148484286
46468841080630
72382399018752
443359369876439
556177117178078
144789987029876
29888686081050
276640946857643
116805918014574
366619616710161
230991196650405
483640412196363
217974420618516
871255546275631
551921597550596
94251953741160
6016165249967
175112351118830
367971523309093
993721644176752
1069965271886495
244028540994524
331040123955015
856925555171548
656229008095422
828445977052908
422670166873981
1027783184379704
42852344433879
635579559293362
683577995892732
658006552920061
477825306055037
310692883996055
995631720297890
426964171063751
935070105026171
376055580850248
89202482528435
806744006568233
1004119439588011
311891044776329
399676457504834
1019194121458816
829313076543935
82394514986884
861225262941075
736441461059533
834548814289716
602708314800829
431015884302542
505293379172169
294961758027048
580111686242131
138634937985336
40218941496006
326137009700869
559266114156946
429945103605855
1028980192135690
666420650076280
1081802714419879
783590200169224
968557665521978
462382482145451
937279367802854
751394400985516
246954631328688
1044002962521881
28357586935298
374712126679416
91467296600927
1053749262235023
594492644891415
716427486952666
807918415614082
630423036569474
979600534157101
95577771976744
57944415250792
722685887099890
866246686853456
822992059837559
928234585423533
957944227674423
687773632317878
119841524148085
73260116172421
507451177074520
72705547632563
120539178208973
56425274044655
791029696482810
786132093956308
177953542289849
437868209444677
871225899756452
485979757359699
890469020660107
749494076463190
378146031102906
167525088621766
813245834480434
392792638741848
963882408044244
915143885575269
1007416899705704
247996299179343
184323881210541
944193125722313
337381652378403
1094794633619403
1053017720042198
342616961155971
1022307213822864
691660381783256
727811904781903
403881327357638
123712491917452
989814885875012
249612178460641
458944377370724
656285332511930
568567847446754
768480623957248
843637149264089
594095804100903
383409022779157
515315977973830
539024854370481
560256491463667
1069099802106342
382708230019063
687808833712272
128683254678884
386505736223455
160190836200551
106618931942363
415330457896225
1110200390977799
521951041714166
845766369370824
676322044331222
522771016389303
1114994884198255
479296044011140
1017588610229948
757077474927247
939061076825585
275723540978091
374876010341668
819356406877234
677266594994184
444989529334595
723785262374419
598526313820067
425363041879991
897357670094723
593429411040478
216732917994094
267517715629525
221935450051002
365004197813575
122163863725591
810601842763659
694969086854669
95799497729651
750173971648827
416582642608491
902527506234539
1015877099539617
913327414503305
19182527190584
1051859449699662
712443415746993
641371235106783
581206572581680
752442908193634
478799464571192
988310489199762
180773831161503
14628383135545
1032985942447066
237834052169668
672629310063436
1125314515245948
924581180952210
823036398858169
1005332071638865
954578703171153
137699770858730
424875647915848
1055509886740094
140396100717068
723095644101516
410065889561497
645799353374993
315496362209680
1018927475147380
391193195387334
154705992656882
388421826474668
1082508104881344
1041695278510673
1078165616279884
735528863131977
817408965501562
1004471244028317
1121928173406264
198576007914823
228680495697689
228438533584530
187019273319946
447750526635132
1027513347187828
3530353861551
270764690856908
1112982358812696
560015052495211
352326973576569
804422922232370
670052014741052
907326116983034
105742029782267
1062272593080155
993548843331953
15073736420067
97542246645910
555754560387848
885381759922104
127146454263080
218769852550615
97746519973531
794798758229990
364170534995885
1037406413337827
7617781349834
537316439780137
493431993468963
200679642347864
473291307727418
974351611185363
225839683495980
845108026749169
609872853872418
569383806923935
1116201218015049
577068849182830
161479341865630
43711792544152
840408607717456
354937963584017
1006537640372306
706544663163815
341274681823319
1112179223818389
505713783463702
281357660625707
91451791171462
810869215274532
248618727163770
793930625271409
1089982825933828
606097156479466
774400425609838
686439932672801
463056828050384
145286864982357
232959293737096
721233283426723
358704560825686
393791838864348
98465029491
904809064903556
1097941097212131
892940036169168
450885141920213
265316879051251
489526215698881
331475281604514
1121857083261557
422796310391302
824824556674466
4291108921193
160875854271473
138093887559528
32145436050473
11308800341722
545808269476267
979609845291941
538650178380667
273941545770752
876864686607761
666377989536729
399614826794624
229803133561411
191380913473437
502385414776969
398256577508124
836356630374013
731866118899920
157254787193560
1054081908779882
305273860094310
495600070756565
1028416984728807
523464816621375
1072039942190070
1114196265230290
936169327502511
915488862226168
201758230473720
803122033448006
264983954555297
330950780533642
894444958010114
793003401222986
202673769981937
8540411678055
1023438371016413
1077108626111758
149545757381645
793869645730755
680884461562734
721458533984982
915330707460629
128275510626088
24651980769459
591700938333540
517732089405964
874077011252446
286185702264616
627765788236131
844507163472019
1057802381231505
37836805046575
2806460258955
309585179447776
873323295820986
99260654717258
34667256088147
950667726212963
534386568754811
915289665422212
415810711815134
646797278156407
622003898636510
34468323244910
461956521035397
465107872432886
542689110274967
985227476859185
60992394702520
1060442035653109
544149796720126
867107881729290
612271292880703
835214591983665
476637394114684
137633350201916
728189860995099
100520997872162
766623481377631
446992612901956
246247423143020
706767627911618
1054370878320904
82027962483904
249516754915973
780750178016070
95589770782066
1104548250643671
75702960099417
102899083761421
133675182236434
266462181525225
33602078539047
419302558224820
862975249259613
469885369735789
352878899447665
22960174095418
149217477442899
854944103952210
458757646184925
974744132472681
848202286368165
586536727024131
1091189408998740
726455601222525
337150048542296
70807353647854
215118903029007
205304926985119
61638525599252
988409961853810
990762526352373
374990945712399
952185047330088
910334235854760
895819061829641
265453374253060
479306108570986
811847172000704
18297141437786
368427724228839
36066775545508
477141298577380
932249817951460
579340948053754
230941341710210
730271392622310
620413480735961
1109773690653831
951348949480656
854788567427059
229960185190256
171181784661724
960313269305258
236125803677982
730365450727321
438585381604014
489070177567091
343099539773569
22832228035839
37156507092598
434254678969357
28984800030433
1025452765795631
277808751193659
795076775272929
560829138033255
121859315996083
313043627018007
599767498843437
879330975817819
448327552915443
409098345821414
581397799521646
996867593512578
183693120900075
132795422753684
197664531559411
534766871013640
737727609925745
976502421766921
380117945298759
544633279776564
126115922699112
468809299486487
1103922616596590
116724206620252
314578705088408
744747643898715
292805157997501
16758977088861
395788873574172
551420887391743
983001431494633
677652389289662
1082897049198685
1105905531041505
286216245471225
894727300039198
1108012403804630
713490376874389
298897667857384
603118783502264
977630616792654
35189666677192
793585769719629
860768653241203
334172481831214
573173207029121
706425422821993
513779262307244
816833307947252
225534275178104
18642829707117
645197672603424
793104972953128
482515030042876
991711702633374
438759807497685
86779132127
613872423817121
372145922539850
653082299786613
626188989517595
984646827954723
448678854737568
827492057222205
513692022403953
1051971903979884
26214518501891
924542491944879
385155963068437
953577998695156
356051781091857
880440740026533
279606681615615
683129053186256
987920915636054
488667657145379
114873332846853
933274077946107
274116743827551
657493229051766
449193286935644
1005819217091204
851791841420608
1038488855941638
826064989161590
287443724152592
627131972795521
726355248996137
361984234312534
34797861279229
845845593786839
198422415489126
1030095930366333
222247972385337
570427633290432
739433726561892
296254944424684
707283105425920
732917907899205
86342385980427
8310726860105
799048499271361
901858423657579
218150661892710
96962851699038
272952793482108
933520660938390
175896061720230
613331379850844
228979338124600
885065781110522
74971919771410
46213364706059
859793003258539
712445832366892
660908398484682
438495027726793
367785982699335
123352397871385
144932182472521
614336513982631
1042482209783865
3589241664802
823312222713634
549869958560818
319275992235999
354602662341041
842250178154273
352380383475019
1096117858968382
925076016095828
759375294419834
908265872691644
185223862049188
1094573434031677
59208837640122
1023968859066481
591605804793390
343742565320388
1064394862635045
288542596908869
214892622715189
447908048347233
317806909915140
287504235376319
831209972293596
381378029729422
384759885916165
236491526058285
720418863148442
38566147984346
914302936752645
785201931200279
1072027684986064
972582665192496
741594348106319
1110598114377467
338562716891961
800584326293552
571637570381951
657009813873317
790950891145312
643922678578664
767306697654235
618418271421009
619236890731517
1125553475824242
1095676384912226
1064093062718583
179585238988048
763616789991406
1117907913159449
183926416893134
77860343464945
223054269552833
940123234502473
64751548867273
378514476659084
417833609491064
710390679715338
124817725499722
469524558809213
5473686601094
289604951804838
264566349070326
251499839484891
650936653833533
285119883065986
411923036773726
187047817025140
254863556933781
321589018506369
639138300234165
716710658294718
505039718074725
206212591907684
206198972913064
1026955077227246
1025252899425471
1051190763973676
482740149241385
767774015885600
817281907508115
350945239023528
644931377166434
910599314121286
543145743918106
74745266393668
314940798645400
284327730432818
1063064725283882
927152047719757
359236791336092
420952308962450
250529590022870
391474148338434
495848355396623
594175492546819
876927013794309
730580811912213
934338517478816
828964560663935
348421243800062
147434589106215
399481683762419
312858385415921
211551372441678
437208285532795
193343166474551
541016468989969
596979896200652
378415932525047
213581124648424
1013937850163389
759256925852811
969134560104042
638397733564442
41406586143867
1001690091527182
356687296271016
781741870763828
728428069366434
219483762523352
222690822438340
759531309421133
334070268180057
118032651602195
104818856636510
603116298413644
581027266881852
117395848374835
897700175352920
54444431275984
717543571809599
943874261895879
817550754793953
1033317366961634
28339965239035
248898322492509
953630853798761
947402861415729
129420521393330
197287567878612
587957622037326
167283802184439
1049109448542793
358533161828498
404470597996826
840927113839289
30817795684188
819015370170487
683588204819650
494669400957727
707392051944925
284507819753516
804582521411256
249913826632475
160637423383712
1094038181288048
775704219065865
1012714380749805
1079414006521930
288605174796569
924056363724505
667545696082068
255257320214371
1072745470225675
943435809042983
390278125978916
875410304325360
1083057560368173
1075632460620959
482333050088967
791173004011620
984313670423651
43208931957027
841488967830436
79142910318998
1091128069740303
1071652353921090
87892053885422
1084320351617190
930709370238463
454281181254609
458890820172067
11608935082497
320280591576888
910756406509814
1076350995066884
145014811276462
897243046855516
911492426171939
547086354851833
387715091502907
213339081617605
925441286771769
123507328773724
847803560982463
69566451313569
1065885038705583
21564155537463
60462374904849
523085995492360
197523909667421
651521159206165
1063334895786420
675819221793625
967929650975573
771068023145369
209340341189478
1085852972450743
1098629548519013
619488660817628
556345266731434
512335764077755
350996823024627
303791567553894
733076253823753
88035855729807
543937659270093
382005080236720
1123091806887036
170391306842543
572431732364036
840465619381029
497883118477901
114372534399083
673019715332207
198819979776262
497257755235197
184870865347309
417568335694441
792981876367065
1019511545546177
999576594701281
104027915193554
868447800878054
1092930402247433
576404365588044
1112951578853873
312595740579707
114001221602537
988521974413390
72040872288552
558182884844567
269647605399347
474714932937256
515052480691634
860343608832036
439543803386291
104395320964317
593752515004029
505844801683052
475372356538885
968395062195890
774004861585674
318683440066423
1019550413432081
835441693484488
1017876642497835
101654201463469
990110601945294
933205435511136
1046462989727699
776824857652968
75300228844207
125755490734810
661965279114056
830810593168575
946978132457317
1000678596476596
23890652086681
794483344346266
153864787628496
982353921000354
327015712401933
444926576873551
984204310496764
402789710887955
168844639229882
904417156139551
1030765078957237
46274676622834
289459384980601
730528074909267
1083643663317089
691683375000822
58039403591956
623792607869398
303834679136113
741690099814979
1089089559751077
1002950646029212
981912424134255
837545264583808
46054399350752
556591561657195
299510725717144
1009387898675355
666470099353482
158419311938785
129470071519908
106509563098055
601221602461512
877715090765138
230974996924058
256520545273139
268806233792682
513141406177129
774686712777206
835086884227170
330842507546928
1074512617841037
83846209811351
957504582409761
717004377415723
812414193675956
891880667389691
979019883206570
491785047072196
1078986172820899
28434099445355
702762335192092
78408275213958
565285890342317
736562301457666
1074478226006472
1015278814051995
657922710874061
198573074926418
358764388873416
527087022710542
946792458529344
1009068678642329
685228023934245
218151500312671
302059591387339
623457713526
639632195105971
398206812492470
457531798055323
282789926129133
309274610346272
564907524044652
381104403137958
1050538525146741
804915243719481
519368182567822
998324624542233
577428114463516
505437659504906
252640058518639
191750928901543
218171149292120
510063404153191
942487723434060
662584002957876
1042903231905156
711375034875908
383640473750404
1033105130211800
247101003997392
288763181124232
54044108849083
742382964066755
785015626873952
910482707654188
400433215533982
364188922138623
613898885602322
1124343084429673
104257613415907
612377850707324
472039559109193
976302119179694
776096339966038
964132951383940
910044346436064
966951666959084
1123792991940011
1106319785333122
738580977305556
59352680659384
578086085037726
995329861220917
512454665672536
508919765257829
921471929141426
137856442658549
1015186572583863
1036781578231389
186789149257822
1018408482346366
77745433578502
1025083759797481
253243156680019
1002246759767395
261580914054863
209331736719825
379937743470880
215324106149727
878234349385479
670153114716495
162232127407583
312407022038324
26208410318478
96357956157449
549371597019680
66714888514973
684522466235321
802468852241384
170932170829007
886877089012880
773890286511054
113706525463272
600124467133098
330006968219536
719209668926856
228339875968898
935417306178009
86252972313112
46575081406384
376179578385871
1106854877684785
897410728855513
35641430057175
134315228518425
196269070733300
300118552160450
344185481840889
469400929424781
866438362765321
805041652168589
1121350473511265
641230767383594
1082509859292857
431865514836448
24056340247361
781482094145970
799551113382942
209807421386758
130740376910754
4702358449825
325717895017680
881957913248235
113877958364328
881167498407137
249821534247608
468951300679929
313339440565119
829657401298060
331973808438481
765462139100935
755514357276101
518693101007575
169569426698664
103403385396954
572118875271319
417282122469054
944697303992079
129602095534053
180452331952789
639980978982137
955328192093048
834665761380729
1049932415222757
1008707276983166
312157788884242
764642838289769
218848696408365
506705801009404
912267088217100
644346681352884
316532926388849
600531161672329
188462719283221
684055995178934
763793062664094
203689795184241
163641984436209
278871221768090
46939475263884
263717630471821
166452173222522
396731746733255
783110674299795
1075263322022408
141314884769426
836587225650368
816530551903925
333946639356121
228615640576832
415442638722093
466824323102907
476059162728018
94277290391750
383418097824259
900499284625433
657129206304728
98211165494510
87839183694315
1027870434828964
697252095355504
970268358728546
846501815503071
745933174470886
932615644129320
1033813622204568
485239002929223
725095505042390
653243598348851
681480874364389
831470604852279
943149733472699
212901756877190
509070558131232
352968950754588
662571688494211
702997933349907
554985468274550
1100805551992261
1026382491072585
16995272817046
426544498774426
322165023361066
505314687033826
1004444423226881
847656875723337
364988258349084
887108697388277
61205112486506
677406296340330
755899484844569
970644618327670
974086459464138
920981260569511
672378945131095
940994095344944
490499774456725
465640739664599
156118639144926
1053911972118153
1045181923842693
235420373239285
36695531381686
472636017071891
548233249383831
978845155077044
482007415248072
480694754479154
1018336193602811
362107195706086
1003467879066032
11455234043670
277183718815456
701260716795844
1070298778296853
832294727557344
720560805119020
212732710058921
1010268605799674
887701521209481
833137681847379
443012213721060
750894092883074
980019331124127
445108318811316
173195647093528
1109815501012769
219543104074818
854339913528847
632174930388079
514085267373784
976135787130956
353702215156748
158638112364051
1106972956474137
243227389606605
336394177576849
189836121875412
374724728455732
949062219371883
283873119020412
376979234683882
714431139316058
1032453955729593
65551296558556
419964045279526
301385031829531
1009827006261034
927771749231398
608423356700549
233466042920779
636005205191397
1052030317109357
836488696050438
959211374460928
791773712593476
635968809618966
604383783472187
847481052037351
370447935826106
1073718614880317
1005137920705513
1090740962517365
65308621911393
1089775674013819
326653628820149
143731620996654
1002484874268365
966214232277517
179353061395312
858378521942214
267830293241124
499438799921005
1067975220501776
676511751660216
326065048273449
784283938207974
455391654498767
1046559409061001
599208172370023
120498386187436
165336532609834
278590066555114
17253899544100
844593268370934
897071873383715
241981880990678
44251427096677
276528167494563
483130836579194
955423486530360
288651819713666
430963101478739
821012886826008
302411466440000
243282927508862
46156835732022
917533549733134
776304031967005
133801550445246
47788002183910
924463963313312
879837322065771
329170609435537
195591249207309
490423558467391
520076249036205
574241428090040
136324291696526
1084178032994521
293929805602816
3156185373453
567304455912876
1007879662436575
717274079257116
980294259213021
774842216504281
118959698625403
456444747449749
1094005742091039
513084740642259
106448477332369
973743432036322
1105113343229179
626477585946259
986046429936263
946579419982074
327529831082336
732430964299292
377271257900703
180785163703772
133565634056202
212649153488678
1092894038174852
605743031577783
935580446653673
920978840463045
557267597126052
508492037852983
1049248021892103
843583819478679
909582274201007
468911870864243
711278498907499
754387278246702
855416218543333
779113549991668
94864844048541
928163896417564
964957497980959
264360654363932
380308178148350
1053896557387340
736296138659710
753363936717187
554429789621115
441902444172512
868556103001125
165801723503744
1045511656702793
955546602617310
692825294978391
1034899332177053
422731182059422
15798428613571
758759904465999
587870178082842
1036649581635921
503031403951359
151528348219499
266669628181184
980577413182804
864912446186132
833068034286927
106438981225991
154770417365984
753834378590630
397659975605219
142763453087720
947075790219399
812849188537919
960736306769656
840882649783614
543925268218870
826935145716973
246525933106060
486982722227060
261177238808916
173054481089941
1107290728288995
968445709775074
110960973068520
940266682659045
853413193121927
585736284104596
269469259261105
218419633450639
884338144461575
847901728710408
430073781660194
647738085933663
532035187739021
292957006451686
980643802638934
724006266976373
969630912210749
168927567945380
660844610622534
855682122533001
479787035123404
87258626332331
1089493609352609
500355394278767
946054929316872
55886295426996
889157944068853
604517290026496
466293505822542
742127324513540
565974657914718
626455196050019
755450656365807
811099796957838
869488495559606
685797698831768
243400408450038
790230194176341
403631454910093
107932343944720
172873417775411
589179345776993
851314588177627
194288984446032
146881661254054
390391537718461
835241048553488
936881566661761
670342200640608
1015972875931906
1098664953135406
943068245901861
356618508916534
769226233416227
367067370661118
703581295065060
296350354140331
223944889654728
90692597361775
329682675558476
370567617738712
571705835288711
1048397457461624
1049639864776152
187755600574832
848874946428845
399825298461512
20877571761782
932776742022946
664033178143171
733412929585611
904373544694859
959521508983222
554508263589214
23346771647169
332729907254329
540450847719895
258066598651180
563392968459496
570236549924529
656435243871323
413122860121730
39949080506524
140243719597389
80506167482857
510850183793125
186717926293345
51231097974664
486187204367952
508410904711673
833229064434291
196151509999681
763552046505541
867466624078306
645757875215022
358474024773278
575862084703275
913394586735938
117381461511948
492613154235671
1019994608725445
418692595993680
710772151921384
915171589106823
277281773535273
1035405279890846
727724099495238
356890899784044
362056984496893
1088133811899464
755258866375336
792459926303516
593931232208445
827258226144949
571597607055998
392117399436617
333543994050413
1044845698855068
1073704720969593
286151651277975
315577841407507
390334301305456
427725674673882
183878221259830
912761794307585
910926212892970
549760522615389
49134049848198
542615224153758
630716786595288
537037702901726
524245065535268
411067048370018
490927840911357
58824259005323
625059183845446
328605537658990
373814718681096
192195030251553
852357361239643
551614607197159
399188793852584
86626632053559
453209832126262
510930512575102
306540295784562
877364600351133
1004487954414948
229521123847875
789713258703284
27374822321827
578547495066802
928668769643673
837726805235890
1027214625018052
84524013334433
946314096696929
217385183528881
828008695013718
434863001837913
806388706544526
514070870569094
399090893030300
648631464251733
480333911297698
398584166305993
728556030605032
1085714058693749
857124693755844
961246953887933
55275841245458
890114693561497
772761936040669
287691254924144
823378148561877
628587233977407
1011713191478378
1044183330598275
191938769134585
966686379753299
451352712010173
541295645109896
541049615285011
856147285873745
545674720023058
12198339786446
182752900102727
574350656934068
411444370597614
322803220567006
476053175213784
465129134478532
44151347713834
588036019778774
288474668553434
408637727269763
786151430814350
352292875273465
967385443379626
767143718498761
505465573565293
711884560459193
114137889152106
171345278509218
1007761239844651
1112404979914476
322589393868595
519821893523291
823001378955899
193542421810306
565309263169493
671606139348739
131397879010336
541642831096401
394739138764423
1086437149709078
937124204147765
417273301327536
72680144240415
106695746910489
186777276853936
579901041177455
1045954223776362
121298591295031
375114002667170
417038386750054
105205641292121
179267640304148
544057167189646
79290048389763
751799638961730
107679208474608
171902543249705
982913373502372
554714502290835
1079738489523633
982102087071615
68380047117200
263268127207155
1106591319774966
196792387646596
906031312829339
615654862205726
389678153502309
197125302512813
87896540155658
54824682544418
928777654287870
313699136976198
898130932891616
748733991254486
25011997650402
618503480018015
809002960687397
799822891405838
657369171805098
91592016847314
36356299315563
486632880714870
171900433621961
331230845019732
1125258140617600
263161992112974
533419912821128
1085675118421041
1105235243267725
583359747765853
1035840026379947
118053815009185
166824541334850
642995375569979
28459035780146
1117764953953830
516153105116934
210149960216716
354944915689270
570476696133213
921090060714783
522308123603491
932678129327507
825306032342580
871299236631442
859369168679901
640091892300768
286190386496059
976422210423942
541794579331283
859905196331837
309038139414885
281068415942237
273469169817363
1032244452418410
411311899626205
397661761456665
765440735555899
1083401362093524
205675728309679
1111295671250189
843664273204044
312707202883814
76855468657911
798525299636800
599212292505729
551667827888108
981365996402766
888395764996180
550099284932829
418236833026208
616589103542656
413346823378695
548317069127695
950862776205334
435156351147743
293079076211568
185317508029379
314455355281361
434316930065042
896165470142992
602020107617233
1059662506510141
1111165719451060
1123149848479720
779525772422257
786103488168651
971631173381693
1019715043437810
460372446539524
412685864471499
733387778400849
40313535579105
568500290035329
1120039650802388
542826276581508
341567523898024
345487708457493
305984813155516
991695076072522
203704280968369
995105530334624
303789563767871
1037029421458403
841985058355023
251967628324747
35789911044237
229110627569653
120763136386890
143682747961741
244555359917999
451427776869960
674165374295114
413698558893635
348315014249942
840982054420607
823096748996478
58955580701464
532198397094340
443768626157810
89277895377601
261092093649157
392869009455502
706235203418136
171971242124960
685410618224201
364483851411843
226351751577883
209496373541725
801396129684380
206490093094649
679637196021256
523762640933451
1095038219731051
212473894727725
24990618639231
52628899560211
852736899674115
429448348474426
94553261671300
38519124877912
1028383653579194
348052708331384
186975842938742
935722697038347
475359325749463
769056205741163
1074684524279697
83115724193241
594927711309960
185143756366715
568607729323338
1066861977278916
332621838129834
629948049914282
943123249235716
522780125907713
409244493314306
856154546127317
426596577063373
856408232694708
350369118343769
155404963051766
806604271540763
430926503951228
332380264576599
14685965476211
824182143106074
539320486385285
540771638953553
974950657346122
102315812331587
497738754625639
351201074302050
126128966825323
18186158648457
875655668997759
1003855120291484
712668938293118
431441330363465
262903723343048
904960021341142
149016532670584
47854952229821
172863795665081
653247273323537
333734398099994
333342451052471
894239182718420
372759752703260
707374805870575
511101945753994
231124139612234
100850859588203
298310692697250
384704977054455
599844100134015
186847871020031
801175442042946
997881560738950
644797613044356
402954373832430
376259279563044
830394136055468
659119920944639
573665942699468
454514366200492
554727946092957
911568684849024
178357090836504
136716761834813
487382938364822
227384620303564
97218970671854
1065917553405191
1014025417879206
864381696297008
805376709680886
241134749231518
1110020145401594
739857670585770
255208281252943
865432574507477
61173698583372
370892403830480
279749491729265
533543006774945
1002153903620974
778782862887144
985481176873358
926987029612223
692340338694920
992395021610413
716264494563393
828052381871324
350123864261608
835036965896949
878685175766223
400500357698070
1038369859026709
1122165977456799
282663891328382
306917933726091
827673964852377
792913571760729
700016515778226
369691234395856
1112586265991893
917384927805396
475816531907592
733118412285550
1020890427486220
758271309266055
404299195643152
732080550246694
247151296484783
548743723902909
854838153166236
457546107882552
90321390392713
68400574573035
854272886700376
881615160882147
373542086767131
338973459512126
186072752148566
791483394487973
836038978530031
124272958438558
233963395170029
219184374092501
697193068868150
453998656317544
961198606095212
545020219329971
547370799173071
219747527941278
852559343801002
170618046774571
794480266271951
467734018228180
335295049754285
673271324697419
938802725015835
914706204869429
364379125165080
997019064316583
969139316045883
92370785233427
885287725882012
135597075835183
159732658550868
943211509734773
1091563905955197
708612085509760
347500927428705
37742995272340
586816590655651
591543398831184
934485869717742
78016242444280
191529328186839
469756517263903
250594699425539
560368124083496
788408360852171
1055831644670753
260120626834445
152268101932165
61483727084740
836748960407922
238502330118073
240641189886057
711486374150530
394875300361057
545918805573775
126784991615857
815740989318960
945280765866580
510525770394237
948300657448530
197589172329197
922928162333000
382744669614122
363645444482532
104295661676051
731624235682818
892309927994844
830879872546039
828813162829381
826023415285854
961304169568463
668753533570571
1054782126347144
661952932738477
706622898734918
40614815097643
44649758415387
965851023006281
86016507631835
148641388211090
868983015654454
770242619413688
365639033408160
6012858559320
701263810601694
429310347247096
1020096459386147
181337537828595
36316153476491
889379247279878
25173561875939
743097827158239
380789162207703
523355340115177
815161111127851
1090308091332377
308798291586580
218205585885353
979899886619266
404750881393912
672577929910474
737096159914492
1077050897076466
375849892004523
296433031881100
699355592629089
585657000239557
915769200755541
470653569261897
758654495646939
312921434656994
813698835026408
324876024555691
200859018043652
628091348781241
1044390109038189
694558659037771
964814721387517
354555522268084
516299710465826
601217365719541
711720755333829
956389584092107
560418188847637
5374815808169
212533732358146
419493582011005
421997672257301
612422149457019
131866276635296
921476278453930
1039645193858425
914001139636526
730834494497708
697871129221665
1119682550904033
163823238864762
493706801479567
112042493479014
656365358708635
995855555197465
801132759161815
588714881241948
370093246351586
800337758964747
156197581886410
803126325640635
711537251266371
321501373749247
130616141866774
707575211050200
76253087678610
851524128452941
316548441381676
70246867858123
284170920978785
4459314075154
876175025848201
849073423786126
136385105377279
182980047072619
940602144033321
617012245699666
5731995356566
395324602319786
842415468353556
1119032929204912
1117032640865022
471203498735402
407916517746511
780021033918940
643302490357930
672801227660526
822584436613876
165710466402631
863107164714014
489035965178010
1105966393394926
750749881325419
1005959738842162
479902101884917
499430828717548
1117291072887412
684676387566793
282278799837677
548376040154267
1104742704678247
907851907426214
511890506404149
487992364589014
287953898757145
896407092271507
636405607551752
673494704306838
203073387738399
903495130327897
785260251774592
990237876972228
693495603590541
310289309151117
86674392925226
305235191431644
909382810389639
684028330024437
3176268266625
190929104102897
305660454851518
1086370285463233
151546533268805
840512635675583
635418508828108
804842004372839
579854065708455
526473342819275
26342739286906
509691316126047
929122110826111
490621691164089
774665649586238
457015734662335
865908047741870
829547934668474
822973324594866
647300592881250
1041066431790215
143728328170385
127079557965962
238633722407898
623249438338447
613441820279136
657685303098486
796026120974195
385043285760660
128933490817797
984208070358836
265273866720806
34289199088839
435041171479046
1017933591498219
513286459317047
508838196706060
322760232329175
462268862773378
409833459035832
343286119633305
255036553694817
128584970581539
101309445772500
830521423760088
604190449337626
792796129776259
819181288606388
210544674578487
1080060724970671
147668267633821
97990089017670
162786321870873
941900296441358
451027780597038
395987121408133
594034243510360
384193791254851
128006076872747
997145216463137
1101469062110568
912713012725393
98467735877386
620507702565874
1094875713462739
229758464030641
916309037375253
1066216794286918
194220073645697
1004088608186170
275566078512750
552465999028700
326263040918540
816182480016312
23777837928216
221875039773150
47049322413318
1034958005601337
671863495950600
1125437793646555
822239050953691
252253090043656
98785678842184
608959055317441
16305027858203
83214975090779
1021793195614926
768178430785129
884545355939610
622374908026227
871371775704600
488299608820973
367745938206544
938447030727323
488862825285542
910125431686878
120447623804523
562397713875376
801374058094720
907700565602745
226043461939358
848954744647999
72583366915174
565310265457571
821730180116794
433192190836002
340548174445419
936955564294505
1089691617480819
548784123207355
637034208482319
799321214766198
663845529986095
1038138360394204
582815720949138
924359177632496
20219985590325
1081304271829269
440878508481524
497930383364387
545835319430003
975042066036455
881356593144410
679731789476790
999539423243028
939888085499519
1031215752587919
317280732474136
516784001664125
1036067109576797
36682892151331
496298003860277
1015761754822941
73497843448678
653936250894785
792390941136294
964219961069659
748898048100548
935781710659180
812324776080031
929653366586316
784218670456462
558527408626140
1068335585011011
672466422070791
219658388840573
676912682870771
518995717289555
837656962362586
601588258922048
605345359066599
384503503561243
888090732315865
476197276488146
976898158173809
682347464839218
741121804134801
812105363062592
295923295108041
437691391817784
453903894475055
890986185078468
1017104959143182
284374339904235
822817600373452
59233385128707
381078408741862
316257626301522
699105290415380
1105576725273776
307675270146172
363846415223872
603597354099414
952821962091166
29966018526797
523371801781392
28732338844871
423548869274910
771054979169103
673823043037427
487118154706417
1040593842024596
994586699588809
275430412491355
65515258501548
399257960507792
202270817976376
778895679880905
1081766299473546
760638374567770
488197693924323
984295271448754
1026559085934122
673498254581697
989317649588588
491384413669775
641843479838878
675842325892297
259170454220968
35290395187151
167000005624391
127936667602037
196002119116209
562832191258240
882879609178900
838293248758790
670442653209299
31295554481685
723865718051651
327310242093507
303135446733441
57067116554266
236196413362550
567911664956359
1073772239869346
124597596636271
609162746632894
438114560225765
1078993003056149
305244985421939
168998430466993
249920375036247
991535580848273
116294809929354
29205835189673
569753583894390
90793427724445
784937750719548
236913813848390
5306978594446
1039778620089678
312457770883017
149335946565682
141163014733128
149554409904306
239478101421269
247055367186341
75198964806026
1018770678463310
842579207830784
597448963310384
840488059185948
289944622538351
48527263716266
774835724080602
369187871552524
1073156642630476
325478010425875
955261515422361
167685806742654
995491302369011
116368028367143
490247800491928
559911661422451
958359996864284
867786399483411
994374542753730
688913086474041
399364506500296
1109677721122151
194980766778922
16415749610020
872316125869026
410602459004666
870968488469331
784584331492349
1107713728031226
803205378980033
364310714709730
638817980262454
276140591934874
751480117306387
507078275023193
897186149089804
228874064535845
263940605331274
338713220082070
737650299325864
517922351895437
1110562115466333
6486501567791
749248480384448
555813011222326
1046034349056225
529780096255277
132264493367736
681887431229762
598463248771076
883912754749329
612323734383760
554346503541338
804831433611042
162953787362868
629689454281998
823092296570027
28870145155035
249927630918236
678144105888681
507043304588942
548388248873715
428160800781350
557515997573285
861016241709654
967079862657108
657318542315604
129649324799773
727049059470771
608441789481313
779723271703156
958384693054587
807955042776433
957095709719615
153985683046
452356041709400
743591477116851
1034928838468042
846918109178342
926361450123324
257342554730682
654191156551866
395669179369771
302422777271210
715056696764101
976609425321223
113076144723353
115748230373265
991229213225675
633089122381715
337905376732021
734797251360706
630352809012534
45431640322583
455571079432697
279238592434266
369647302110056
664561453846554
186562929484050
156253603893420
20334431980884
237564194478876
388642912050658
992787268099245
81855822910814
730330903575752
1078351821316292
597030322734163
706097472002469
968910554942911
452098896641724
875286656812382
711115690548988
963447722281532
859486390618564
432892660945811
947107312052419
763437249698846
232126219829084
469074081848204
299712521068447
506958012678627
353123863254727
279548468534953
1124518249927205
776649858692099
257603155996861
888903076912316
1004724174214638
971529827498944
903741815678880
995535011910828
940384500917435
896237378898961
483003313899746
75409627235718
702868951383990
891886199889672
531765247918789
183389612817002
1038227538462526
103222273228508
502117849757661
1106121336798506
547227612683244
1077416273783552
800323266444233
955912337373614
704361528481287
634949826438396
92416571407464
954369869976701
41427579405572
868461177270498
1029113202022569
638185579487906
577072989761588
382901724618401
387208193662269
32862504949147
107794182199893
655477670408446
703876854818221
934269069683471
1123867911580916
2859014414555
1422061158245
225913816849587
201475474672523
177336821552120
600668373174337
603097018634557
391520881940602
1006856044710289
325020933391850
236424313642628
846191996343671
755081182621100
108135624162450
745559471873049
59913157365675
723465108155899
541034249313255
594555247162903
674141822782869
743464282908960
1096982728197166
784184022936794
1105147929164606
519820242432205
988313105740986
1036991548460114
1056563642010631
292168537848629
314989307191032
184866638194210
692246990668622
400340315937397
433158530335308
49193138431375
807697299313990
609794258223935
1005391251709593
599522903074097
265357417375889
1033116194995831
39299436962175
157294634040115
190720400161264
252310077824827
232346268279413
593630890376260
576976716871746
887713609654768
1084486357674724
235035350625384
847884626233587
459559078113091
115955814692804
1011608487897283
1052042278859597
136449691413431
161626307436206
431961915714627
332234071679552
614746175097928
728010873627390
772257867639485
34242531823447
40951373903707
1047775972688399
961155031720920
1116058967540690
290033726481788
829762061073548
816825245715560
208827323459753
763540747278382
710846449713103
903669496497554
844559468462001
390719194910739
397984693021041
618117905314086
977179174362679
354828334560835
15545660722626
713734933379726
77362466050219
223537715500097
829897892110276
134110288887481
454346550238664
572753234521476
344191316614152
556594903084043
907885192778251
68745381338859
626237729444563
953726887176224
134020114890703
85653472893921
388463387012270
972599084303205
886613848724672
1087339617326301
325455041653338
731001766971643
677598725778095
634356560324858
1103995434469556
741070753349170
658456695298475
1055234772399989
995052116842135
873064503528410
114954528561814
556275260964579
888628994282254
1003312392316496
877822297562506
21972041220869
307425902544148
1038886983616628
715012651116900
490491087212160
330628651437736
716560562915735
297139745881724
335936381550429
486312553542156
742478505639930
621559706167339
900056765469445
5477223205931
433403797544323
487185943508235
219253239114349
469238514200872
1114724940006260
1020776102620273
980930162799967
1082000115926200
99663866071761
39052585650002
72555083313195
407118485059089
695260600852415
992456084816746
562101643247334
919757002402587
1121847737990910
800018971701003
886268091905296
418873117538600
557200829087403
897808060965363
531534779235827
630420057464311
331795118645804
848144518060528
4273658312977
769726657244712
314396331147998
826442726442139
1028715308412825
61727683407664
934457714215969
457610512894410
1067012372407028
806976684461485
581525695986190
945535942674957
630521833063715
107841534123620
241313541540790
1111931917841186
706929189943373
955154192719929
975591203686101
604938906050634
1104132093921780
960479587269761
210454145077834
140420365209462
693197311110211
664562187887165
62169346988908
743265041629731
736800728769276
2501563807652
63930007535788
811253985699586
714979088416298
669035993095753
586295503531300
953686402744066
585303639841614
685712451133420
150860436283558
335949284360237
60780334376270
758275874751706
1038581860130900
203521303484536
289207154848094
1046512829810086
811632112384162
278721417601697
1007052698595278
827548974953778
988429776278038
334651956265257
344138989208810
1028982709763553
1040024385488928
943228090028074
205557274318340
732716941099430
932920139279775
21952805499555
771136053154610
79869752368350
347117174280861
653300641365082
949708455910352
96144557958339
418659343062958
189393489061748
426099809014055
759197122030426
597705356932962
638002405865440
229364847691633
601349158055221
63778014932819
1109487643828084
314759174284831
1111784084928955
1098515644323309
346969468655616
636594923906172
766019874649941
899633845545552
1107867388816628
761991766712257
1034297635503438
711378422474639
360617201164346
630707491765081
1018056850871984
366602836929180
202136186415870
1072653861876410
1110613492532232
17857884882011
360645234803179
43748850643926
51508713812949
967090243018927
62458163860822
875277650821819
487458789599753
724767439179180
713730089173357
482167239248276
109193027743138
687541913065761
957469650101523
251701990536315
850935851889367
992052220941237
657587330765301
488614025427167
621007257765161
567446790776619
615328583160077
733466064685235
872827371569095
318702593452249
1100991740069147
797065172857148
369692022662416
842073993281238
824554982424047
456375497310284
467618534157124
677169506987134
497596445315514
577147977747281
955712198788637
909905125333559
330215206221602
429780642977284
540836770656117
321827171446268
910730372789757
461394665107412
242698407458738
780889370845479
287934886071164
480451656298207
725929446608546
950214924965214
923635655782034
1095509097471471
801725555341951
293220427654464
1122470816510660
756637258022299
441956180758183
890127483740557
500454920171948
860289268078559
180679303131160
921333709031981
535761674157724
511615418795167
52828391325505
973432803905427
59790808158578
1034834958609362
522358856185711
822462576920339
1022568789071617
333841934083818
711299790431391
985012015684167
214619896616492
756051093929049
722818748740492
285227885521678
944633695942660
1020885019702934
346619963199055
938410724372658
1062255392237905
635753041943693
224169979017196
405967993383235
937994219223527
234700588263011
280118924988554
757687144557137
567296113081676
182132876494185
809983547890436
919900165304210
185126768573166
649948457688971
496438182053838
185724424739801
726811389895235
61805970142670
637154274831250
391722134468234
158553294826965
350188230072014
247072925664497
572839367921874
1085729632863189
511306644232308
913375208865831
290976498727876
74413475380900
267881439319669
128475780305848
536390739069861
301332697753039
867894749533504
274698905202523
915408492189157
925955830005647
654844154994954
203864258797469
394201702135803
288298863114780
695225219259189
751047542217397
100839669437620
936354651164084
966245410145562
872653181072608
615505513640150
816093547308107
896165988150399
355833071688398
115188298165159
974566272773610
13409557150226
436458867219224
665525029893748
1010139010906064
581492949718679
103782164284950
1023309792267033
656448598891756
212972769506683
616941575753506
620965998765003
767155695420027
997105533346940
200904972009202
588987785945016
1060898969257045
106463835300316
711089408028993
713012346325898
916161822631534
737700037711620
354788880759851
709974268370998
47236160109215
240148826640370
969729317464671
565233338693184
822100568760917
990336659723085
1055010098985870
211915502527484
362116403143735
1024777631236733
557961745592839
69122999898220
118723921956352
1084289648756603
880089477478620
452769025860901
884802485352449
384067015951519
333814245135173
461382549563468
315496542947437
48481483957202
784452310470662
140690105758682
1118309857216366
574807003215447
472158787311771
994371269519864
329673616498881
356090102740056
395832086508225
671858709142445
88340850050091
628048322583845
902296890740790
439684073496490
147198560065289
491377663810736
392277253692166
928200005046708
315192970976270
143491524165560
149252243847751
1036535710407650
71381836135655
611158548750916
480891743666218
398521036117813
833791355266226
394818568069389
291263744195325
1107892664085482
329720607831126
1125364131457604
405769812557519
165210170345349
791053673558535
176334153443693
63186130591243
719573312564264
21983932957661
491026985345996
96056195381740
877433289290945
1023150728112314
1020108983397805
831649897458128
983903213889114
295765235635745
177363959209327
1017685511558354
468975823605668
1117048847166313
263877333800578
259147582133107
1114048164496287
908971003156245
804364583465870
111253423205763
145668438789289
1057333471672883
243063589316377
91774419403059
517580487342851
405753237790946
1113120858290594
896728054593107
255038592378476
758888302098253
367279244026356
691920200527850
521981451233046
505450701176737
934816248192107
529454803250670
762946658406548
912495946370597
81766156917914
792574541115020
1097100338053019
32716692707844
463068609207862
811215904907765
375591705285806
123040269265550
712353156952073
658332075096569
250045485064124
863857797534712
722168856158648
698795916791134
1048157968739568
427221712651451
1088184484617723
221037917845817
867194202391675
57142760411885
932881071364733
900520490384688
463538584191973
995203350443978
955173518042623
124704964835555
530881428204493
848927404120635
1113641827777567
62400073734254
408767580543222
139278122378924
137093410011319
71583185851906
781923663849841
627096541768066
1050455665093901
344928032562508
533564792808522
27497305649190
313546881856502
256187362663085
573390497257959
139171940407533
1011328011574513
274099902041602
124934116471216
14489379691024
85255140717480
857172087516905
686423894653579
254804450839581
97628097960473
1094516735218404
1030577476519217
326767125704426
40983350268833
211528851160288
326374502614579
307089772059048
418049343844984
567995558465190
983090408488139
38379660285254
914862136774127
225272642719989
139646147876432
622786100312937
487021529482786
988537212505452
278995915811955
883763258143164
675074245298532
166651273414699
472367926154856
965054429974646
293900292293569
318022138285750
1063860394160258
1059966812957807
505564727166788
293862147428884
196752073211411
724815258822563
781740905628121
112669822068264
154224870589202
634194284798844
74476340821857
225942852882804
965773060166612
260376339885911
501255633561621
901627474425618
769486024954395
211616709245850
44327292639312
359132509278717
937644100895910
596892581852221
119430202249425
762453220059162
1121440304659618
726439496325762
180003090116662
866995571864681
302614849287633
779547953755225
1038805359389722
926276238781121
910896418577274
397835943209041
106376012017975
451326769777562
966120521303606
892719168298573
347434516886224
77086717832096
1051591653215971
501922946785292
728366671510955
386981104325511
310564963553121
211388187485323
275186981172797
730361080122820
954443383095427
386930610459523
437873498056814
904600334614305
502836419751353
995216834908628
593963971436279
1050867794455683
325232694182101
478071787833269
228988619311908
500422900848369
556960785769482
1008231870800329
664707486380391
421843714249407
758480522637170
680806434774385
873872652665071
21532067368230
1042386641641689
476076011480050
675418603311373
118647292325202
724246914820748
94272742902902
944972048549806
1105016243090306
519854597831817
1070644290579818
1086552134715032
431831007761519
1029177473088813
800644772332498
890926161234840
248580484166189
260763858983858
599233468138159
431573851828572
869633442796953
299049736588649
273672719896176
483359585284517
775328262413737
399013044112996
1097349071890933
308995976317098
830600495306006
742296868252768
988264484156310
841742729660419
458242083950566
725767640701947
535171825942363
918438454804494
1042969501793605
781371189886994
907908277178872
301841490862121
620737698451483
917552731447454
424996129471206
106976108194744
97511564523351
608637727493605
55214564415567
551735821951628
184032850773423
430036013675427
665078544735346
47098486483241
301855649395048
647177731832125
435328627951307
1106617461108644
1094868760503511
189577514127697
170138386715611
679150479540940
71156141918023
953948220343174
170692148478647
1096297758859536
741118151624440
16465960692767
128314511069465
912576234521510
1040791484410035
493079882376611
1083330870957985
255000785702090
507994970430124
211951450813567
958217935750351
323489215715142
734930143072146
312839320512283
719054057330077
506989784520319
761086757900159
1105052077355720
593647553884065
902403683009965
221056385539171
320954574900869
253685022429209
1117704004756865
591172182227100
364947003804122
729320801492920
204120471287544
152877928552140
428871024490929
779954797536327
127905969643559
456238155037896
672511098417661
519306339669726
602788024460241
532168356189416
343355044791863
77334001378792
85910588849134
907217492340437
587453042848070
817404937272833
464452554440024
13921498279194
615487602193804
71430731691556
689657760691444
730864084760642
103307571381844
759166378296211
230989845895799
704707872574541
56435640688418
39976399916823
339091792448845
194307348732040
720113257324363
1053435488190042
858957966957268
472880722100702
42070700579289
316577756863733
473368766332211
826925517518978
419948201655293
622616911275317
378752333183027
599373741840839
404303806521131
924730381802756
210357364469522
850862032259868
927477147455855
656698818864786
299210950276551
643427827345194
1075131048086374
739227293941675
361578360218341
536672295306100
484076085877027
188166162017849
1073219769170028
1053239686191620
352278631312371
13946514457587
1048245004095212
861689524307146
425328621209533
684160550253720
1070873506683934
1037387637735711
580001664857633
35638998458821
413134964985786
699945710321068
704063551763781
93346074231601
875266202151068
657854793033332
489053495215181
115476387107090
390334823729549
1065367036405192
387836371098503
803747145764211
497592366570921
791764951902355
645132527881377
613568106329923
952883712102865
406098440515790
611224547965385
994625155332917
430544991919407
1022101265118656
352750078467236
593992650513662
674161896601391
336081137274750
661552582793441
653133016333215
188568591779431
847204118506967
502699266592776
932944002837094
153195370248413
619838289366214
512609108682746
1109253583148991
673198373656968
91270162127482
354720811432468
992881709785216
922025292351879
577788144187832
113012861085053
309327826642922
930975719692693
466180653773210
726811966280885
734696835093500
940742286609588
175033899242787
332455770253136
128591337796766
1094536411747800
300173998192419
643505738022901
997552460051947
720976412042790
143542694040165
599675303528295
121772928557532
722557922349097
372906803227738
212076855131747
947174885900824
160529318029800
585115443785968
355110030200878
1051170940009411
85800076193421
1017487469942856
261618544837826
1054226051567657
1067611566799386
332225132413244
617571135058674
515544347044119
72510448740135
297604274940746
1058771046539778
869110048829711
772850106587801
670832004066677
31345822580476
637214580902347
744567261554510
672525684551980
957608314308133
102978785871915
95218143057348
515142634384971
632667180842318
1043319412034970
804266939584061
764733083125025
1007249874497728
377412210618039
991491076592343
789549829215459
370166076993715
126068540804904
695012590493436
632424434563131
837190887328711
610820001578936
846410041289015
1033929246823236
1010517779209644
116928311978926
239857107926343
927351247576441
657686598016598
200600592756537
80278053981165
118431749855833
1104031011097946
155655309688329
307148630704360
840012457330701
7829239353040
386238278578520
948620787216764
1015779919158208
131868290516082
380983323771077
17329015273178
172275391447695
1009332997387011
104168684065738
1083327025473163
134191915949599
447904287263193
885397477390310
839695450857710
467302436929687
375725931750018
372476799477727
145421245925140
377658862695686
1118607970969905
955922686268081
317825072475553
580099139121572
560713297460254
194753552436289
918395629798376
744687203580774
8060761378697
981201245671910
309812303051760
159408596246541
530083161472621
1072137389091738
428166958410494
220767659448692
367087008413326
820161392279281
1002978958170016
429044731828487
733984916176889
411737199753387
384385118067951
1047586050202385
268044466067413
102812345099231
172966133350780
806719132046628
675641598146532
1115926964390854
764811967367407
1006412050567868
761929731495898
482383734165270
6730027724015
1070545155553208
577927542497810
854946276041055
687017287895522
537911159656671
1036369094640492
712645214699590
985834963939950
288828559181828
970878746808668
479331563890433
709267471025880
488704921018793
233482402704298
244275062830892
676544346482855
133526667494741
528688101337836
293141198041776
896920938745199
505940650287085
822792695055946
512575103859605
605781384333685
208975783836546
383732699604026
10296785235456
85933444878579
966430874248001
1068140808362774
315888526908141
958474413043500
620283700361650
1039991438609383
295342418817346
800658473050715
608437100280125
666270631635329
403034702421598
477573148376747
546123337627412
68386879356989
760109997938093
822482704112567
972578092497083
838356457237441
297605408955357
1063719322224620
1030663476633635
45379785711177
908017358911067
234325874210025
752319392163407
105701553260054
29701126776508
648728590040162
225627251020519
477019091135692
280594386121672
161637308859094
933173954304290
423149568582811
25372392246301
345791826114505
293173310546500
164977178602330
794328954000660
686267109890573
175381281911701
827350679375840
314434087562329
111344121167225
688363076588245
1049774030121369
690700576410402
786555818767486
244541326483181
713921487335038
579964555057907
259576246175754
638756023833935
1014833632135047
819344868695283
748519742997639
827082012141909
711461773066786
777336907778360
105709994783919
495103790474655
545494458374238
593336847655983
252493128842337
837969058023034
1109337649221538
1020062935719194
885515479211087
500286877988194
591297068204904
304758942524669
600536235898696
39345200857338
599696391846046
1014786652278938
87972756835218
808220951398978
643159198208886
545168151539481
482646584286039
15173518028961
288356401173835
731184624561863
148159204906675
940997273934798
675649505814577
43656232107064
829519037724462
421910571143171
117599339497108
18186905671836
4786098596081
326741699073209
671869894232093
714267397819087
883822078014912
168020115644983
627610813716985
488577633820547
753482884522355
677891165056691
4163324791090
706651579231742
1125133510751171
641836267140149
4119123289413
615955553568623
874685995454675
131364037886104
192016018934744
718362252704065
249230832096598
1059270964583646
781547929401145
509417898288779
598019795166215
453207024572382
950073247315204
1038352167704029
982174637347611
735648317804914
369233598671769
270025336199533
760957009204058
634585944465259
354599142873222
887323982040696
244381145102750
507352365524721
66965639830052
698630716344342
207667514197431
891086575398894
770006389909005
938082291684564
405320998517445
858400030218040
959593162169637
570573808231340
836943183340670
722702744397162
23779176199608
134940238507232
214811261080842
1049446266975147
734199045934532
894755863392361
668122846522006
153979047312707
519924434007154
507828891234661
417865100524277
1062078172414088
925078059316069
769786222599042
941610451890856
14421764943357
710284562968119
130573566963222
913894634363800
342497195280306
971732232275788
794093483891178
612674645652120
580552698275088
794064221186053
962077028680048
722217955531532
420896626671636
336423708392350
209543631229385
304796331888648
42845775998908
939241604057480
755529969428323
343069459427930
276372010607198
216863751359890
780601843372935
507928625304505
531593104561848
330277067287218
768475705673177
902069832945442
323945489267932
789031363983542
736154995670657
2606716961584
1113247422767522
747435531100071
928811941718732
325063108239385
389542214392342
677298207319552
756857280565602
118393509924865
1116497144857271
709193349535029
231586024857033
1009455964105241
499019331023038
117810814700384
494771809743893
599614100069949
812858315400735
371404397337300
94179738071207
379087489186932
580307428758556
1116551766828639
127708072194052
434417906234751
951883158858894
554229633920642
8377489226632
1035483177006771
805592650422044
499779889361176
35393588599901
549722031433786
210254669176650
390368375817192
873274537792588
1005114816039364
873708074725411
371191112958672
616679454414135
248957748033966
77513820075569
525231874871735
1099582212423371
607977523377029
78036601580319
825479125566796
761209721103418
634769532504029
302486717063335
1022179352854075
506756207633647
33786312920764
105644760377202
486823094554216
665894721614623
884364249369543
451869643670309
549891138100529
556144008237891
602323194129383
497080134672209
573822860224351
697213801527933
1028089361281660
59172762975439
508010653701814
636419962751736
723734627985931
980265423319022
1114703627757019
449185782924538
1052709591691238
861846020455382
679586913394900
96127592660419
403849049067202
144379291884951
1013993961976485
715471880452165
841464239230584
30238059096430
816551810107715
281353638359419
233124834597333
190181623578010
256092114596991
63646367415802
943000722013357
704269376289478
880160920293996
338960589338939
542528298422883
963835046834621
938635163845787
84081796939483
456424632630431
407370070786791
237383572966379
194876759228049
525815596123895
221146302039141
899039699288791
622710722044398
405310119027512
19025511737946
699712592107494
90200677837345
745004533745992
737622399018216
929352771028560
75498543255621
526415274583483
45369345788261
256970956418030
203507224790227
492505507039498
774813866683785
222306171321301
386154525671386
736148758020848
321716434036195
799325101332855
857884138384120
978539694949299
14774681094730
521384572078355
141040347017224
778196057687880
219754308780332
521131402957784
260121693267563
353722196474465
946829304439680
1023972975557416
985641761816796
842356501345203
688878296108748
221328502855274
13032370881488
147991191625266
845036366671112
614731926680050
279489141681848
678308791480277
96756569384695
85495323000435
889310052970939
316287536073848
330960829639820
1092466452847187
700979507317774
765017351013413
829828673784992
283717774288677
778835268276794
369271783070126
114212176470356
994731891324367
1022826540607862
767159336380282
612254301734593
459991449690156
193464081601483
710765270383231
1049585065088431
895892460347394
854298990096071
631864343965408
894664254654105
672499463186734
693937523502102
627022508705802
49443070938049
845518536010954
564921920623581
1110148835767047
774152968598097
202506970635675
438045093431979
261500154226164
869927904912490
751081732549200
340370117298165
573387485511426
608263714825039
841845114221938
41339676353315
795745664219524
455596376948016
404769394850146
26843955599199
63969589522963
526837963075435
259940293833353
778052677900496
800626761464755
650543134546120
26947216523960
1065341075091539
115102838937277
264161657884184
39360102512906
368562075443252
657822101599180
847019522362163
22671594341629
219794605876946
948163767523674
395588430467701
275369790589602
702695660030312
1059892462093970
971111693651640
451313479918973
36586906381973
881101816250603
26556464790682
755734922732963
1024184692702166
823142017677781
216111281039090
1100878693460853
897487651011131
575515604399230
979868833293351
840426578793891
521793597176292
711380084377257
717530223990617
17596178546507
1097112923373471
864314678387321
1111247828420186
852985296002929
404616597592587
129945999646220
1026115928504785
853174221513572
917971531181097
96624075501730
730751917141531
849910277119332
265411024551135
350298362287791
494266448754717
548458412842214
428245911452767
731129956477708
1028487061961193
203766968712368
938054200014776
544391516180825
305265080508058
598904693105180
385074617499922
968850636306601
1054023914293597
756199550836721
209238540130242
231190300549582
573120296928251
1003002595636403
246308115256512
36447493045161
760865010411118
134567640557770
397106253937530
514485709803506
413857546709998
226418396501391
192946835471045
378445664089943
794427814957751
709900931378324
677182679095797
227780244480151
284585905010896
334163676768456
465520122925930
119091483829064
665152234608685
193736819664715
809715707149897
136957518176387
802290096311174
561470874492801
899322702390784
255219921054851
734483962800899
798568873707176
2428439411790
667924769227420
738515346853457
378502464486587
683261346139544
1032329654991180
1045920585774072
224202050274691
756420704727591
128038561160179
908673163580853
775059872270383
914422354812759
275360110515158
654367255599919
175236593787207
891840785770573
1111175823248756
7307415828014
1004617435410930
815139368789465
1117101979529478
976317339825615
279035471940876
712688284797479
554135253119548
808689324664080
839434155003861
976336959342790
436052568161614
339345620059051
765377207954034
677947968949881
974130145188308
871849743795896
350148954572697
1049979242185554
486445647718309
303825798460732
849584588536750
20297543434267
1021103191043237
128531487344237
523291426146783
14275973510245
230842765744743
1037095495863275
852786147604905
409103629630832
249561687149527
154729124210515
449442355010271
647761784936081
1033545413290089
343475206754497
973791288800558
917102319307356
1013594577714023
684833741947343
358735686566687
662426500722980
492574197939469
997323073452310
648655652953986
517843596869636
725380352777653
670339958678773
385368716549339
791796889047316
883329331194130
1007226846831451
158815572483335
237952576684854
1103356179956791
218310291740264
1125684731598283
832962476785770
71520287869494
253008896551237
610102049608108
942599369856882
738484132778706
628250561064492
22286976740137
322852194574882
1015417397886329
237507013674024
62572698292737
985900786106756
607224411337986
576992417385120
366529557291767
359418425180260
898414473964691
644471696705826
165401052214388
829602060243882
1031843003512001
461179065125759
402664470269411
960238241385010
182439955369798
261720602160538
24763919254439
140081811934931
438290733914984
471251714145339
201896637465513
1075474809602872
696792808880648
267914149341136
623501977559039
1096097801882757
575595706307074
77718190581681
672733001183445
543510236968118
24158304059774
890341237225344
1125443250501319
308924928919862
258689842520286
16208069184743
77859460396862
160741926214220
333377553198974
765879166439994
331320701768798
723403454970176
157552320976588
529371081669474
705278136381653
970768305025531
101389956918321
274351789279263
258646782205068
692793371869392
857311220928748
18766330918599
789863717640374
378682439205683
452026670408309
507506158748092
34639113511471
572594775710971
874675665955900
38357313811497
302482654802992
595718015319376
488848555175181
241877744736098
873118114145793
437901101090056
958052027243434
898053596141753
412038863116756
1059925921993975
637388226246054
552842770812811
914157709887344
908347135480100
365234388906296
719156148996421
130047778842504
906400955920401
239698691875903
196318765404
778576894904509
1045753210672967
843225957892713
616235900118508
791356211760845
829594557394755
265155219832117
356934920969103
92194272141686
398498573433791
509077317846157
850579554459414
254778393340197
902794183638597
199312402550754
494319479035936
616634311778404
901050803042707
579435303682443
889099994977736
600910635761908
267246857286072
559412519279493
250601139342234
9313382657029
445518584615845
440219733800952
859523719936612
13213848595124
741926424420066
847087508950932
356785874756306
69083096242275
94288402887237
288605922360302
108573390579805
664454955129513
996401179624520
621229158240917
407438099477938
611797610098221
415924243573178
568934371017766
1124158790634571
110743026101434
684616391730842
1055906486872348
739617488079607
609356929672260
854865120540219
815450028452034
329562462137317
279166785441708
72672063020801
58273995005397
199059838243011
141587527382564
191239272135691
541572022668356
230881926215647
1007932945262785
627006182147902
809487397178423
931721309547511
118674732804239
215719768140871
138049319470438
145737764804361
481124089377505
435421100475251
281717502723751
720596744437847
453488609555045
868512171228550
728296576229853
718884258934640
814035975110486
910015911548960
1042791595917440
1097673617059333
416531848715606
1122907966370111
422309092885384
377554362687365
168782331706293
252853561502451
1008574111925769
879801451291337
435774513281143
861903749067869
467496271605044
996004520857434
513042327094194
615553362809387
176214747804569
325095981913354
772219698256473
648315676018122
876379317761386
607946055377369
55757279608416
286776059518858
675469475390662
224033244585990
315762209210011
139609293397335
346599519881916
262239457120618
535346716537518
873861256615528
956676418853180
455220454302404
1088003178402354
137881065874117
551191924458543
605119195637954
358583049772328
316410573210444
529258021189068
417049834735839
730901087087789
1082516698315289
151859433911587
706633953344262
316345667521638
920335158303734
782145599314064
707715469530007
873090955835411
503703299416714
546690214133688
769978199364397
715135561293201
924974460548846
674312270615739
173914921711641
75521772376616
1005113340217738
586247674410280
836693892561903
230676365430595
600365697878625
1031537241866508
652758706795820
561341018523290
846208090511075
395730441176262
21253779551839
987059585474601
825142125139329
857223654045603
182858967695951
597247245497704
1027184939601237
1103694489709737
14151157556111
303709379127163
1008233217239605
531219346415002
264268583306116
623434763410587
930663800071864
570786731876678
421028882457444
118710782711195
239645208735764
674681900130358
643812307469545
1068586539695023
485067058208158
455738041678527
254929988246343
432352357352393
2321155063814
930326825349025
671151499424348
294447039023826
869192382735184
956244723226526
43275385168387
1087772894311376
925513004989019
15863846311308
303170067433702
550577857249707
932457651408073
685061925689140
813934996738104
1051942401566302
548861094351982
314611781505358
338020468996473
349887226538934
891033863449631
1073453000858997
979534260342066
1079604658362084
548066932794079
414207083198867
368161795966109
73578756066071
615829808715821
512387173923157
1056676086424299
46917273036142
634812686887773
999885316828036
180596553050523
549546180656597
310728601025231
1091938372928469
1061010349456139
33137702744652
403799282730587
1060404532504292
160449714122209
748362282595137
1049257410706642
547990385732059
573085356438541
95612403307864
391814076569690
105124738457405
513466889883217
635053067761165
1086316467009733
1122027825502626
106860128035798
973243857227276
133861511319905
219633977991278
184113543557439
227899712312483
945407937464618
442919890531806
101660116146996
77605869039762
96822364553781
805133245170313
361776849476855
757243212439063
545316280814468
565463567611409
587452041401266
727897653464111
462038580476233
658395846123825
202657376692354
1032716944422271
943692081976925
852240622268988
1076091494931801
483521940871074
290760291327183
1091534042581731
1098902457746233
509268093479412
330713855042753
267182018819457
1111372622303627
878318893026353
29227060687166
111509984323819
426607050058830
227123521357090
1022533336708139
587266985930761
739064789606311
1012210915662422
91666422029558
758251568684504
227880755839845
805096021191581
961725702084221
628686695984249
410728970424610
353159707757888
1120351317051814
470875139542258
427952903639285
1068469194294868
1043365698224281
246320480684571
1098811767444965
144418738302410
710759419226511
855092101457174
846252062347288
984507504292730
672892657599654
398189629229808
612185574690557
607570651980709
302415004193490
344614648835219
19861289195850
847014610323325
351698573014058
694501480936226
297583749621494
570988031038076
395500277083490
160067288714640
529488327838179
515047803778100
761969615937144
472911069257831
40731312763519
574520239915969
695993070881010
808036622944475
829979503527858
713752124677415
752857371871588
17639470481353
1018020934769843
1097985126452559
776924210876962
469262623240060
145442448154435
5946712614261
741621512963024
487822104348733
105643667612065
349668803892890
14144401227513
773317828701101
876031756885602
348474055597508
314825519659088
475517033440298
277304976709192
420599096827876
1112761960301188
778791736706749
1053717508022095
872027995883979
30125760562333
964657811080915
1009292152219986
350990948999022
1110469430328872
650675469118405
1002848694060998
313752417658156
755895119672439
766756504052084
24470353254339
189091814362974
294968167500557
819014377206058
549314711591413
302212874224429
120200412138906
335967540318570
597620001076770
230745567537743
442864704875355
763727027724316
789678201719897
261441205437758
339609602220356
816907816635252
581580122677612
212350711896386
667185976661880
640901670319726
975124488608903
1050229818772311
940413128301672
264255760175437
649633367410499
151954979876084
76971731944580
818503055496428
931247646203684
86711423435598
625251512251554
21662165947515
917390328680017
929200734200955
380910268061779
490575561256092
576298050784422
163717307333340
1110738758882645
1105566009546485
151715132969301
999614558072500
564080884298516
320071917308562
440244975496405
34420141917732
1106634109459606
492745554355243
596922343253523
266387049056996
181963816896768
1006444817104426
103464838407662
541001958351213
478206136895474
61648020866319
577923980670193
621072537098586
812221738518240
812845678245958
256509331195588
156735961967999
1058829476829919
861005413537071
439860181524711
350196820673738
978362987335626
233962820986582
338940032661549
1031932427523466
1026897274947650
832873051579026
752297767895890
101382886046953
964282005778985
786796952848096
20915881739061
394062090839394
122887003714225
942988820154622
1009641777605040
285956959422689
740863854509746
15614714826032
557362914179858
217845063672127
1023478028806848
745887224142759
118373047417562
797501467783085
834150449928289
721761097042170
376344809756653
67584195906196
1011414337734024
549680307352025
61285124248555
487198464589672
52726788585590
478943707773355
755127130228923
499129246883694
315485127503595
397371369480297
984784263862458
159686540580285
772040945088069
227414546219956
570155125632020
675400875913934
723033178958547
450221697585308
312036622142266
1048093258454790
626274396437568
359635568158648
219312167036005
358340700168150
383269516324117
827443053644900
735632394428640
563640093466647
349545994796217
683337352571533
1103611316641522
1051497338071584
8431503448488
144586029470784
258051200156163
174688723430225
526102744541680
192805326057995
996309488917235
325548011179869
179053975711403
664709042629882
931403593073157
842147265071656
456946924824078
673164648765537
691130646564411
772657133212532
128993337990507
1001295898967210
501131613461327
127214194936929
839042355353771
574364603971430
22300058036455
549197595180528
1035247355953500
670229017299885
140542385200893
447106262498376
946784074752655
774904241703018
993416024723875
916756447129668
227419442312659
406243634154474
387106123927183
696617052766892
154517528260563
164710652335998
624940728156121
936579986126007
737118217730055
580154561967077
162527484102536
562040199285745
221182191906949
102626859692326
572929877817522
330561873637892
951390783072859
684369513262408
358978236448413
90366033796527
288277031418779
313376221020454
681868630617660
643490200396690
710127105652736
852129843381101
491748966831141
151085752205699
685124897969400
789498724087686
525934747269859
1084201771018368
1098092635231235
665395224669072
168740538594046
201485382261893
1079877440176125
245487664445148
1075140407369511
610082332343943
919403471755184
213678856175035
839907829497889
282242607866744
945759678051724
422974470033330
398182600991953
246788000854649
3048850427068
449128784408501
185782966496884
849419629341532
576496829804954
369658141834998
913962615430057
790776000270655
493041876789083
866714575702354
319599445509171
669792380543381
44223839983099
466652451577393
1053564956434505
843627570352032
1076047300890689
850998276903592
72939423196838
126771798866995
831501815730376
882756053150147
755634639719598
1039231993685842
985159972812742
88053536958456
1081536851968774
421037138199360
867878084063802
377770418969389
658646152649679
833644549589357
948466960907970
564098081668383
323684982439187
603934195456751
973786101479278
18464567831712
789317407087873
99167521040226
224624365077133
322405889052614
553957721818527
613196045003461
660452806110586
62272137436160
813212686301258
314701085566072
624815446942184
593827784373454
76399248004350
31018012373773
772056741427332
34012662574184
451103886050329
93323666911078
1065107455892997
210878976843456
104603407648579
575775071736288
640748933522332
990592554496007
596538034248486
99711268664661
44502968403168
170627550583481
970731582021357
290378198801885
417312243297710
966544566155145
183731031104589
1065467843472755
806592409424465
99431468922919
926353234490320
920038051613129
937493488380114
536530590932371
1059159616933067
210202297074948
603721176232892
126095563490647
723401446316877
653137294976540
272816020383372
846105368448937
1078358833756846
317402253261665
177097976552355
1033389739086358
19035278522868
813978302725550
411311183665860
543068114384755
312057265300229
1025168612125800
935316438798892
428484575548802
263285360467974
113380969534970
1060507836451668
729373720816126
793869163259699
202818224698152
490441596865401
343958129674657
1124756239471302
520352202185808
1007616787604295
919051971844323
446245730402154
245825337624937
451651761834423
495334505384889
678597538604351
1082929121453021
965516951979183
507071476924765
585154709678402
206308605540174
405237894021321
811791908483973
15163212904431
72514392056591
1125072692506462
645728174463392
524180311615223
668529708022785
468795909072693
18393704481268
857949098272565
720858562041209
15223249520494
1092536186651792
149509006509161
746962262415722
996149014923337
407024316557873
509760206792106
205353916064310
537362826055109
795113367685583
440127875858109
1072982104374985
653994068899988
244141606802803
713633966318267
451376998116828
450648080064286
222147417169487
303395293851079
834709047882867
672116653340071
524837444313412
868924233554383
278998439798509
880199098723744
699743065151216
748396475051484
1108925449848069
631141035045399
188307348046482
557092280143950
713600030232339
1044664657685057
367043517013048
461623293145634
540028638152838
393888467051629
387306818151675
719903271118352
81566132560917
123208823760380
456380243808197
134350375249760
145773327697323
117991723380003
473090928511046
317246481081949
189468534622872
833770411033575
244135472947917
983675615920931
886560785149262
709099146752702
34458826926536
205029294563232
268349437302747
802653339808886
309478402440346
534506052998106
1017093219884096
687007748633084
310921428693146
368369577824250
452180907611052
644615609832515
820312230894111
1005928368876986
748730323081362
448037416800414
33023188267173
57348274979347
266329309643966
797214731828008
140229613588040
791796718812980
1064456707868867
602472165620502
160887304304780
1034683453634011
128671345105740
132437731728504
902993028009325
737770946832404
960759325299837
943435981639377
1078777790493725
710158729168754
409918590900357
642559459854438
556353290590686
38183420281577
142341768556593
433789330669713
322891000436465
36378460619352
689801778535950
55779399905109
261164626855697
354279518256669
274820228311820
516976876493236
853394935494193
1063911770871235
484239395854045
94645189529162
461603873648546
366726498121176
536705284100661
15300159767160
355134796730608
690442823771945
817640487695927
278877909743373
875816609441579
910618310740001
94763925804881
164683294831020
583373471921328
894322367957842
1014453987551209
230922190264143
579652964561710
99225476912969
903787660217066
20109047098432
1049077985741171
788301280341397
307501263675583
31988358469787
1009633046435882
355256115068864
44257023403181
824068476748686
542043674478405
552588600669166
606751718244795
796275269852844
197562289224930
604475792659951
455805082437917
439430586613330
145477025874232
311079487677440
782562894888470
156232126042581
365610505192050
492648934763689
239733834096307
65483565581699
199481474985716
260784657596232
525561578905695
112728800738922
676696129206907
41111689017601
453102713103461
278969078718270
975652974119989
683797577939167
887879270639116
926225629007722
561421957671270
775866628836571
696778086028354
1067849482952243
70183451593080
742430981917803
297093236327144
1069739981816635
709194481902619
202304487647589
441778824606261
585149804855903
1071382681844411
766368411557942
510406185539738
428849836271342
994986531618178
768551126411347
31741060244351
853113027129024
145349131823814
339953315889400
1024245159046957
1068476175515941
1086199398307326
639320413170548
641006926776046
644545016478473
323203701388931
530318419208653
621517499153039
200025364203461
506436465222728
261997651295923
513930376736527
397700977382653
375007645046796
1099863639255791
388860674817036
371820465036439
244516158724238
521654430980287
403428711896688
406925055342908
706934252429137
360888859876849
803100932786002
368376086218919
1066136280287891
658773857198757
97412736501300
915066589984776
360142290425101
841267956399918
170430345196559
9491114177272
118744750656861
147581245671386
1012253313456178
28181068186405
254226884575721
724051813566740
998545478009046
703764644396758
219437555195951
485633737702895
161053921850383
153170271906754
664483932453889
985916806126263
882959350272786
618704661481242
876398002290002
116442269020480
790376713964079
863490908664656
369211934235350
1111668826173820
595575613539712
506154046914410
710617939369376
607068281522890
198161542030760
125899543920312
82231254103536
436626786254870
529272449189481
491861583514451
106781669761848
1107596956533461
1070035118151439
960069934084821
657109848371170
151788708202747
908949736712211
765972262829204
1054765099216437
776463971643691
501037340121187
386047444097335
792755911129329
42305868259462
40126863880416
828502800322441
736618080917358
580491317072554
174946856021900
176917658150032
305526157169552
938568785542572
661526905680366
520596547112680
950177713737751
1108759698193878
772802039860046
1065391053470779
846569342746432
869743841133068
997948970522524
703819649102597
440399903301432
379527672649918
791156144954480
484639548516660
416092082590058
829194424470562
558705867877152
501853271853744
369124710140280
215059299068518
1062868464360358
909761036576068
926359167339513
1094895546327916
193283439970323
475145311027696
102858426777956
296593551707584
1025270472074100
577304886222910
625150651883073
749400715198723
940853563520189
379200975251186
47580797632269
646077677748314
1014706538620008
749265549189282
330085534540773
632265068356720
678160671388407
1007356000691021
187870527837165
908119602318972
517540517397229
1003457384561237
524020465778457
352579533160469
8960047346880
373281491827511
3507168439668
1022353793700988
473724691124312
834359764958263
434788304637290
1088819754561035
423619029440267
103238828493036
201515938388846
603211312784465
811468250564711
847124106541253
581982980857828
953449987367368
619204730925487
749707331696352
543785190896563
900587902135291
355367516404202
1046049141791637
270920587146866
924584885521315
794989381000818
1024776076191826
566371160314970
75066868555597
103945249653141
957006328590150
605439157258263
79925893649108
948617280517492
65034501385811
175952165423395
58371558868674
193390344652630
19173353521310
848885776131438
312494945858774
466891162798986
480477460249031
157853632664669
244402585391810
389181407382756
587632550904211
834205446986853
935106941319486
784732345506003
523066581952129
474889662804526
48703090492143
812307235044750
543969624835230
372364695869566
664606596633649
896886997421281
533762859693573
559628089012036
398983848423213
31826994656954
138268158170668
1098332813146640
849312664942692
521912531884106
253668445815436
953561088673968
168767305110482
653876402897583
1032002627550257
1002695766324286
448029540322252
960845900648327
913098704386598
626319045974795
449781745919468
944801826239363
45968233802436
800507272560407
1109129671179672
464941903313902
1059536880369850
339503624067658
354359702518342
307528840361086
110108100619562
63094228704997
958654994288466
89785202010092
1062180565633562
1021153238167051
298614218532382
1048924142672858
1021636387901833
172590925841808
170538165708797
976119585011311
1072339072771745
653440807117553
793632628989520
671112523640093
793808845354288
928459657242412
691384272132046
317549020101981
27036210959955
714771983122538
562835928109572
493835594869815
905446315624993
670846260710527
79583345629419
342912150298255
241729531075750
812559139403031
1031570810791791
902367480303755
40539792446778
278402396875163
403245695806413
784659867342287
662469830116730
121507584189198
1036586719657519
1066253592930243
803215539195352
487430725641667
40725225240747
1055600683619709
759406758224348
236861022720467
548091624765722
58116476949295
971457771306649
631009564376399
474688575367414
919093581112538
191652001136565
845112734307172
613945979244738
518651272645697
1051101688321462
507805118772628
902657125880973
831944619738567
380370368539083
418007632712343
589860094062621
672492461482696
568891712689050
513203962846425
504431714371200
319338256857899
573202533889476
424021887356840
384584802176910
1014513738933669
279801679032049
1046782484999416
650662041484778
851976991151862
175068314872564
960058704311919
542202709188897
893793293136172
31726178852056
1122272225199134
144964106463309
142852066159941
956576669966351
450322502185014
536158880466536
546454251838188
552188528817264
1124504288138128
560435321311129
1102024134945685
405292317905979
1055178852700604
213452442518532
93231634475512
411541254089290
388051763316810
118600351417071
574331332864792
1099772488720835
695849421859877
885194927897413
385695774937025
369671092861499
464418243098176
800025496960666
1119182654765628
678477478648843
26899963573473
499118302033671
693683446445645
198867996818647
1012458986416566
454236096093000
834243171185262
821616650593425
305946819376768
460438781056599
538560158937522
937456069768267
1078778904809475
322275523792484
184422562432826
1028565336250303
607464817285425
873048319504201
801537821208524
647381236289805
724212705645449
774361112124353
212835099181583
1105438411970654
483973421472116
17387628221777
959608935185216
142633730508464
721494765044560
50624011243757
704559017905748
974810015388041
825356953865986
805618637201919
273958699409162
242574007825182
861184396207343
355705894372752
1112520543970839
920020405380692
625493668256865
1002187217061970
261543508575691
1111999649722996
933788089450750
1012097350691878
723355218669776
346392042463892
163520226822368
1387572664677
831768151947457
448266535592132
792603294997296
14689787525071
432460729751662
1091528685131461
847031551144564
774479562117301
320906629371431
77801940867218
802429384530631
395177067245296
772703239786652
418449686673345
495588146451716
550905387125347
1035624993123198
1077203911891186
694467061483792
160973362090098
835979523224450
683188925441572
1082367963800332
436391486465382
798321686114408
787746322618828
638472254905744
206170416102798
625488373578446
1041688523024817
439399052742877
39368736917265
503508642296526
519386462957902
309627463167534
1105698453850577
372766438785098
106201878844141
958668834505685
241318926025813
819269600150867
444678025972246
151252105055754
306197106600810
809929768415086
976535975367682
572701229481228
613830437697410
754529106090301
988935012021421
99031024452369
355305307458547
66379367187077
783193976064638
610986289798366
107251355626964
537929858343800
760769220494164
928699586513786
794689683373978
1068328715602843
748843355956952
666936632488564
987278465116536
644524185271655
398681758434375
1096063825403532
449520782180736
48465679904078
616126682979578
287471616485777
22499831627859
971092889560708
980241621953570
728138802018686
217528814004509
895668517206022
1096270548052793
677294719823022
770386601344005
17258127923455
489992240825467
294119995518090
825957538670505
732225121527861
1084698108325090
927737847212933
513982246593872
865479708389045
897441516375766
872665974165183
305344764800226
637460163582940
204048934466183
692870781381343
447990924444463
721071536411341
685042254457815
1048909899508745
26776078882597
906218941815478
31219249078968
599726039393557
205631837004321
364839818707177
76996875299217
43126423154513
546821616820336
249984783397979
699781004685512
596303979835044
703697653094260
552968259463240
607328792383835
222009489192874
329806044582756
589781757656308
182145465290049
651740476977219
157042549496899
503420060557349
948874861953742
991477305326679
650059162015209
428386870525542
5220052114853
1117002277300443
119586920750396
429933530790537
301160706783609
628902342613880
85557564335559
872818205035305
443570263740271
620888977393382
660967786868628
958888095483645
1122974718128450
958598706914942
1056336875240834
1069810849597142
819999264319967
41430233171844
649664469647954
870858373426211
673330953888304
240456413516821
950721159139584
325913001271676
504885346275618
145466885192808
352270818158894
1003028418455822
751778687508111
57121843195741
287248454645364
264087268993872
266370166474830
894936893826977
536877972822071
644761808222916
321528519788191
925986672933850
563947874163709
1066452387614236
892628684508533
920350418872747
1018046268341467
664763009249320
4570768657450
324708014989392
799116278496055
243600342994405
417767989648271
842314471369815
581042649070657
157389385298701
965278114164044
845686669222111
540586690423569
1100046497438886
369833717696643
326144109186017
256070506480442
392938271733580
237831278972802
605373848863226
453730038036689
162968265631014
516755650444389
239731255988340
129573412453045
543862283532649
1012636545360045
820441999937648
91696143910770
949817851713577
626217465628930
1069901524350378
1003748558982937
52618272004943
309575372085305
573271146672287
828689764986939
381749510644435
888868145368248
925309227816154
377605990401101
698594393135314
577691743121061
499749721158433
579142158776839
382186333037507
51096578629992
908664412362183
1013094441123568
166958474807100
654533565936973
832554264982676
538976318230426
207215737273086
787339120718294
663595532313737
1032771459259373
1000606770532925
1124578456584556
247096466085544
76157604637603
539141959943791
504238848913845
984675943857384
748289008528536
1006451108157420
611478771404678
1117553783794114
405201659685759
4249716332837
328362869537823
221728965918682
919563462140072
1638988985991
261876354691992
452880821438574
664464606410718
69842030492995
364430876976278
597574113542948
447299204255572
1081627437497162
1018449460679748
1053154376486936
143605642651
132356721305246
367955062911287
439525869425339
396086833910001
988151305485454
806845013754610
874122614870634
258325544521640
193505868209548
918103774342957
318085704764510
1110345863301396
888428521428861
263419238505887
1103896163024039
904150025988033
149469119090337
130912802324085
509734594068942
782184907655376
466205179124684
112380031488832
589423607357844
361997496266148
475230539103273
192988440385700
1040244955182479
1032474839911925
694968006152
408821721489433
147184181660135
982902767163713
142572535272001
327088902387243
298588550137551
1060377421732800
1074865926816925
69356187889625
749830091437766
764380352508577
683142625868942
633230242015829
144484262540377
755601270487863
1034156502268789
1016756904984649
920850651795160
107228437484978
374692444166416
1026909385357460
898196316605004
697679373226158
884078887350904
344520252216216
501196429949900
891814366902528
168188239347125
189855013335091
969052645213649
812432465538739
343905815858943
323557447922862
934493998130379
144949088900721
697743734993014
619673611996412
891216773612319
1035466076486924
300924206214332
39562926634701
661686301641700
1002787643286153
859977489863437
27764891282397
80154444558102
72396561764535
359095069896968
1007228345255774
911267307525810
340339626732708
900508586871150
822052471585854
803215723423813
382399058825526
765584619966479
447078952794638
99602737317011
1111241745186619
703076063812791
922822442680027
1115597129776823
988417794875853
190193622243855
352143434929735
1067552984476621
517939618179411
1003937369954582
735552596789679
1115648435990500
918266194250376
337177973176550
598836274610031
596737204788554
61116458356589
287072526847190
374632296464700
972474666725586
747879827156587
257799870885702
973527833882861
456297282538779
73886180536301
30846779159353
41801105385906
601603285083373
981032677993262
1044368326221705
55077571081644
240996621838055
181760853946846
799473450327358
944522696521159
909693064596725
740192318010663
300012894511952
938823744238529
348130501666892
393120795555330
175401440453610
756205730867800
533703279297399
557141180421797
157472427641831
124369633721580
869984610149822
241771044870401
282925777625637
641579936511984
265291574585588
266576626037880
428110052295704
687163433199549
572903248570652
997513271152531
292084076666736
734034341795414
715623943949841
543460774461023
842892784893766
728129561488314
817188142293002
873315960038323
395193041721547
850082103841152
746059144652249
713239536458867
452473655539883
306990541685587
741762106103349
303715646748163
316912333214909
586218428626256
1026502099989333
451020840226786
798439995829982
297157230818923
844015477353015
747280154624413
1124137614991712
454718646543931
301693187166617
986947870402929
129443023904766
566113131543134
804765717174499
1111684140251506
36962392654870
928507500015088
217226781962562
157091997154700
856597916816497
1033689502593257
394977232066702
864173257458751
535644502850776
412773367199775
472944394116301
686922975188643
305189863201918
930017509206360
868101429207367
458093340002765
201089822427880
427131709765895
233924101666971
608537184339765
980474233992170
1053424044547509
776575045478288
440365531273756
961176349046729
350203606538169
20293291972691
884222880073782
679893956817204
60043954524693
359948044763368
636046988272229
391945729518385
73900535415602
741642740321229
699150361655928
18586834640449
694363591116398
58509598062246
165218499495284
69369645439320
330614505684107
741531427699083
260422709557398
191796024652482
866481077848574
271550386948583
460207547757023
411360230207093
449462844625217
1002429189616676
963653604676426
70978321816195
353114588501984
207977111910161
159913056258439
374509629508411
143389371695590
436325488721382
1118172966867822
103051713183879
1013142039586038
427703544504125
326399491842136
614405844095397
89042607213019
571719932696917
652136570857250
1032746196253256
823343929973114
185271497610155
1124639648200857
360042496442298
100146890982612
830642994457870
12856069504137
777552213335678
16463289389110
837775256337201
451278555276328
454233799370165
361373903040734
371815482896886
618667064092716
765877539341234
686594420331217
200840822952529
949637321655465
1034912341299824
611065230046625
247327205136600
272526853044219
1087583849515510
132967111405884
120898959369956
536680777502820
597744235079846
1084426697208059
102450044907511
542168796639918
1013822588528042
492246766440501
475987917851468
558675787520210
774350838212823
768082011660685
875915819717766
780663090761428
217998386834034
149376957933070
193031391495876
705261075636392
569998282132307
432080583669239
682289249462143
748605010368043
94303641291828
231703593147063
354425014229778
14106677381928
350905135214815
615117464109297
954438628053360
152901230379332
462486336897879
488070582769807
188318123200796
297842360335465
512472872264096
675190623929626
817702419220063
521094154557406
1024820242294974
1098150808481239
854264046595944
813191691566666
511746635410321
684784065156571
346671396303776
186643892704476
223171797969223
990343934602245
362077837240076
117171586427872
594961641773009
277446989144551
552163313980678
153141040846787
959731094229724
486223936309173
770192862503483
82464419686279
563350166452666
136132678773990
14195556500025
335950132223322
835211211369426
694985816908015
1084791607705824
1078121819026718
937020949316278
562922060628569
173556910214600
159993047501144
556865388743205
585351058189484
910274598753082
658657862627539
572084938282264
623062038103269
368489535544345
376118095108850
903063520403786
1004896096573751
169362541028346
499663772434431
628597137469768
833816153141599
342484592012504
865510608729846
939559036597239
177770752953141
303277922941209
849959376425343
1085913250691792
532754490053058
667996953404913
1031087208248581
1048687765567370
1055877360098843
803381877552965
438637980542902
828142151297768
651601269160586
51780977140250
488442324817703
148179705683406
1030254052318514
200543799514376
851869853553239
414188250760709
782981242478467
91925945030163
568293792961724
554629413273703
129501355309356
284668486765585
208362245729705
434520367850327
948557748923674
101350408852407
1110521634328755
513594655388772
610673373690910
117431902698003
864431573190156
765753437261211
769000658245633
354960097282072
741990974847478
1071502853560742
408629697452544
727889981912493
762327927123839
456606267580961
214626156655825
993003288328032
730719705732476
695612312059679
534744668549182
646526249362336
491014215915920
463968760494357
572960733584804
975059120246060
242435024239904
794712709476135
877234559217875
189317630456813
736586271259629
788585579841991
870352895388555
976747024328922
736166968852927
57846476622609
411837407061737
434281907589831
215675622707941
13927343986459
782384411657472
945250804592693
517141198811710
398716923878019
978452157226588
1123160100271476
519666907170210
594964730841545
1000255130228334
156568154732489
847093257804466
514029838953310
289198526732960
68098017100703
264796175657129
510046194752203
25345188015810
119960362826353
912082475800464
573378423128545
367674026223340
643314678526063
322929889900006
662855391299066
713831170175440
960931635830373
657261425777148
612834220084122
114008503351826
1090596415120322
701067997880427
766295231995227
143705830762213
532371160628010
201290529376544
435138849134578
1060799434987260
157978455835798
706049128815527
733191984682151
408937512876151
1028990955730039
12578814730014
1072500887454285
1112174155072911
953294553528858
763507952385548
138486179168602
1099492297542133
53638107750433
862731122609715
751527127216314
475590904301651
878822938994340
344408127755124
242955981292659
243130345271092
563831821445735
546884152765733
24407908033441
614698528140035
359114407218353
283812368801478
640094456875245
94072722826883
346641611030168
685773872062293
583107772165881
172538896646247
143874468679816
529413243661713
318862881849714
348588764586614
233106753247378
336623542002107
493154517312176
39948310601507
553484873514116
652423814284662
488962767537327
666904014410466
815375786585986
491705537785379
38399865879774
798790645644249
843089774880992
5162859098530
1087241206559894
580422363896030
198997528677721
142151690370872
790071055922931
770417801812898
485570226688710
1075430002276782
32098590921747
1028278582955853
559653363810667
147299288085127
1084689273393906
541313640402564
255031948698203
465027670096712
956034940457936
256690181142509
331454713018975
846319490474334
808754617218810
592447629707043
257126091711400
308973915202360
457355174252203
180270577557792
968847336270142
933020607999173
563275884283268
949928171663803
584415011907808
144891214799308
712451854419157
1002186458638630
49596581990447
535511781627703
93883972248587
702292342868389
952916608978195
645792699967251
1005655886791081
457016891707724
939441356553919
683136029381683
401210207136138
1015469200183785
872299286429105
10881333033584
576484873024887
49349075101674
1066594742410887
462974924934495
139829167643205
524529510898068
1076190650955599
1040858106839781
335988714811038
621868912900995
682650709725534
323075291317126
510192351196407
469306940717180
814207803341592
788441356377754
384575130848069
936402315632704
416227300986617
1011503896293400
890142797728682
561733563037087
910390507531041
155480159195311
684129374110137
389244453877731
688313323404940
557386906798785
1040960629615546
208316389481887
769261201017573
736617270965941
254255098261991
561402589395449
301006050673798
182031410853335
150066917392716
310587038176996
236621901226412
925950543273757
584852367109167
757158914482403
399832261037385
409092145252811
347801872528834
22772127207259
957372336651288
773819907541586
651430365235738
733412661690887
77534147185147
1054889805792478
389084626758131
554030170767287
91388683883086
959683826148686
454652257535774
669589988695461
534384232575999
1110774993297312
421111108758079
425799924762978
40837621708328
1037581127512802
388500657336366
111784941180490
893847897056962
772579530157323
285029290140133
2044657828308
516433747136199
453758160167582
67536562695453
307536228731228
746187672126699
667661468258527
566862628664421
774906661595564
555428376928159
923380857460844
121408917493961
495906017861134
894402439231526
33323123073907
1057063123492527
623809160036114
1073274499393858
364718679414049
235171994522798
392558900804502
321493046462882
447277074369226
695322915160708
257459516223237
714626841492915
140622018498895
925975890984670
968403697943421
975176284989134
58678794950028
19804959908073
429495528739248
745655251561015
46081916807840
972830837585550
808449105005042
1018480520392594
130261496815908
526894900969848
147956884516678
804842353545497
936828673671941
549271765609701
707925486549173
872219398048354
187797026634446
895944131704033
656294585369958
409766811854603
153415438000805
33176126057053
546579728102346
510227063551587
981093449013563
229521250842639
1069856398551997
733419630751486
348137096003498
537519256804144
559097184731064
302057630079873
809959031520566
1040882902082995
1115362365181649
34893115291926
901317102821317
945292652113233
701299121987402
1015514908833081
589001706428287
993096903442423
446579999070676
574267325283353
651682473773018
1106983482191966
516314974879120
823183677036373
632482506198215
590131394574074
642562773183169
660072548148323
870651677235236
116329097229810
929877941450713
828058621629510
914896095378012
568797265303389
171648799926559
664115667691311
395383205020519
601789789756345
948334918364251
613055942640750
96241337219712
89190976708886
70360781793008
693484825100572
103569545656568
227923619104899
982568259717782
832790895892893
466099764405453
1123200463975514
1040776236602340
706986613893544
928506587958511
992210135901997
419927974662083
49842899373055
284647444445510
963776417599051
760492028356537
760243910116385
870914688416824
894375475804103
293565739320707
750118821694136
812600894258007
441206573246258
87263106563080
323603216374799
98307580760191
78115965148382
469240451336619
956597122130856
888663931724918
522102763514220
281267248084428
1092356243401959
906993072222562
978427284698132
605564321293385
455199297923546
947196859149448
768981918160710
200486706353554
320482120762845
212902738661752
430540590790464
1102396606698702
395282882178527
329443570882574
455921274526756
475446065280148
221405253984371
113354488874118
227064320609492
863226995330228
812072384667115
760901164601779
324162020821545
771973025906550
288414657529763
834358996839139
230369978312407
877751463194743
766290599941953
829319717636983
599584589810074
353896890415661
1085341545647741
778059593421517
528000294837838
1110241715157033
75949553248867
320752444824859
1107744270758210
133539594791956
650915847287697
175666597132556
653905652823578
148096222230058
670933913708872
880230542412041
602683236126429
16308612691963
96677205412327
511514807491601
445010766156113
777910205508902
589521822464873
147477460971470
772921152551906
365647324103002
478714600404959
60839174825653
263987921347348
695579169654880
1095588567804556
1002414868942020
8145910974746
607102872376401
50607141066694
86268452325933
255762585200986
1059153579834627
616465110545935
195392876539571
813792031547014
734513795686600
584047233344001
151361549026619
483933011418011
876146567229510
92171844657553
714846174788501
8567951522555
963487704449812
473191212272752
608216622144474
62424351835285
750394674182445
246295684201971
1060210401663963
338684764746236
968803692542581
1030852155759522
1019765458802294
20008581358585
626717858840397
346214311001777
60318057939554
211914108046038
991039340447645
255068041067505
142365914063697
1069206377825394
1107674339316446
453876772875050
629969863119322
647204064283993
661457074538214
629753291762459
538361302984065
1116004984151775
775993609397598
677705561602595
721485981241110
846246886965808
253319812541935
1035529497252976
781904485229212
410726893675640
1110674304762201
466816254661217
579506616749334
993452265974014
311361530555212
394681720493102
296175696743034
232832462097385
18644582096141
214225506966259
755978428419302
1063159021431119
473474804787403
1049239102255906
473599831897656
955591736497421
358937425651170
846446806100518
766918893399842
366336596430217
714500211211489
162605106433645
418791003857287
528589974967210
55300371002196
686447578977979
561180401687798
1089345064072508
872972682076605
479579101008099
823932195677604
487843415182867
1054412226531690
99042469480776
127249687470876
720358535588077
315232134222309
741078729157049
336116977300207
124447237892147
413206020919155
796299468031029
982270405047095
393861237285573
782837480881001
1088456763102547
515742019654456
611605619826751
898175410194024
654752253330776
869293229896548
825391053504297
1002250156137736
634498614440150
162568880564130
735837722602346
366747123792607
885287249014846
403794131332386
325591790361501
531912959260719
62414407217343
1087981255531045
64613448000535
313457130446279
201244253946208
139854197375135
594683788810078
854957331366766
680528475334951
598232528827686
105409458744537
691360836307510
941161231530568
512289348141108
891369137234705
75004480119554
866415966442137
1060539421609581
418716141347377
1061106996344818
811574360117316
429945367979447
94130203876135
975341531828457
571436796924223
929132699718474
831166628761743
530117020044148
358863140298411
356227715465777
811566156171058
27749266701979
989666677620947
581082969426483
938075443671431
310083248646109
901119366408583
798884212424444
53481333138561
388187012064603
374014653084570
1099101327939121
1099444649217610
258595848332603
193848602865218
733088151038734
653231665933067
1119958293609590
1054495268733415
1016374242125143
878779697280416
208784649939629
677451062653113
520811049997153
472613395613167
1092842255788407
91971827961308
542668188900501
857165553352942
628174973251304
488826485058800
291022387521927
857521323428238
972460548372311
455142203173226
15487921091508
362564330520028
715181703072352
116767873938301
978577666192398
920532802240543
918100593362060
1086016387065628
655242636713869
495882666885545
381545034249883
595892803230644
130822456482631
1093440667908919
297188405618943
949144668670054
109317796487907
186665255022028
1113685749851948
218300080434520
721765159359
747842518312699
908599806796001
583765912874660
380457272959081
855984684096763
157710154976000
845677938563448
997296369068082
340897158302735
319935648989014
561310463059328
739842400251206
362457146794507
455163370970537
459671771544847
303077051483727
354325621427598
47379300064001
717923564570705
573059140396209
12571185809345
549980045921928
598100364953959
965442739927530
223839584105487
365696652735786
196941877580905
774917487414237
449073975273825
756933086796454
1108864908774905
192074419073746
93810444712850
1007924994311694
876625085056159
65220221539004
750455762546254
525846817529924
413188452760283
744766954964283
108050493488324
535331049309405
240288868891967
356302530373719
931195988224152
261213941756876
1030997703325321
985346514957427
942746337278768
344405468353628
413631212591785
752243838072099
119386780939541
758142308637377
724656774079257
748590907957354
927699965873896
525933331204821
747190876510393
544246459418835
428673852104551
637394966149706
931015504651221
703752150513264
189576953139972
746318156580490
620318325784391
685780669670534
1096283922043110
619340798558886
284097052063679
725422156568863
1050871344059169
1100745987959817
740850290955512
402589016238573
342047771846991
586704446817725
393933525147774
944174195946344
920179686585908
594015602468055
581562999047614
462530898597656
519517535791878
1110788268247386
116771734294529
1108681146202032
901641525463455
1113662190880493
636584728280991
804129490773622
414913878586428
163818196030591
824065385599168
1102335911307480
60737581629368
194233288423403
1017997718505733
936548071153690
696266670080787
502044056268100
351314683303689
491532243167733
903477247279063
795643128607159
452794486607752
1042577122889247
309170984634796
1109262794317422
173884967825308
522547689343665
839541278820991
476653474747446
188389707367723
740252532284557
794830224144402
102632829293934
771817938482287
447534296421646
627267740155520
948086488561059
288769888548179
459072284253493
118505191141722
664866630822022
860319459847534
1081336561267908
297532638053693
498746300995305
101091005518923
1004177271519043
436955645071777
779217823889735
573395254194008
280044485676865
667433469521137
657684118493391
922444541593616
971899141947605
173752059016610
37381619147926
260083308330849
597342488241209
911687320762733
362092268091026
990167504782491
228474534638873
884279837074489
1011967779197486
933514717628775
464392362381903
125613333979207
913422024471780
1105056256193008
1038133792717638
291765533993055
800517261738407
994753965792716
1021712845529220
546343817181432
36106370233584
1114865566689555
699972810915144
374210334384469
948332876144422
63101729039585
451554603473393
1044303571857860
1022102009651280
149878257929084
712797099722483
857850576331786
115142042316769
620982550440295
206989174861603
760885913884627
337627229183575
1059533448740717
426869837495963
261967630291455
1092251524850052
654682133907487
79567918286954
296132477882713
573406269507263
756114660163340
599248795764224
272905794023665
514354227932882
647182343559424
813839402507180
1058033316435954
860587589773089
833393461725025
602882160998039
783493991727052
397670746749097
600224332541666
1083734752736863
11456524355284
494848636169427
299850163911529
736879629493851
84922224957912
17078257266141
969330189188261
790016068313663
406821143630377
383838789052486
837627337369197
276952451213369
929633783446253
1102322676129185
465324501975716
623919877555638
699114027269074
962695042171711
404044451968445
632880752185554
278995588457013
420969861843381
672507444997780
495750593566576
959616159811392
267181580225540
1025886305313308
1008062885979511
1037254862506436
769777409182545
588147105075353
787994355512687
726196888900350
534770550729606
775434482228205
667576959180761
345537564449442
833440439350314
486317714647289
658656152495022
456081222488502
1064680621288069
292330784532604
1070907985880151
370989737241152
278820208653428
387092653474485
640979360100272
779781945206304
1112494869655400
602930352590283
319941100242255
267398094500303
502813540234762
841812449007142
226064585744555
83193920521364
711383821011325
371500061777711
962984675730203
537071151175164
1056304221384890
246306508413638
714710745792211
1026419373139671
57263300158493
342578105308412
929758137298798
452851619817147
469667909659527
587640367346887
568535068155043
922995000430643
372032000246953
473290435654398
140250764892240
493991643335907
1029380502894184
525442034567864
195368597220319
149351844648964
463241005723979
980498408219911
880893384414851
202372813659440
657618669338761
207220739672324
46289901925181
548088273728383
477508578143202
867781341540219
888304255256499
828023301914280
321245296323354
973328169143420
601130024169734
208201292486023
565733095162183
1023085761570358
711247034297925
943988538660868
514161734295242
919068965048832
261287288114979
591176729007046
386741743096091
1124668746107303
117745850197088
800970246637674
874101691243280
100356396180556
980899890719992
775751622283175
14464555047385
214583433903340
231143641361854
526544185585268
698523840564617
204743012197594
290229974781795
364976886094767
799622165199624
503532580456490
367091537108437
1125152410920214
101430381588543
1021786571326975
660789991313121
349385971166017
736184217232650
407262597983731
610155624880579
799046194587315
201202943331717
1058301890539122
994250566348562
68710746253546
314074645108693
478274241232922
301548408335426
546518175640436
435031753894434
713467754797709
609150731608799
140880009711103
968152127571888
857059889519777
523012713751227
468145511265826
1070923525189255
745708794260885
638097596943920
1009520107468538
1099387400137375
239962547175006
991040069102958
469660302754149
561632790459863
416564936769949
987381901099439
189357288498923
446698396408833
488519855633706
833044547090099
159270228228890
353775653492367
476637134468967
375254739775872
201517972798443
689302186753752
184093413268548
200890822404967
389064488564028
1071177262073039
149834961099371
253762829477559
707019751720275
468017184823566
207559844459487
472010554252826
147476503818006
987723106491924
490197673955461
924055402051519
109666252240936
200402234245663
635389018720599
1027609999665960
157424292215188
635785043425427
482563254194477
774602479413884
771260977601368
436823655337046
1106604015851560
1064764647594077
609392694741199
810360035869196
1111340932975717
65437631222115
773827311802160
1062111335649826
356073396704737
264654581876126
564616918904005
952462816012849
873189466871147
162900887582546
871263060627171
311463991716249
877244678607325
350298429996861
9922274757211
888202624618444
987790678092342
435416197548536
817242008120988
898377614582579
345486778645285
123871793029236
1033843133463819
803617841444070
194448286698216
968081821385544
872134146162098
340191238808432
737266096629210
1114221983948068
1102381792978775
421128163973942
1101549519143650
665391177967824
118540087135502
313510728778103
134899884546395
306975110203694
112063633123392
1045178999579317
1110129042351693
461859461208530
410799366224711
325418335394694
100890270746233
714432410575098
680691428634371
618937391477060
34042732993654
365579479740931
768372645574847
463135965291397
941485118057614
980222788273948
269976494612791
348729002753715
610577572783753
884216262275979
92719711167665
780759251050507
242185290315147
537772693732580
57785822677387
998080851354128
648039158203107
743266498183282
517632613449796
1113283090318371
1081127709842214
393395592887757
435659292357502
578988935243472
48958918501707
642244163474150
295862695104332
321046566628685
1100650756612466
971010378408693
540125195172165
820583029131725
536868260584287
339755199414445
143648963553412
227942069155722
401252561002364
1051492699827078
361171543376175
880076566863907
754518666399286
122338957088233
344722210701186
281611762049892
13366947671235
865672429520750
824920173991693
581771280535696
638393181525973
154312754133476
454784111082348
866561420854116
1011032541013609
939438236156900
171324682142116
514133470719837
275308240884491
619850812250270
935187600949903
290694085840220
299799469917733
518581230940912
491127134029964
578400450212672
376021163808983
1032544301791373
861367678478791
681974202711029
917187284926513
827384768576969
973763987348001
1087963171479230
564533452403919
1111452150134954
87568780948278
907959355199992
320445074800237
913595548548331
389183004708745
332214468483394
205607388938441
673938920491826
460336879810276
470227671998166
645547300594844
335025894106216
678793600971998
723190212913835
465258158844321
612986427177055
584032560892173
876221355658654
1003968689470731
275139714722687
503416140657325
317740610760264
1100206436649208
15592908430591
755963954056349
511341582286404
553367362636328
130169127044571
650334360157714
755480642799061
385125948517972
247844307088788
850075538238659
150256875011840
1124901984227318
979735063373366
429570162518623
1005562844804862
149204753679051
944406244076581
1064995934276961
537456576974979
99206507554112
963951637779434
549956798816058
806594965042117
1082410339160461
95226227978527
1112583673304959
137683404514984
555809889099935
69903124617143
836783117009772
361043613712434
864758847448389
252361826536591
208335883563107
684492381635762
397396047857277
97403971542905
229361375034391
657279565015873
467163949446031
991552393729416
376760852732181
214094693927386
325344715475038
1063034187902307
487436868985110
228962146858828
15644599046411
571715679122015
117404079929530
219635280768624
151050881255357
782368270949953
1105377653079219
1035004516609748
386509438132186
998222502120375
1085606815950612
311546852860842
280336012349001
176440823165896
306332427397425
136815328992155
305589012611182
75051829783429
105997762716770
923631008042387
1087173570264224
164777385358265
303342586623745
192954191886021
286349140936889
475621609640353
119421812408634
885694335324841
1046652844743877
521538031431223
157411528289904
247972071001673
47132579753007
991908763421784
848699660447352
689369054680216
193840119392483
391801597270607
6830432157427
749682549819934
1085862691682615
120494758869421
1025950292703667
61523331156524
608335794645196
1119707767543306
574746852653594
779992575339764
28152540873104
585328619571631
312995338379283
124247809632273
408887845038283
168878474080078
1042065927685369
377095637494288
198892131652322
746211809349836
702046604633316
512550564146904
19574581788417
488029479464656
548538347435753
933007884664649
250356398772907
589813790484151
555702979796045
23018945476367
67141476438550
32020363384985
994615455709953
585594541962698
881268709993440
936133385159056
654154463439980
449394373317082
248351418732067
713649287873488
905169132220244
49579422112926
1070364913155847
188457362789190
1071024566233510
1003774525869885
551575550140858
609705331712500
550262749733730
12124903402677
980894130009014
1046591334359261
498020459114257
72362561149052
1015909304353709
146736917442236
204232417813776
614265387600982
788571790370612
834280441798813
551590352814839
246418028200115
215233104697784
451846336412430
203929664970546
168582966678788
631840621174497
24149936713677
864133431481706
923054229887386
98489078404013
552852865811527
562482816034732
1084798761886460
282435942625959
357900026483746
909732817216286
886286544375385
805497813796488
1122535614294671
306508980428930
381074817867325
1093540297913059
256236396309928
604566348487694
438543330015420
174559845923987
798090780125440
823213603295304
950828733332320
66504973082605
3864927523226
1097420412207557
873707900470040
404517234081668
65112703373420
122311766269514
35067495237874
848357397264540
615916178963637
1000626168350178
125214152260222
1106410349059129
296621284414440
240448708145085
594842299089026
142669409117449
391675825749338
910266686373130
10721953044869
173190963500645
501000733237834
524258424968658
1035426563161818
813955108888434
587957835316937
936440352266394
925371368184263
676775340454191
609541990146717
69074855733304
500629130411933
1022858223185778
1039678293642977
1123762883989796
755859531987525
251911515147545
575594683718044
353335209407828
487144337323805
1004305150344811
7012685082315
738593548430874
877107325407736
336225119520515
176072026135818
571993993059853
1003577803785786
1116716920200090
1093053635546001
1060705323318851
501126761008681
1125130407043062
154023197582888
1125583584346752
53791568309265
1063394630627075
1080845133200353
66555751322863
77764064109723
892107875092063
1003088702833086
694620599734431
493846576512498
986046465065569
910055532151690
836461028699574
379373122831551
698439536751964
722908949120656
908197519057457
1122753233510588
40349816489381
22936602875913
210583277663573
4465682846370
1091524618577599
845968537212934
696553183451087
217759449150992
336688470564065
834152141767807
52782812481053
1039493334241226
312176838789492
543877822903097
973973016590847
437388219692162
809085919669770
1056120394551985
830809041762892
424953460848525
823909965137252
299129433943281
650809420572312
339904180140591
386777091909475
555504484412015
860508488371604
1027282471634226
953421023065682
586810888385874
812670028228949
847962223361676
56481364863812
1110748219927225
845604098710844
671120388528457
579196827405601
851713039373814
437565839619245
903163003616501
794668386274494
805620746617259
524077547218518
837528526661738
797947670036122
521366398668871
1029197680632761
818842070323288
233661098775591
649571492884781
308942556045672
983194196025859
225346428898872
1046339083315369
688744198839277
621229485964922
882696957581046
112206665614292
1047941747978217
119040301193003
439092492360639
305202420621011
739746086178385
383239528097277
303804152438340
359797303492614
1040734424302201
585425207515149
1045878019466999
460925490742149
30921414556959
599989225521462
124406505700297
530805003936034
191030119738385
89753178191913
652784529965531
320848599944213
214434048155267
627972674987592
77083545585895
999619657075813
513646827613458
147989097477240
1050384261447468
225510805569873
915407313154366
1083725064794082
377699732362276
157706016111673
991775513939820
917518289423024
873650508048770
485799517382518
534849531117528
117398581153038
683563540068703
84654586211539
482538632878352
475177616450123
165738843651066
656489162805772
156785700135689
720573173547861
285913534339048
516282301628508
6289970813999
73013846273282
462497047152914
628668772358674
947319846815821
145621607599075
713224278218360
675844794045768
809269680627964
741243167454970
664158990277500
500187607304421
814633388651290
50403167205751
6981362239909
249672887005289
166587705123835
1099039831826556
809794998212205
871706127389362
622434063164591
364147914352558
393191668375581
329565613022932
114794452714980
815930651650389
727613756488366
1049134842461754
930982921310717
614037786925001
1087514041813996
523675804177730
32910100283992
787554005671486
973641661809051
577713930574392
68074271224387
256373609526385
42654124832096
57830201703411
135879904253209
673449859146575
180160115223104
334970721761225
1013905552897638
890897111490978
355330835807022
321021381157322
118054474596911
83128649937843
913449467764149
218799778348362
911826145785113
677511064862771
281187051096163
306709738844136
855251131509986
539050015699339
671437331523154
1477455053062
439640969419299
865986671340497
271301107386572
859577617540039
18128369444093
34850651128953
888968136143246
499709625149466
130603582523504
392253342139220
115262348643768
753093623288813
829617200323858
76576456201719
1013092270079122
246224026845538
742690500575014
246192103843755
725326025201556
335825142902654
937149216913758
267254513522486
483382376839222
494264540623720
809854498586963
246342445025560
631519968687008
842780997779960
720069346129338
785060952700328
636675161344956
955062059660768
723065595252980
833595423582890
749045737602672
483774661227948
225225190037963
697076207466488
891773715277553
1026456410871164
313614349912902
1029903863900996
613063703430861
161893539960163
515224496468151
984355621601687
1093115795586315
167595519275106
1009186161550721
540040268203577
366848881929683
48329809762760
72643740446029
674703897782468
1043455183157265
977841094940017
632322150812755
51259466312494
255949948159481
800874539920152
230474270307372
725100243116318
10556110012477
750964375955096
943255864335167
17171056060600
209080232592862
320837646300506
110402603052834
793184045245912
388323647394738
560319285516585
663156034292598
322603061381132
920681283229025
952199703243187
245088373624199
1113632200336878
611861207453574
638134971193666
177879226040863
776346586403639
50860457483582
330471723249222
240542626655815
175536543684734
131913599593983
384463495683558
184326815203284
927782320773815
698275062805469
93287703691331
429447157344791
387478921464466
137320868419966
1005294159522458
316331193973113
902849330957431
273585601882453
519451753715672
630145277621063
613418336211874
41223335450505
885858223765519
699384519201629
329938399929360
1092486121083766
966520956230041
3614116570143
1013694179312177
262177327550340
1110286597832555
962317241656179
273414111334047
472758258411229
221594820463962
845640602984465
889407134761206
709141789196626
324603122832251
296084047288041
685348301097256
281522859087941
6710611794180
622776024242393
590611095691927
608596273812793
212118298567278
1008700148700565
531912435977186
651254278056102
499100534257261
892990400995674
405572123693731
1097366735692166
449970968620849
493335598642880
865291206263120
633576996187085
400678234518310
1036854590212932
975561292591118
765954180710103
307554633746213
684337766406202
747596441206373
185176053101212
475330706636695
845816940812218
417637418406975
201880208879372
103125806563552
769946456073890
1051184606472695
749091926077270
342979826123560
501910756004736
925457465638649
255704368663761
906557647950171
745554201354284
509437114955166
317060974366418
88940921171917
886001481923979
239696114413276
937343176727288
955280314538795
269780454936185
980545403582780
1080500268572220
557360944201770
1002589261349373
41656334311717
1099692943256718
725494498642131
264002020992294
990741527869623
664204729645393
631623050271031
157525927778465
669064134247677
465286089896834
281239536447419
507405919979370
669309417304388
72785232815043
272634133939937
638000318200924
697152685324014
826929545084686
546241468082074
478926458768748
563346401507183
605562858066359
198218036494857
739117459647736
415729597011386
277963496939629
624446011935755
936889890911841
915312496635073
715442963497164
479614506959598
576959963633741
106482609845860
1009022846695493
607914560643657
815001388527339
796780103066117
1050660212938685
452606189480936
134610800002630
898021329094997
188185464700533
89235783754642
695174724297214
170616635987395
68262410286047
973505812294363
1112978878638941
561883121877665
615118461729281
384992135038175
1000413162047595
326141045406505
1048408293431366
183954030237613
198151600286879
258252350098537
682636441173318
604190439381311
66227022227867
756653249775911
256052293663059
69643248662886
530288111780778
265548081129899
975694436805040
993379975371895
460415258012186
323232321542763
831439534930985
934758301749532
708374570793693
247186487033636
497211419882770
796030121011421
476207059101557
664495057620694
793725974395738
322040659600267
740356746167555
87086658714163
463423588362673
836114207975769
1039521404763526
560463691052354
148521747508028
32446809358798
471974393749680
134844657358756
916382441161089
281545741774274
989868885599328
329737033055628
849281663029248
1074866803328978
1113091950300064
516010063590778
715551693342049
248326900399684
1075846132591882
231452566986946
1031486701474326
567598420372009
424434723582649
312260939042956
247261277882280
487906124898300
875754681340273
160382773535963
1028825477633826
339187536328599
868565701690731
491557198661823
598486471144288
79123055570094
267687563688490
653631352902744
1087872974725794
909635588217721
749390882739666
406185420903356
1047731677630670
224138552664894
630987620205926
103204866533242
421416993045944
246849069597056
776172441909802
238223572979840
675231152334386
672610564316081
347145189563321
1111908171168949
684756392175804
583948308543890
830136153170153
542625415477030
521741150617661
547510598584799
240009438621832
278700928386045
84717114518806
123016528528665
338061322481099
258734820482895
839167555987051
785435183715880
919127745667119
585188090538173
6676752306794
894151258699063
1014313119109607
948614099640246
720116976096641
197109800537048
695557170048300
231177959587060
656854832143376
1040675481907951
938997964971851
844249001880004
311598388094614
799035977172941
455611555378567
270022134428710
134005794928595
1024638155939177
666850560261183
659451101919982
519202901289021
604088204236696
873851828557545
1031164987029028
62265545964760
248624372392659
298026006341291
236876267968007
308352848143338
421936062898297
1097891400088546
199012177827982
703301502121071
373357651868517
939759617647905
252500348263666
43728718111258
1059360801442440
1061682035380420
736040456238713
502375513024125
540249142691935
488867814651496
991717898628438
752015639655281
661890000281685
757078449108306
112636934475925
519512192503484
810558044457132
285587016831511
1103783445669482
1018784781797567
215370879539883
440197282473147
190236496790374
600118952474026
983401742338341
1074084674250459
301641465908404
303375406504204
597916176818062
104251910378832
882008038805009
578210466747046
687689743272415
419564669844283
652186023271133
669560975553368
695131242591264
482216446806629
254222608263092
373182768981459
1115868604957143
895077034608706
1094062460471334
633725392190457
368040457212376
345985846428237
55934350592703
741351273382456
895411697730194
628539988787518
1064719741138630
132379704523347
484383580765803
596462104302109
246621940547222
385457480138998
958063187049624
56776376844869
172705364958672
539766181528458
958652044721893
333839486443245
819968244847123
704580100646425
70522445572757
91341656050984
379383083449154
1009994776293865
197109136434105
513386989125253
606835419489696
805835839639562
1021328945871847
547854368925409
1112858730139437
246515005467419
831654342628187
226576129572333
642373073611183
905757677366879
622683585272447
711640165835406
810259556822364
726492147094746
487959583586294
246477648934313
879246073596955
185192257088536
62045704655863
269682799870501
599679855411676
600296238728117
445459217048023
353646724303495
1098722652037331
856024644689161
60237833287474
279593764037497
373032378750111
1112709069758533
1066564183612309
303158349817887
1081767197430538
181129475113417
52214835815920
709610236940091
689723133908988
286878014922800
207163370094640
371604162702978
539660632814415
883356801437296
565216101525590
48700363257308
972989480839410
172002129995510
1115130080537172
128031645368821
168266206197348
736694853794826
954701032460761
951000692928247
134342150140117
559099949071181
935206221784542
282848934941572
1100410219783400
236793395325414
944197904529257
631475532883587
560085468757535
1053378065437575
451867355039386
1808116508842
938040020585110
238074495969198
960952906348987
928331746026478
52952659609027
943213837832840
822575165435542
9611124946039
745804610252007
361880033530323
666604513255876
485134958558075
542156616842324
1092994898485653
714344589636128
1097009430292253
1007950739154503
623063080151197
984227512496956
529324245034883
1119130938914654
929110043172017
310566426243087
1043765030002022
391219869294273
1029117205089316
781292382952930
871201310844007
22493931074974
606247412936446
503247526325915
338924783428083
547389181070404
1087195212929235
81736123010040
455045497723852
615560825375373
88191376310192
562740520912982
232189098927530
253723302006489
76880721384474
1100893025347122
246294256385226
838153154330136
634482393931529
832572977813378
1020350381583337
911425415362421
73301269605895
562649678122035
1048724857084485
67656084456125
399915640085705
1005541731074358
627986956116791
466365603169230
717339653440464
191664887332580
220385859554352
108256948804673
491851270301704
282640077902152
144945519220215
985290211998297
1116121978668894
776675985007234
672937949320555
321888326491061
59314715589949
173515101586361
971206889905093
805924036138771
332262800943507
1046671471270756
267742751315299
750555846822131
435872148988822
947647051572496
282901615928682
476100235377272
346111345981925
749824508551784
161068724014496
139447208338593
345047921005391
170362172219715
406671813481249
1063750044885548
344740321844302
6624157698871
260454445590216
981985997003095
305404457909435
54363696227891
182780573594680
29968899729899
1069265020144661
800189635721244
186558479730031
81714965856520
763909367022999
328238321741452
211742109684905
906453747968097
872527824862667
506073681969659
783712117423738
40404256894523
237330693768593
733282061622757
926531860408515
52764119115476
607615714222098
274569754755843
846312511877817
460056561843264
459014834456575
1123489531299869
1100103517702556
304096280966133
672282659599321
105335293416863
1044347347553470
823126693623244
313633019320731
809471393051769
337853623518287
634672786259775
1021973923801300
338270268463688
721015981631683
983782458425996
275480065601904
260297917138385
566314725333493
1042480478257523
254419812437716
694511442476870
275457667637519
1097950427115787
678362262392153
993607946220662
272584976105153
312202565633395
25503036302947
841383808737075
750068344805772
1052947735540749
247706866081779
60966172549653
806159596150076
894744245148538
881776917332168
278827267148306
181408315037049
857610674865937
678745689906985
850145726201102
5865274189954
18938628581449
947894640625341
860870351923653
192815861445469
57050723243121
551494770388882
871850478301629
440064245386004
13521968914990
318425044139462
14202016169087
711200243619511
1112335138391742
359256600834459
5213620196599
442755937060735
141843930323644
210738707232191
727829694403645
722284355403925
983275973387604
184222428371665
482458821515522
462927297111281
649953330453674
256278090570386
370501394809564
496345184602660
482827665453940
94912888138544
344314976714697
997378114745706
265980222422270
831668929172759
381552076615736
566002091004264
729784837729136
1003254902204928
780957052177343
557750677552918
741423652884465
910872956847106
90813367926581
982974404024470
238760204932937
33678803976264
405030058161781
929458764228106
181615174727391
314907438481925
653452298235969
317314770448038
1027215571275182
687972368046691
922855044128667
233067758066645
262398433096824
302232094604443
427605356390005
1097540131463787
74758552208364
774755570875074
618416836784299
731846763500707
792286777150380
881370233321522
502139386443700
480377210350731
890594577753550
262467711621684
266149151173570
71115090312576
871300304591196
666974650136455
156419366102338
420844372207941
830053884319790
355768514679627
137589766791575
260073761342996
768358189113507
136142012057965
655987590863449
387610817708047
450897238462344
151679494626918
979047222696354
127388044658866
988983124249878
1096142873535577
646545120591068
597925455926866
782730140381564
993686327217238
1040901748676672
565851320264130
88487617529610
166419673666815
508065414926351
576968259860486
848000687594172
640716611777344
128262931622820
520920775814742
972490979186673
397437209691583
466060910035448
956779284058849
487394174786654
169146343665195
452645015085420
160014265326917
470144427764574
209879895378968
826427030926364
1014090562604011
926959757882394
1038098568943581
1029954026881061
978511885620396
511209225795322
301975969414578
666207932811400
929910570977825
6594241964828
271067584998899
440594183894085
214171719971075
690774217339159
209209903785694
1005959241872789
594955534129709
76254092791325
1075464482599863
607120281836006
107471116315415
347753505139430
98284587453053
774683116659085
86284415234896
1039769986478457
402583030590789
476923335529280
874383026935654
269933077747826
347819033313646
247430696689827
970380156649790
1078732031223756
227317069940008
18432487389798
662993456350255
419133979128020
1106445347419333
471842422746518
19931900037305
995854373707638
151618509228485
236203598532094
397557296198616
513476497687282
886618896882298
327759464793350
542119816130827
968015637315154
968181413594796
776891955703202
528444284698499
1049883395074687
45690047406541
914508575190557
1121903473007183
944981522569970
534633600680848
176433118592627
941987030555947
84191931097116
237446264889647
50324299859294
622690236293701
878951663126730
994483545069820
700254738838969
569719151950001
455586432658660
392071940071357
147045464755579
510448629208621
668803655558286
673987722000374
957886551424834
676440999362116
271828315931734
976617253796352
261815532208818
1061328542358408
405291921921942
1122989465239225
85758978378210
1109284773510850
418263549223163
964214195118181
380185872937855
520413242291859
866969477660874
1071994969506112
782050393381781
223036905084494
100821444987
211163774776937
1080150758230236
531043402526515
493825716680032
380427285829873
71449671391801
1113091287597391
319471853870098
268491125777244
845687856493057
281587214749659
19579007198011
691907368751457
1059018876135211
603290875585615
517949501627604
1051002993340449
754233735923141
956796319189031
698004964156145
773632894278281
51637566297375
291071658748497
181489649041561
1028851202291509
620110537934134
170780862525599
866037552708189
119088384322187
237903012905088
604025989983868
881656481939455
984558226804751
1044467579359654
343311050681612
76518269045936
543910356681381
318879623938246
227760054017507
393610410866114
342642901562349
376402577673885
531423682079752
123644575050714
453259728019259
869885397261641
216306740413881
820406064395817
35685852860611
886211621384447
1008821297148657
221434716323337
224236256267305
410858783581431
343081506327589
192949310389955
418127099709349
308360304679333
371543417105483
634849232130935
190874177302617
250620087768201
709810933213815
509240581426476
312128229838536
92443033041560
754755253846356
199205488524675
387030866429854
948953115712733
297108645732619
831563065804836
61574916317316
420245110224458
723964386611674
833275559927861
516965673427866
427800453306160
953680144591809
296054083099699
54290646652964
579343737249663
763287191018589
553695517664297
516615819521780
995759811796121
104299404392234
921128793706026
571141447741672
406084034091734
550478790828595
431495929845061
284414851179372
945542613177293
773860350813722
1091157667086536
428643584015522
41529602540672
720999994738294
818943936951362
93825129866426
1041040199207192
567284264828323
467641155138990
186414648102867
147942629756570
799617531857887
603870180625327
313890894172977
1066447958120293
445564028665770
1079578635215193
1078858666590345
629032513612843
459576782107636
1052591867018957
927931767610074
354764674721413
677471923309450
111060942518661
839693358547324
105093240447686
438798787168983
68788090692042
1097549558818919
20447415784125
797615567035039
6473872532027
445984758307993
158158205863922
352363322844353
363664469257458
164989934315738
595515249956566
662808533409672
1092380592170526
902333367672724
665535414704425
294240924550153
1102160201675256
652741887018825
62504190466948
789742890826935
711367551776183
1095668527575039
1084534160743708
773569532212132
479374995651550
155942576189753
70642027615166
228762875887648
249306626217322
535878229534511
850044031607547
1059678412141992
1060122868712910
253200812419938
821769842130679
710929729075620
215923897280467
354999759740376
794589474306485
518541853640147
653063954448759
761138528565435
847265133049074
73486515427426
1073882676422879
517471010456403
1057440642632037
124765119318822
759979944489964
5524109158580
293055808022691
361634283192648
732665248018288
916136121881498
638633756652476
1014248704915317
948188516168167
84469284199371
195324673762227
298035096316359
402614757795985
855935365664580
1074815669534284
125765821072091
615208011461072
332262248775860
1090840866831059
162243996307067
666177689176959
83429198803093
1086642360412269
568446505474295
824107602876351
172071986256525
653438361186120
1076728553805223
928810702938728
153771519223431
514524068120389
18319206832770
127653097450545
275760062811475
559208049568056
1028654924939092
110851513046314
333443798366525
607158014893269
624684869903134
1047314367379233
1000018031830155
369615676155605
893680436633512
393787450699275
688947458159358
1094298505128392
807912964844998
233951037983197
112625536569816
379524059322099
286509818298208
588873920481670
197495038353827
209026000899710
252530116024640
106612981565118
565253741638015
46393657660169
201088241357744
898055203687287
151931691921099
193379059122882
610893872989289
414948517213072
156412986546366
420257561465091
914811254902519
146932561130194
944124801587669
797505279782843
745199797468759
177241010026464
893493532861403
747751505994051
489287525381311
762917660747899
1124580779316387
146741938412060
80036553506364
623372086573902
515927981508799
307671827159778
802636906741814
712793110504968
575222574335376
484596053749923
751429588010706
166636349288889
189052548177484
41154275605156
243937515903224
125131621684579
316844834595454
224911727550243
644236702458713
737041780682729
75356557852881
136258682337872
826970185550067
191202885139177
382530328255214
81384988236817
908503462674768
213967612687368
951798848609563
385467375463132
562787267622458
428257097122533
856587359725465
237987004637794
942385373781069
1007050351463952
541878301253976
1113873877246736
579468086127493
737107671300801
127652638799777
450730324205807
640238629570937
728700693377840
672891108960765
616622258231709
632635833343794
866282365482134
422003409679542
176928169364658
915679118820630
713180883401828
27722670344905
311354552046225
440464357736296
896979507266817
1011546019144754
194072044986168
679432480707140
977283146640529
191921795006411
731248737270956
3331510024160
603156928892343
623452940232300
868857092006746
1025848187483351
617065900828862
262854050170874
313106779684405
180197653749319
429071011754983
999448474147092
435294788115686
195346271319316
425453458779291
1090316926533458
286902205124901
930709201285075
377407891725203
267599398772200
429474114027565
962627327498473
989666290914889
1025334862621934
664040424419020
68205690885206
702266424323023
180308831445910
51034777820064
998193567213975
695812446592956
551899775979314
149582510158610
249585215145314
1061207701038693
214600854287003
955358478939101
263902859748727
247371745620656
500063685062880
608503467811937
309724716789504
996088181724730
867412637345358
212605224349937
498598888502057
855686095642721
183181881436344
295231788914972
255647577913277
1061788382110649
1032755279712440
652744559058258
254711718908766
336001341513871
696056995630579
253563885155981
105181796278411
673233786020846
920012188753802
130614346525514
882432518316014
888433676326177
210170963722212
109253489234646
459022899014567
136857890013559
149210973800251
511613003524766
1032708060557407
372915200768382
707999131106750
338893230107827
1054792005648716
1094673619804246
431010255811403
480589174902749
882449346364541
1073567456397642
646599543274161
498231713358042
276870492204987
398293269015570
213829987669781
772556367981491
600960508471280
167698512476672
260636629891334
532942592434994
75545228099561
775490480109136
946032536806650
835382430399739
643213515153049
508230293838233
700515455312213
200541600823255
258803172326122
528149217359722
722616667502702
83402964526290
514072132000389
611403837881093
671484931265605
700814568012126
530273430695563
164691045585553
502242377376905
806048874546894
718936646757922
616137252480825
160505890587664
446748838554410
956496680102303
470282028915433
1010149120515344
750531771658457
485410835045802
946827800938086
775427280869806
179816551894021
945436129971546
15056324500608
367746409151865
824707733316047
132669800305829
1046575159448641
836262312320273
339544544615077
665137957379222
231732714076516
597797390580513
750118614453223
895745956298561
401645938929571
988900603693170
264888790706562
580120084570582
1000676778703505
709902186586287
22151489033693
1068925741729628
417270850446347
870960333818853
568133212502825
98830378924196
627144991180064
726742486249745
895415509323142
213522941190925
697743555659320
984603407134653
408065795608823
702964630587398
772807684499727
845801959688355
147795448797120
702809904803495
591636885014668
85344179228786
235327847837444
183468435692303
117847135858370
603261639881545
941302751255115
991717865838755
832438634806730
1010892559434700
187105545420893
360461543940793
956783880533805
457953752538245
1061377036473304
110458333172567
547002299170673
1082645002945725
359202731749037
1027054241567229
460665894283373
726817571410819
877163579931543
459978279156555
359871180302725
115718048975450
149817630510242
706487505748178
785585622938641
210135195837750
556121949586532
226717990114723
984740091382373
210026907874488
189038418687628
992324523870449
995496701855037
34530215730061
214616453486647
799345042682224
869070320507798
710540867780788
935511511918010
936915851536366
536480478450836
588857974770702
151873911795322
767025089630436
144315885789694
968771983763290
356567107011988
245027746676558
1102437118140962
157625208774503
681508139731643
804879053400401
852023030853262
157505832136492
742651533672154
974211215729678
406771144635129
634400627293470
958188491320246
765778486108322
288724694369102
841721771440088
280080916539109
314937123794877
623681808194168
348643619396165
797006089375698
653231131894321
36764559107438
519137204184493
596249847854355
490282109744847
979325186735980
21789463495366
330229428226138
820531191734763
875110243173036
19370114303222
801620906019955
784757938085343
875679382024811
786390730449756
395000381102693
888574273483404
1042206995949182
33574271965002
87398585203806
119335685270339
1041713304592520
631451804491828
1065756390905455
139191108295432
290175243250937
387056043562254
427064733847124
132235983451418
5355711335356
1061793194458664
865039586195235
1018577651581053
1090469071031597
190103758627948
1086595228710633
668980270168119
198318727064339
652213462696013
756988125148136
479654684374188
210164839467156
392541828366730
978506499488104
107983481419459
383483357941466
262905397998610
978736413093647
584486411575435
1058301206020278
629835494777485
300998304559704
473287686659060
597269931685302
440809469234673
426757969886461
537252082119006
837970745815886
332634367657925
601789145910174
11848387209628
1087815269514249
823058362005296
758803407561087
693818315045488
610910065979725
757581408532503
813460782867519
340361245288120
990181287154335
198571726711807
513110546592342
744386951048222
464930892059186
938783257782756
750938036058995
533673150980194
423268453843041
1098646309650812
39438754130722
429598727582755
538979751971298
1101012843456958
213460772056102
196496251064464
1026206416053666
554288151101921
381295890876978
620660811948760
190925165168658
456954545824825
471456737736124
1023571813997327
874861656772341
112339677750941
473847094091475
453315056665927
1106839994500290
530689199894055
372885560243971
991478241695890
1030146799361948
711251064052117
979382668702428
1069815956434417
394553787202861
218299972213908
464608344335162
24580611392025
550158847516777
682573947551083
635688452500185
593076642978672
346159522516725
723730896280613
949889172504546
1057060121816656
574190403165168
593373960556598
607690395217187
22338652577995
607388668779854
1005319746399697
371569182651181
200752519242198
485482619665811
899243718258782
836768042317465
539916634438269
1109036773088145
831138543776874
720691179172792
813529375413866
839262752837431
780127428743276
191888471288956
425696390621008
678032520405734
101471573684086
7941848944508
967746632769086
463678364289163
868578637519128
774492242774128
814429586371054
783275355747364
1018136619600134
821879682729650
1038621412666979
497477857683073
140158448061496
966642389168950
103104173319552
94868982224801
399710236316845
811754316787054
800746321567133
132523042729861
633627916626893
651925272958406
893450939177524
621502178364479
494145364611807
741827362008778
817807210810589
591815501160457
868046792719467
961991375556565
120189724349608
3184237681322
339067397413258
913161343761115
131173757148506
886461361540796
271526363308006
1066413975811611
120889217418735
224999371377108
807888033020113
4945882444378
191403197105885
371777650847230
256644895154525
691805966699477
47698524436304
2639934412895
53706347824768
471496754483838
746793259940938
260700840369147
909760825988471
263448290309569
482874275134352
295462806822013
629243868408789
684858281266449
896673788332803
586931128460877
74124501597162
106839137877166
1110679857291376
409782344984240
107128878476116
223614204315239
565108101739274
523724110251551
62247002799029
1035930328838272
191534586967689
953509071242498
612644485063758
251128412814969
660621018699604
911131568770680
1072399177387843
407605114743143
235589564892592
1086729809535342
1088894541906697
572833238281816
131604018796833
1018371750705870
872706324516210
605658548223330
219809809138061
806188214632639
446995597613320
928793307967302
835863654170645
133034119921324
187762252651541
480356452448898
812242450176363
528751116933947
989607136186029
704250462937870
655437607652557
984389043125987
964759875289785
608044780988300
769628634770065
519548778822150
294039307319058
854499809908297
815635952092569
488515929526767
1048681926847342
528371915090037
998411070614438
666775078142507
650983822282720
395534645474772
331742943673538
768249742366788
905489225838923
833703851812907
1099685515804822
504474063650390
971530397340932
951092878348960
421044704875979
495718365327288
1002324344952600
526398217535922
411038654054847
200781638546948
1049685551460401
421223433792488
1055237429782928
1010591684249271
964241216738032
829167012349587
191614434832631
573930163624882
73861419019090
793474471580011
1099327635503562
704984709257125
9367775957862
1064261217445295
982922152839848
1003568064150183
617487149921322
401650131120630
613870908992287
202829845555211
33541950012177
196679687065316
220221876516531
1043310368871406
571317023778776
1117225525285273
326046541637872
374817412506599
846830415280175
919510861550431
373737709162951
579351493230545
301191459550256
1089962188297456
387023438126880
960223730199387
288020552165289
803092846400810
235880217316829
521605760455106
969661234584226
953508893815115
1073525567602702
82104712532604
359565908549065
833151070450044
844185684175945
131142755764298
683604711665842
1096704207847865
494217002642836
855115064069054
361264828824749
528138065473770
994656219226464
1115688108686551
24984871554726
267974975424753
587222724544260
203573041947492
769553548463385
237293800059460
1122462117064272
606613648526013
326202421874956
511537522145418
323749999108821
501763234934347
265230262497684
196672694381140
495638662704148
1089512481436831
831154817935132
1004653855498096
652183447416847
541822569460730
597078325912322
803962767030369
111617451831429
332868514516867
127653333715604
25494751399891
261849904669172
787059334145173
488537736620360
141522794657236
274555576052024
527600099987273
45900166295547
208093012471075
10871412527500
367302851872004
360981339919508
665808716319500
598640485271904
498405205084336
556149344277529
228586596842498
415763139996409
53869511049896
852065532344689
850296284579048
805411121835944
382072175186970
212956592178441
803896537727358
192735500246877
760123857278609
290671820220087
870586118490522
206306974029550
555575921529538
636360431037974
500253383935984
783874901086772
547958164011128
298554676269030
764356350413334
477191718241676
413112442966012
1023346435392778
184763968523349
287213306449988
931911080387288
248877024694019
735275320574933
995757503255645
1044606109540415
349579710424640
214007463000440
622016473694228
185341500627999
562857898099298
194878191890186
999661689666435
291941181862570
296710118541534
1090085404023608
1065088870534020
1111571725787089
411581675500037
669338705975408
963752738258884
1014571884106729
1018712574186840
1052591498346342
797403364783017
131693781772905
323210711857241
520186196456233
80276527042498
475121941849248
246230146329825
200352909611912
998011774963910
574815645257043
306785848970418
181528254375234
158678204412652
110263156610783
900448854497496
414835418093619
470531816500220
427122023329322
806431869961700
243261139700353
776876690032022
1092099839355990
1057640812016931
812585370174224
718849549377839
512128781045041
980103833754988
699438976610921
71054476667069
214831619501816
55034012079884
208072628585732
298020726885405
772893433812701
639303226290203
144911709892573
234392376365059
411498844251998
1108571402781599
836497102891305
69832837750508
960311107231380
939045653716802
1076592242143939
861345648035448
397801848584455
416535058556708
434472919140133
695447678613658
774414055818975
362308173717432
669606038529053
911242616091227
47152183535212
604370481538715
413923680481917
674235993075873
859944137579629
509289747227701
738375403606003
327933778250499
430763801291709
795105583419858
957506992036698
990800662584257
940988272134959
483731775736137
534067316541627
501191076860292
583830588135480
890810853116541
198304844807662
45352989369810
136752180558120
92689411210940
901840102122612
1116328513718367
400632571815190
520505972344082
266038007426841
226442681767978
214694833807896
621998992685944
257645621136518
594625512419123
465325985668190
523426049358698
781090168034047
466591355825146
723248809492937
237514993348020
374852765889347
800718424750985
336004479615948
900961454858670