667467439279712
830482282364119
538821698590854
1022378007034873
417484442137096
56022753365605
694021911185217
17996827816333
335204475018783
1038999277723546
394338497217111
269852444289828
61449353756304
1083946189558116
945821363005627
891208495940472
1046607097415618
863604398164313
1043164252425712
135502579734864
255980389770223
847119619988657
1010371681652415
1048050616349879
566775942174985
417621499855450
1122359689198905
551408260761806
6826520314228
1045964194373248
873693932300974
372576741301047
432354768062337
129826837975904
124228951349037
949907408390750
728055411207841
121990775792333
739227032392575
586859512035685
588531687747976
970326833987873
70601470696999
624274204795835
314379603870690
523632952359084
910873661232021
632989700728001
13901896134276
302471072777530
986944407161545
651375731418783
651129847244795
803927935909538
100695845107587
355928085829183
869610126522538
335664021037915
121916006544412
412987525306574
919716146005918
1083993657595310
1094794868156722
735078294217578
89871586745723
843174782696990
852295706523790
1065094424898334
237514132039442
1014471409346824
583688273639847
3745565517988
918667228180064
798990635836549
427465068829086
826657133914010
782193123815201
4896867267545
660021777560757
143952148222444
673411064537792
126639549912066
110208521986283
595477607502364
689429334644417
349736381582353
394161107948961
197992681971331
484833634622458
1034548512696085
496825902242247
625246894373367
665821971725600
769455008859341
698508331050751
853258125825798
489326927894408
1054744910108096
619443958633300
263054911388357
1029546447294360
774591603580187
589743379903526
208885394231474
299324474583593
596459111654305
436286732600824
936498015447381
39348613572668
453188408113206
291239146709437
684496251806484
595907346289913
560703547735093
328585449259651
297799038323680
95388695484344
793846420360547
136303406459646
43361383299709
544711830369348
475815735335839
297575078619353
1085785404708434
198228674719018
187360370713250
271495845078043
297063515554165
927820599916286
1108993254954461
989288301344835
641829589378766
969539743627997
583106641185345
131423662558731
219664939938919
678291231826114
732859139490412
90009438849549
943766102405852
752971722843578
1070717100794162
504481555146617
894554085230512
503414207691770
530649867499228
119000694244762
876498804845845
536097682703940
163256804912652
414172174119987
53346039944658
1081596327987791
873787502524048
529664813114742
454034088053031
184294484032178
527883916368234
940413326136280
68116519102373
938653739337861
764042051770223
727505122712147
371785893131290
800441443212234
1016876509553170
548506865204759
232293950319397
775048742540496
56409700914901
898360056125644
723046156823391
527973349365178
429602216138790
709461745174485
853678035978126
280087023215623
701718027448749
513594276874432
933942197674751
1026755508188289
158165132990621
962350086689997
1109233036492273
319935251725026
1064550841477357
1110995211655142
1002741951772183
197232928578444
286215096289436
667396912326552
222427591773452
238330193840398
675902014785055
923834727349734
619365328601727
585494354680175
1123056499041281
488230378803174
470979648013782
939295854487312
903184610467892
799537732797274
875568213952520
1025998052203164
39522706255716
800142384916818
573790999280886
582015798268542
1003130897530710
46448100338399
449602408254634
907857579596368
760559907706794
658649374668492
114451339362011
1081788810970685
1034955359068893
919429405665128
968326570660162
877772745019493
394896380842245
941803779480722
1124206578717113
1105653139067472
753089064032066
495618204683769
1009988333135060
151941146219382
851388028513588
760554233623541
635932407468626
829067990534509
27093547660324
782822358675928
1005301944521825
766885545747204
735879752638575
137623843501893
888826965504006
352773908677140
374697084602613
691288297327819
798815080877729
1086651370950391
610201108634892
525597225349367
24746136155997
219814969180528
67959966199983
615634336135589
1061601420509141
104867314511107
628804069856032
711081690571470
1053413499050801
701605598469766
808493981918679
804190373218875
668888612930021
808572462172920
467349668814975
558980186844216
332821188268025
953278311747145
330129710357462
1025300685871014
1067854554980131
901905340825171
512459646205906
1002585664125867
308507723560443
369522514144134
722106423595793
500721007902726
1012031369839618
358492049860249
649134793709980
633988463707664
396204019725334
47606015880701
459908792817186
342096079526820
999713847949432
566392565894626
937082471876826
97307512548042
408781245227284
889038139061021
560971571783926
787952113713950
36756214873359
517458309368264
784316956808966
735475340185295
619989996908825
558616857944321
987564779779927
244438088616200
128148011134763
638809489671875
361678956026755
855846664580162
849031267557335
53149459809873
830243901998488
686093808604155
22735865734529
724278800191279
364114453036896
378681133372093
1102044966366046
56115198379802
1099907408771602
408400173772834
817423939498763
167978966343347
702206615653706
905683272680584
604098364203015
1109360453512868
971662123170899
244839177337988
1077855384039887
586464463822344
415547752115355
786881639236748
43793891616701
473383347704251
420484602235297
169761928092974
818657759235588
533253169927882
1072878179386991
101154053336616
710362515690936
575074089097027
570857408135976
40747032854466
1067261305694509
478582299465730
860845693626528
523538537795543
480692874907055
925507708218583
887230382700951
519123050836189
763119370591585
498633793150354
1034370794112263
742945709196566
159806039326662
412808705220325
468730423398388
1076999386700333
489078444343776
325828867863483
136186602464992
1118686309783705
292981548408659
959168236454445
63313308017795
971175045605962
1077029463314650
128906873622211
952164818257797
100171646952791
774848111896545
1000580235505892
156235066776595
798893344660668
669453651784611
228824967025850
354783037614437
940079165290702
629213449407998
152941588496669
993743034972628
280632958462922
771302678893436
275622882898564
1033022150432457
106141608233792
648787546145111
965436557765771
590175432767745
900375034531476
357033122341376
266678073687078
640739313822126
256738073653436
255664633793184
837062544444359
740774677992982
935154624866558
861509695751119
380746203458360
1071820555285971
784217653322596
484210850857936
834326647187067
1101926638781712
278677747881642
651107308239873
282048712363120
796686575766100
1063029912468276
654658943220490
318802184287901
715391859199654
192331801652487
169037712419656
91830533678442
785573989856832
277175380703118
465073079758653
865984728869616
771132385339057
138416818674160
790873634152686
921796882910978
891575685930872
1103818679570212
776700907560634
704641686930398
652930819743221
685336061252063
426330340459373
616235318663201
358929957566134
447176211797101
453834452120560
282609442889275
805275071268641
612027267174764
630309982811973
192483748891088
44489173405620
186264236504304
978703203118239
588934144114023
155905551162463
769422515388747
471627276972831
151097607834307
880725043092359
876462493125566
521963903880462
245877566020090
389887239876222
732617461795173
57708191029726
329836725627879
1019651195557702
659135549089620
966122871779464
1100758804868724
434923055212295
336604644325867
318394235899004
447210302585488
311951746283187
679315089952231
1047606982532939
363531820991804
799330123656438
718680960559171
581901270554806
1114823399819871
467677003131464
732181495963689
349292535640899
429145838475372
910922450441070
907816973595322
421719830057864
862290342363328
60275729788357
648261693290353
788054580843168
633659744880778
693046157749963
401694842392125
353273437919644
1102254414923256
105390364238056
550265877989449
1014421626761431
868865188242038
1011942026797371
331955649588519
926546063911724
362549365068593
529998441590371
1020719905129186
53945577015838
718616307034782
243435361147338
442852522691092
342136004514312
904908694101368
297434445715872
846494112261754
514023868855219
1436767628222
511876313661911
779487936615529
1046790694040124
336920529459354
423522839776678
136670927701522
136238408387408
819927337697882
844282955040635
639819962737238
1103572602001977
496188600121253
405901953530708
779139659415114
854527556121535
235599302124900
437997898572891
1087051298524865
732710390874580
376155534235012
795238727623667
308196427982370
966112791249330
255025095750027
537025226133370
449485913884059
925926222532410
844380754911131
998605435766914
434103452101937
586666895618309
145826303617374
994240572437531
74433507572087
782756678405719
238754501278290
21775478172519
597119156415539
49996302231339
202161470534065
18493515259510
531705347783637
616574925873977
251820228597705
1033776781823603
785287326258240
1069873298921363
892664908306989
358118390699302
233237561808965
276270074657300
925310286843064
316476705615344
513498367928286
934130151394630
240981093697908
755254833646625
80815215995443
233774208696272
1095607969185347
979607729316388
924601784974080
886835716453316
744649801689405
248262342155217
386795626759518
511889530196294
590260740921536
214480965880423
457164989627615
32737236664796
929819540723407
419701477147481
255022403634114
615069335799861
974802124757819
907104255063013
615800598272273
495481232381679
483114471692874
789734463556780
755344779591716
426685558863245
1086620086024706
24538042518170
542122031279189
797936509588734
393059887726002
310805264240509
553760852749362
740663643785355
320279934576088
682078674184055
791600986601726
626852881938511
797190441724119
1006683730962465
128950276036513
1121395125693176
76740503923316
588573196185652
1100835680947420
571739260698725
197985599451691
400887127041560
42234243076456
312239937375244
452194412383300
778944140576195
234562850282799
505596389159426
596006374586964
999312389372153
175959561361327
813597378846228
87238483295986
812802570118577
358668739004431
504443224560863
24224571652984
508305416661524
80469382051118
31562739271884
91532185520365
798458960654660
876324873296028
187908092966829
733442116362145
614801410308425
897681626882100
283833831278829
181466330551437
664103338228974
186830027844951
452028685946666
687623269765049
581908944432559
195940266468873
117221277451836
419486352250277
980131669170437
106325508453334
850175523878115
759981216928801
325958300750254
471653461780300
344219658784955
8839013567934
8462150014494
341265314325735
726950943297059
192766975491987
173177129589834
56774208588906
1035849586451225
524726832651339
1044175111460446
168472821433418
51241780711413
744892728738129
62864720654445
652233802091425
644098755390871
1088841070613944
10744803712960
1017900814567473
1064383211408413
534915085460896
658995694597915
965279280601539
750673755480300
173632022154437
895096847319030
1064517694769477
848221485495930
796930252278691
1018700144656382
1041089225874440
683753816770148
381857603367114
933918923058173
557268983961472
287328206863861
154668508322879
819554724147267
932797458377719
167824290674544
1027919890465745
224794975631422
704280029388548
776461934673212
264250660714663
801059419305925
970841993348390
521368805109922
1088117007168749
780411666767307
699446692383505
832651662090079
43613409840755
962341053304196
977588222774469
254162200970062
1018577472264052
76434525113632
68414890692798
292288165639687
1062277248426040
517637098161058
260133910152338
893982024358666
322476299404606
453864237207844
124746904146232
911610152037218
477693102211574
398627684591289
83677671523888
268855158364493
625078626849679
946080789546811
1101137760295589
98256170098030
19163507738033
393071864324020
883612432139370
560935911605401
484360561857648
509327917086907
684250106508628
930288808347218
216794468338496
625695784878925
22154893583646
458489911534563
930199488339266
1114231609285815
1002108563053582
842291309789889
1091700038995768
167572100981663
119932965625131
884027428265987
1119233744931562
538119507242696
887212900574634
694954334456630
121701871433232
1048433435568755
293132535624301
649378387117755
899942682557484
970144183685609
1109874861832369
1054015592444628
476567337038637
1004130868842174
888919744349939
654289313539274
715195091783206
581958822336267
436717885167366
375384922925370
902377881914415
375617927438568
42243407468563
520498514875494
656593698419784
182318454573203
257967357975786
445557912048956
349467728720489
380339157542273
1067659019537857
600285118979550
242310978107800
90939923621680
47377373316192
843669136895498
901115872134118
190068727292392
135202621694115
1021705104934899
425953927984691
826544412318671
310458825501627
574677632197884
808967005524917
169584437325457
599801214178967
31736054494925
739387732068445
668187430414947
84829634126092
1083615972317373
1028867550454290
1102312941145563
762559750599886
782424021082475
1047640718496299
818067556043754
928700422262794
361458516191659
1023876573876488
483661634718312
865072018214546
562662935514554
197590522993000
783483535623403
1104052203036167
123506722819960
185307591545538
605785467553868
810529308758365
389954880471693
1029091500958739
840210788821692
44800012083556
18099327026830
747672843873610
818198786276949
301197493945368
636828920081583
286372830733966
782416419008594
1058506914797492
390411656267418
742930542465863
1037198432879048
40688916129305
654607906935241
401192928566488
871151172033001
1003176607770719
946358092909862
409224625286027
774936231036033
233398369911367
697066086617698
647286950666299
48275578640115
931376161185581
513722645080398
632046647436460
719430546364269
603415407910375
146204768512459
186627554454120
646047648547478
761234699804434
262861933634768
539015679383841
466800064154172
1052657159771186
855156064904164
326908953575698
834520967391204
856262915852517
1115856095596147
250780495844136
1032751508826665
595077217682877
677291300566258
994495848344930
481034634502526
1104267721929147
967583943283712
1098812657069559
978505668869233
822072937700936
663362329713116
797038802421904
28702295367395
775338735006989
551009628111919
105375916129202
1017465084331701
157755938534788
562474254426863
996933311556210
756553142972817
1058651988508830
878097817015074
641236389090636
930863700564056
605555273799082
1044784875849037
282321652069018
188982941213078
399960037735547
290928946363466
877439972073305
1033307256249740
168472900229798
811847103135201
793842577015935
390548836851722
791145009375557
477188589889672
387695609224860
1002857032890682
554252233621068
410255119196107
739292026599000
743903814628389
999686945626168
173404479575641
323442108031394
308426373057914
342051697764553
137593734505828
721421124124521
1089805961635402
236383500078584
154819378161353
415180040047387
3207988602642
924605847367098
274265139293547
647759533179147
833444904376572
19094759105554
914148545399106
600059887634130
806673654088709
636468390234881
749022899754810
867354438071964
535039305688099
336935191858714
915521037831312
1040170432607933
810099345317165
1072325744613977
1047958742535711
171131140867207
250865708556516
480873740626935
493566838538167
1114078610326490
857945040464400
371728132098975
799823628361010
936429634106689
152540719224428
635547909379277
178935649195611
1088405973962464
990810510101267
255092368314761
813542787509831
857973750773033
879881633626950
192887505599718
708338729163297
468615398544321
1093368634251932
497655267747465
446890160972939
322964606239152
902804818480122
249715555669180
600988614288347
643077007323460
741564352219336
593413262492965
78824551866847
314206090319754
797639886223943
523980702177510
756060415460408
31584936883643
1095234855993405
245964164128791
585322681282662
525337953889132
457174231985916
1063479426645483
175568838916244
93250997407699
607865130833666
159832596713070
210270204779180
355616815817297
1125473261146417
619273693788250
802204479872988
467738347816548
889721605881071
886490707506358
3249535734278
1119411758418914
559742760072122
498924515233163
299578395806403
300999544342425
323571803413947
377321930184454
336356682027244
453343479353825
622029040716223
871645242978418
1003105075394102
274939347614573
1036076648034980
1068571858684263
938450520569161
350803428357945
964726897630174
324780561509280
811440751098248
533317997714087
227310933428537
859644518065899
703460365870146
533995299801099
393750407655307
31568341266774
726154716745126
839825633881621
623526467298924
758946263363915
566424654547915
929564945426754
657772777843413
961725780410258
262100144891976
742370765460792
640980234368105
930937246408291
484581823081945
1118655608298451
549435212401530
722156012148094
265301007076890
517060349168388
214445956071447
697057505305143
256446334096351
651264732060119
197255869310777
896031863374399
1086748242857208
366022723139329
711645341386383
316737018368361
655137606925691
284104627972087
34897868221885
457148834809431
596934437142487
1027199413447161
403250725956906
628642970292028
523782986050522
464518489164159
151148449056887
640667282110314
810160283683723
180300145175514
440177843434909
745849124696536
271091912797344
726665228816850
811236241719533
144438146940774
467020764600075
294672142987042
637384768795018
823920531265777
1088445621928539
411394075723182
236522965052709
124080953981076
261035773743233
915901730821858
395456324221102
957833741613216
759956522564133
548093897880750
440733940077785
315902025022563
267762008884245
195883488623013
927784085317517
454074032313127
972253922181346
498795643682311
11026871607450
448086162155339
523706284461060
973984871835597
1055074143322949
749476100430834
200146045739230
697424955532610
203044555922813
268321942074106
480628151309286
655132941902152
406503245421683
1024204434909736
1037646497725497
349689306330143
783920307671552
648754385763385
64110683904062
800870758675316
633317267498836
354725246842005
61496284837750
965441134575703
530970605994291
1060074085686560
1081870108915301
340451229770990
237595248958852
916837170230278
432982873866900
481243103644521
143389379744666
1056596531999156
210419612793988
33862427493099
556101877306846
742430361256533
1114943162883051
555180513273939
1025700131529460
100536847298721
407630015600588
492008542309471
1033386700679252
870721033187770
479961662871698
171022880853978
1054660158583800
1056153800846797
124140179759600
874689831405739
705984782698
1000533738383262
428134658803357
1069221251024110
524086510870992
986977419541903
176558046497863
492710463024679
395983307144153
17603218068954
896072763647326
386940531648129
851886074657328
16248042225185
650474320561012
26152298253357
864764647951031
871805287609865
985843422888759
778963477640418
928652972043536
726601010193465
197974405914863
709757714034942
457348805945361
503592846185006
516855395774066
324310129829064
724558950386924
44072631287197
192747177908324
369559782190657
973480421969406
675551827605122
722822929226299
278238469955328
566250355047780
95175756283766
611764513622465
98029976203941
615975375832152
137951774454594
382099164458808
874204005631765
1005156772788912
659020073201850
859443646313758
22162685092331
1068151026216734
441465570110693
96425652049791
1074443757805020
62173430208329
18885139084636
1070817380389367
201829774400206
488993262345234
1105034920204168
517500204436512
769584424356878
444381931218761
451598883764561
738325635615680
353992490910542
1019572500136708
409489787981572
321796406726481
137894643937973
779840470494522
684860180417208
253508932617461
136900799546072
555138444267306
292658242221903
174175398990725
289800123568829
820349680606556
242181316768617
708475890650882
810925316431467
184449112362560
406744323358527
42452252292538
438130730670194
81073261133115
205469356974100
354664920901764
213498919706386
683097022702029
516557156897397
963535112301953
137996652354044
529122807798456
12852672631289
715791522796521
672872967991469
1028719537088971
1119614111808520
83172302467543
1079732602002478
937590027820922
1024390580074593
463910609851314
545697662513501
171987682533349
261852166394010
112281094660871
778958492971743
356566599392658
684215771669571
520209854998771
91933086954887
797507883532131
1022194684923383
859507266840740
557466901597436
184744782223132
894763619144767
629761054456983
808219276244215
109373618753799
540678849628147
527696381416450
140385166830470
893825715030884
449113792979286
148048450381578
1061207390927027
456345759126342
488278527189342
458838294383234
300507004550995
1025104504222411
113562596385815
431971229967657
266833885675956
470891957839444
704461250748021
968967568357731
986104196329258
1034885015749615
193694269382747
916351148454999
1033420788872018
554768689085148
1082117034818992
141670187013163
832456364689426
64379922827838
1104964290590100
886135506219739
973329914773240
265630064182533
524176105912360
802744679850843
50934691151573
504781429920855
993069522094129
485732876718829
78435284950013
968560872952017
644590579530279
867573291337389
700121210203164
750958646561425
648555191244917
416769345079743
760845028090681
20067119584394
157014852783856
581682587007038
1077678355088987
319827762400420
938787141859705
66210151602341
752090374209309
1024091826556829
185312457053811
46670489246802
537812068582141
605381189015376
993016352487255
804130287477827
749521437803629
994066201829409
831589038404434
1083553745109100
294567537199966
416587541820980
1057712827536895
269394953001269
1096895442737959
827457623914918
1094582258269810
540996325654740
1087866741805504
280587796601708
464409343588947
890179855609842
994115842145159
111261419613884
813853294764056
1010023818140449
456395405763774
638722090855602
312274003840183
227647520442760
81143758438612
585987535615161
421191623681031
661370978156340
1102815149578745
610907413461786
64174228774226
297843579810730
922629315650129
427987419586706
457710813989204
717591238540388
762451341299674
912141070436527
940055758580677
450703279702005
222176307772379
260976092978039
1070635665528776
1079875565132249
122998381107688
975190426689441
76846311077511
870385918507988
198419583932466
298001397370928
1065605090490673
247372307325011
564188529116780
72401864673626
278143596625325
80674288086174
625899708546745
76651963512007
1120484616795919
573893711069366
407738719265970
314997633144684
517733228567521
71835605259060
596951705435685
820273248459148
756574124289941
327110506954654
860640689415860
345466671309443
857048529832481
323031657845042
749985882879156
119263898079096
576049523200561
535731646610100
941139461393023
1030220716547316
291533713126475
121162272428741
116725608206041
717481774022659
1051071652594532
687072264041645
241250060443068
67288797284988
146487214054973
442396359919517
591021778826323
254798430982478
889067810662551
346699581953501
214428752467923
914400491356123
992582357935388
267404744076053
954707487511996
353906849916292
393411575109007
920408679261774
729217147536857
469242560832795
262784048772292
1010963651619326
811384487600463
16114486091952
236323737797726
1032822704098544
111702617872583
430597848741080
50964710565427
251407598123729
30611858248681
63386799190630
556527474208143
882255612128455
252317311439064
220827414571021
34798247072936
567620086896902
946637908975934
544189375535152
329930506158734
575534348370451
534125136051914
994537030512056
569593512852400
203186275439809
34467761885515
821200270607531
679561449461540
963149501736815
423759150876383
545549677610595
676592479009097
96301943204338
935577727061076
538625542748358
180892489917749
1096215770755951
433514210545021
566376141634806
707366454930056
61880873395942
428112154380792
999936699249942
808196489049362
102036932591590
915179475868595
563313763188519
1090139879516514
793065797548481
864339798825236
35799432844169
553463440754935
298053784962402
189079607087112
585560665572026
532564168892642
959123790672380
809168366774144
626461792032025
675540554802588
281332082056640
1108686622264042
1018861476973734
990673524472127
995108994367466
58759701313370
512199085668071
1068543027977808
207841802129370
1065817950517664
923492579450644
167581301905144
744931433188407
934880440330210
417737365047736
91073011573325
582082072581120
225938064612981
354250698600210
783510158216625
1022522908408315
456330423333250
487040865226725
1095046592797402
281103973349717
1076078224042828
552520633196098
678296569390487
445382827171936
1029182691366195
196692977997225
18475425295575
1014061680599738
152677502909663
729301794728630
495403349368936
171591087599855
79776561859217
776247916421529
512067624797028
898268216965384
608983390344438
490215220177556
449503727014936
167762667732246
658152314763784
37770068447371
552285909666381
293297321991093
948076457276199
424618474140444
744492887624805
791610913431909
1001096412129233
532920853639531
982747553643208
263549260206099
694329074138991
57071729758740
832203246044463
792529848796494
655726128628609
310747182212505
170540601935341
891664517780002
596609048124184
1027027558743025
623130031035461
632003941787297
67561210810607
821839969084606
537024935212822
526295395900551
255339441885278
252151667506367
262129163759773
773977514333257
962811390331321
1046717270574959
140837905053091
634330307286428
616008507502639
430335864390392
2421637540892
223265940195465
830735030399127
264598429775896
81636515873820
880712681902881
489719769673632
237703330588928
72964173112497
129263056552075
782165304835942
785325189168178
65599431430719
336606317638828
7498646386227
679161253510517
918520749551991
701724854194007
248119359058340
926115926301897
744426034006055
1072493590320091
919793194307290
507070747704185
234107786293153
768395518796382
614028994618487
492212206031236
171695993978353
854972073646073
49855395509877
497630144786835
982548267105497
168377595285082
165392991260601
712114220025370
985167003418505
989311117437260
1095996015095562
1094499398999206
785451839591802
419845424052252
875752272788374
861998986890041
1057770797779888
467187554571534
550468939777432
809715394178482
323031517103605
601361820510817
502787034477419
63702912723735
846895610757474
378368968446403
1066096376135258
834489187959281
1032150140183784
318426028204685
1023740722376289
373675475936840
1002372328584151
706373713316565
998588017803219
340942336649232
755757400210345
1045419199172032
573475095344450
1093609769961666
469054914497374
173298486211289
48516463595607
228480742654395
253369750313571
121861351778257
514415079810566
228966002609714
130572042025099
72268870827098
24483509209883
627571128630998
711027415123366
324018461493402
308323024035000
981395910666065
1102145411604689
1115543401235149
838782279627672
589903933591237
94114861986923
874094760665701
914085428983158
108639730643949
542132381986339
584463536573897
280603396542413
810482187602811
993335937587457
655468021537904
115208946961448
915170395075982
858534300411975
65090115195310
842547930234307
1016233538051377
822134967987272
425222639263380
357181875039789
490590091094187
871149669102676
510521453608882
946268765942098
210033985677763
132858546162516
1092526180495864
294540046815303
588325375367939
366038453147726
71032773513706
51492448989765
99318496506698
61008875434378
818085850526741
986952007992734
58609820409035
579045684946686
971413234770300
731437343604331
640457987750199
618379127507828
374739560398251
725662052240595
143283567024566
483575431486778
904391198216940
1106984535307698
527987733106391
505143684198322
1093033242284469
214661631420067
890469460842893
707408252961499
192234202020272
292574453310094
128218798743817
642312311677690
444532664806644
415801842130681
947760579901177
436362231940574
419786116017953
521891895602436
977290201595564
911943269495219
311389746603359
585009228865237
490247452546473
856617681166903
86098869934052
386003114521156
539929538095418
526889319620049
938074200522662
750671638872421
989392664232068
552039381943740
135222736852272
989764756579923
574161500825541
700912592606406
720158888831139
991843330785031
940477935125164
468632258009081
752516302026460
482200310937062
752916883839696
889818328087063
138377699328225
953629337392606
1047850064103433
574978242411511
810000985656060
379317137570822
824636304990058
134391625856685
922099734019340
1033225078070719
1070948892186936
700253744368626
104268604776737
451106387913631
248103161007506
827323430183343
901596915230097
563138107226214
681070221873456
811365594542268
481606235266569
100600704987093
415097833176284
1032894188471363
1043272290689873
575692562120140
759636539054439
567100419303746
1028364366499825
873945554743737
796565996602918
907514990302295
29720839958364
594017331980691
426815643607257
682034815150941
1014800058799324
16513343344773
1107667904202073
350315957952134
777526421269234
1107028031990303
341900478430492
856939153646356
335502553505205
334353762313014
294506628404229
618324675793089
368273075802026
123210079543999
1031394541752656
329950360277578
684484751466885
4208694797126
942600164931546
287870619788087
454376387508535
169371501585618
902521050691071
1102078096666414
752181731282017
913287026392368
566395002070058
844002146006566
791667052691188
5204262015667
1029032299673921
170347657135573
889672234978477
568850065456
614693049665031
979151981887485
730631334699583
741049243704402
762775416070552
596684800500932
1067029580516310
811202068840064
419174600220983
153493898512053
1067614851151366
416402170400367
632924925214449
965214943635332
1103286270797160
158294332885
325965181297098
875848153111374
777041921299524
125306313525844
1006845450495696
51503578837929
1019424219226880
649367744788121
851651679074436
823908076128466
195628972943295
639282573585250
543490341115612
684588661852199
97216798283529
306437594056606
1080914479157380
410685290804181
484936114936865
980158039269851
105465961475236
1089767018764845
307016769305464
592740722999496
573731073838254
1047195544352109
737175745624444
965644207081292
735231955605302
790145852973944
813103457738550
685667372090233
714862170853833
640064570730075
253152902625975
83228239040567
13082395519655
838063855705666
304673212154587
511204556789399
40139757224376
564609174253158
796502191918240
919043554912091
834968616958171
1070961282032404
140504343831241
49469719195788
942913099561910
233540876232009
608140617150256
454609920913295
720465104597859
402573665827564
947946122861979
680194635077039
487659887368304
310962762740050
1030710734295452
440287027135230
546045366929040
885844538442887
1098237243432672
1071478262379592
869781933308065
128953130861492
736626254784482
90323082150630
815168107809990
548111749293330
124792212251526
672650120151510
89103398394794
640926580626195
547953302660729
123935709674953
102905311254108
231979819025521
227340337522278
1105449797083828
559317551194552
1037022171296740
305710474586181
273697324793271
1079175031971146
89992654876088
90528725327187
21559367496121
993112769829456
625426220162233
129927735956654
598221291486149
461376105295649
622124126478755
385598799132248
1074031026624140
647963100566190
525197849164216
551409467374783
787523408142041
288552190963964
57907894937945
899106477521576
297922651324889
451613558587682
58557213948576
477820601610507
509213452632545
781405097029660
377644684995397
445036229643742
579960400168405
485658985949550
1115939053276918
698345650127365
974428944546411
461012261133918
960317695333238
965230870814862
867732241531831
696980096623094
739343125290531
1106945777616973
432316212164742
948293820306556
268206278131155
952177823317231
1078824483712240
194338569070129
977768664702772
52634007437199
145418313589323
21196199610065
649913887396400
713750609861710
847186923714831
1075291808527005
321574342652053
33772437965022
865276136804981
573852795427805
491451143251498
724664015449223
991346221397211
413123128777617
581142747774678
385982468753513
182365812812625
166777216992973
292985434139368
1080197772835422
1027148625755404
1005239500740142
928707558015811
319991364168205
953984268605171
126521460810445
345017468550392
52575357770534
260957426108365
255829997278613
814072101137287
866790491971270
789136449256211
743057571923594
1042638801365907
924794083095456
851728911785493
843724633574936
616395940904464
85878544595121
392643977070132
6384253546934
992141491121112
633070212476370
952234716541379
786692842977334
977124517253003
50430682168544
776557058107349
184273575257158
384708083779873
743942671065516
818894998145861
938671140846746
341713638189239
320580584647370
237733536237604
821946414637854
1075433311243954
3517180268467
660992445727780
863291119042743
4446383732215
793141718634531
1039799010838051
516440740098165
80471286103787
40756420241038
816932584832522
54141951667134
482031209009679
277013239680931
330744300652204
130756865685163
476793011430226
847897468581041
627138125424681
876449689042894
670409994245743
197329047920604
425701283554832
1051732035843360
330368951466075
394168762881429
515899036300828
85275195707804
825973892672742
496876428446478
777993299238306
1047147979598835
573161106606073
107551199436709
520681389034628
776868811440605
413785574249083
32729153405685
85168849555374
850832113789571
582148359778648
1086964091976624
989445739591182
1012820221492453
256670338415667
206024098855454
142757190726465
384156166257270
244792827902591
834989982478809
54831673570205
1064036151320044
260508359039726
370421584318987
432453134449807
243573894304718
646176625776176
241054065997224
531665421926747
910495506304966
882733673844075
54819545449474
828858522823690
893430692236908
335931631083674
740687124602155
378279276284919
302216915126661
191734666861118
579294471399177
337429413216181
723973368018263
1000287880502942
530910887708808
307044457652280
933100096154134
924681513802460
537760050175877
1060825873658565
172193079617734
42215848962101
1125206526430725
648175413875795
1110291155429661
383227143045147
528378208748697
331265438742825
864935223335759
1046602826227953
976070906721366
100367903961229
440686868101625
245607171188238
496194127138488
37517708933710
297902629683520
450282311821832
884058217630202
72059553566760
787103669965015
312494396327482
1029341573120297
570104919333313
353668524020649
306445794125568
119243932528176
796951621094163
405346845857025
247072355034875
407132005539232
410438372826942
992115531366764
673492087948579
633499978749233
425558065875481
1003069933739521
1105912566463769
329656109871674
873181078239286
1019094027065384
311396860142278
905954084852677
98480884417440
1054759586970887
1062146600798453
769005105314526
724493365085377
559233257978013
93188300465248
455864814912668
980613120355080
770974462262756
923330490688507
450187964309371
1071603370234533
693352955203423
426976071995282
538717161461523
233780742341787
231413650187780
659055144185416
235357088779412
84185861912705
154080207794652
72371805955845
807962388693866
592379750497009
1066990119702768
639194461550637
703627046998583
780708093087812
447531331535359
266669421226925
135584811692011
434661032985154
767623967474960
771099697439749
376334375136020
104421182519840
120895350419218
728415202424508
383157184294674
545251956279542
31130072168555
637608515357246
836248127617660
598239707554497
716211212975141
742849522457040
718713014758031
415669284467104
525502276383485
176424954847401
256927963617142
447128404177580
1052906526821185
887572727409695
304328741176840
796135133807341
48784475870206
828446658186868
559653722743653
146164295760344
826063385943067
132707627668824
269955576912221
485832948224700
634250067958022
1045183174918876
912160292324925
517691229845558
202948896433468
1073781627374827
1067943989021244
109859004076739
400489941273883
529331932423572
19079324099299
287644171859735
184286355102446
10398872453543
626238831494989
284250704000503
159392661953680
136781814815427
1084586310077814
172541903719455
659148140787850
241896173752385
309857349697485
373153235771384
991564238566652
483849837077187
826038810659169
126058397592271
1019629155187789
846367303184472
133858314544394
702101151640009
549642856638843
282381638983610
967483194871681
430440804436405
426754114529588
68729056343968
721629768033300
172896148603155
138094182060999
114284468908973
716628273878155
549201083267041
1046244122633283
187998000833702
178701778635260
365465154097047
405907643851386
793437727941579
915199991980053
859730376051479
1054486522273464
1045216991584916
720767772462717
240280322179662
206269366669561
478884924786747
1025531758088184
456763053258822
21900604827230
87140844476333
921588755103376
460254032178601
441205781987828
721054364949834
78228679863794
595782433831463
762586184749377
15622822736792
1038535944030930
1018167243997253
921455416568951
351590026225443
34473953597667
1009159086533919
127938872552364
960829127919268
550143390403610
911940602149195
274859799906396
530118725210455
590977084391287
264139825472685
555400417018076
790557092437573
930168096177405
100730918819759
800942485685032
700726282982853
828465133310747
332800513251659
758134475403561
1113919625306135
778612384218414
823586620055215
598630620896958
734549121242934
647710312962258
302822520849021
260130716379346
907222037712823
947360810018777
1031046790029679
425310272434437
534860966274125
603756199393970
704022135694288
74770071231854
528725864776623
1075404940218878
607244264140120
67191640019196
342151451630099
640918044554045
503648091768755
1083100399067893
318662429159849
183692078439144
67727739503532
1124505465369527
676886647156060
917369617357080
565753958647993
186948476715191
852523953742787
167007298343030
33627923417158
1096533359145996
265295179900780
78979144976702
134390070818515
196681910955775
460760078459689
34196493973690
441739097672457
685148124445349
526234846754907
728024056535977
506728809927686
69197413442159
224438564170537
739825418897171
464773317755274
368076904048621
1061520816601619
644187186925445
935183149245035
1026839807248560
915619691392301
63270828762523
795798561335922
703904157337773
771251698248227
563670438184371
75682350641385
247623558133986
1081845634605544
982811689433353
981395602139961
689294982350645
221223187504306
144113916057381
1087897297369994
636407599027478
502075516673706
544137190882671
1063648676027150
110307644851922
153145203369418
259785890267893
687746062899520
108882139944411
486099138040738
481090528132076
997338687053652
219784855701150
1038203205358208
733648526666285
290354890179662
459905101445182
429810595146078
436341319026462
892314131360283
591169469146810
871316718184277
144295425959201
549716302153643
1092699688586087
87145561738367
923630329313339
116811741745536
418270352026782
13338985107907
214490734951441
95959263833835
579069103800108
236081384678435
130747224715875
316922273461521
814209185175472
525671046759761
58910813641979
513811068109626
894952927579498
667803222651554
255678887640933
300200467005537
899178648792348
147443220690074
439262134559630
743779683688439
282681933721658
933771374073300
428293198915926
39021559360642
197977833427433
781715222940040
1095560559401544
464819805789534
682281727075842
529533280609393
823220313875627
1116306023228485
262614233699827
257088550232459
989126054857462
990597723117544
68573540720284
656121024124231
655719046229766
870875671156211
772359919391033
583841613038511
348790128790415
535868336337524
904596154890891
145046665535131
172175453168447
761294157166557
737267633728763
945071868192976
928456035347624
504899819461969
158458192574819
706703486765829
409522673740258
481746276108383
1024003704739855
49329473104573
1027942937069698
563667641496182
1066821681727479
828539400631924
930934152592448
923639912398866
433155011326510
858206550774683
159233923175553
960273801711164
53969707072739
874633259946962
721639310894799
407814883140947
193083064147507
64290376264455
238826344747803
480784627473814
478159322723321
1029430438217965
1095527057467662
608753172785830
509038478994504
626074805666141
452244315217066
1048067183295536
739477282229426
315301272656462
219520092829834
663935078103126
627191826398412
592951156312504
39047296359537
124954554389683
491868360117585
592724543546226
671588600864268
399358006185517
864423363480942
121906503247949
394348025245797
1114902348042399
601458604221882
903732817882593
977984622054460
642173297320210
223208851756845
354733643861747
483316938882945
477394173119226
369477979208454
105651686225130
378675362618807
328295300180358
769914915758458
278304182606875
79710640847085
188224978721512
423227023321950
261632877712014
445702699302712
1006781309968721
703098654384820
1116741922251217
846008574934176
20045742879673
296281683888433
766050358400287
1023671723522859
988515153078570
578768570043452
278239265881479
616750614144909
215866065010819
1083992339041589
938862086351251
123736191759916
173305286324921
968906113291617
10378681318425
720286378126468
632187089129533
957232865440073
1019213888617662
497549690889954
977742113454622
427944193475085
202637255287477
934369097927578
169743853184380
88311641323618
894013755944876
252326430408849
391583569925129
1112265043324278
858416118565579
445000802076079
1120675955496809
654317861980137
654630605530905
720544696637537
67125804926052
715583054845365
505364142231
780444241057003
460628362856982
348990073551846
588816149416868
793710125806933
175204920573336
717937305528567
9731112756754
496468139058172
294878795386164
928230450046188
757328233928456
788843196300561
796729931572622
1063696355150391
1052412992191041
682039881049795
609918550716073
620929081230976
1047304488928073
42066461379288
147778447338388
127646694318654
425207753947042
503013777408011
88226966848867
443086929273462
713323039961457
998150352031707
533474674858795
662495035091887
272513913373756
600569812523196
1022827805423971
1097317165625983
158476809122337
309727229896502
253971267734058
1077513878200802
521265119744961
761896219944742
599397781107074
709661656410895
457370735543901
371065782096017
944480066247476
995518367705894
406518566680468
1007562098217624
925700769500710
409786903398788
202457445382158
169966127586616
845816784237171
977480718972919
598877151455027
1102384031605758
127125484777438
229187879794757
421147245637750
782104005322578
594840707478658
549821408908805
1041541301878234
619181702381165
135530836557021
744207088029004
291147137958376
252310988024428
696186553209254
1045404206321575
60110426788010
387602522770801
509194953573476
1063257235243246
809898993184150
291889400016457
705893002024953
836240253880821
922046533881998
1101183619047477
776005437083998
299539828326345
46294248947082
802096129463508
64676123014035
672846485347294
792914800789723
743835420885230
147695843061061
470284420686479
952862264611712
507018366286534
888056691208716
616215057446811
927941181426136
917499402352036
404057859118907
1102290960286936
909982181371089
318342524281166
508037037802890
97534821123418
269355889546463
682821440223219
1068338429586277
770990010446204
4046896817624
1108750027314985
1022339091410691
581182723989306
1011169683954616
236037096726972
119452722147849
791772996029941
2454914086650
602495637567738
718450029841775
1117786193241056
772448716981252
689579814634053
587476301765814
770688340634920
9149958307452
798348678813786
966223565186728
869196095035971
431099917998511
279729669911069
263552855887303
191275975113557
1090070040801029
73846203120493
883058496739048
344381623533582
226800555467898
954918204376108
1051364442730642
836053050261428
198906642499571
61811063253663
778468566948122
697102463858206
501844053194593
763383004759320
866901417008440
1097972428274350
601318611519728
795399024653156
265569370939512
760023552063761
255522257602561
652107287372900
490643788771519
163074354084660
200278704492783
413450619640214
16657827241420
840380652620860
283740884239838
828657019767603
5918685968523
130149103986275
318910339341806
45193078191986
830804960374652
1074077476058896
247072227816813
174304958406479
497011949153082
224427904957656
409305373302485
830010364720664
239381083074100
529285171641052
965759711772943
934038211459482
574449416199515
78006604316936
702256768771983
940724333893686
228356865826211
591530986511296
610988049650412
727194713284720
176535192561845
845627831449322
1069759870465911
800222653179738
6078342694546
649539145742615
517023263657756
653752266459774
39064880064621
1007239544204579
542886340566636
497999022783925
178473789606073
859151372578261
378524051115346
73698271805313
347370209355821
145528917701500
98833873401658
1056823247210057
653785253110908
613150598027904
593843233234104
147731039082316
229399521835083
693981169601685
867586343596289
678263904599305
732894471685948
959313809363404
191516569034110
303920324216366
90423692303297
506658872984320
931665508442717
252067764156203
820388760647643
763662499188036
713014888608200
112984463381267
685337876019910
697563971112179
213456819528773
526048421655226
927862306065807
166762867989712
370300302146345
558342912143404
432787826023126
357905601137200
877695178193247
740245539843612
397070923517510
306273480862102
670073536235378
297881574685648
680338068585898
1119242084098014
237409987365457
618716232607016
904967394642960
401042171897450
462716497662228
1049871995570782
746954480879071
734534073790943
206638047094569
353232840949979
658834805035825
305604143679083
334890810679957
648112594079094
765030096302810
501080982234437
1040554490968283
451873319744306
337553001156974
331739108890157
169838229218387
194971153104018
179603379698846
946834627886357
369683829526894
909924518939084
321228519903415
532284435281968
689845753765862
403047342281059
12394814154103
244576784243490
1050839511464856
859420229280757
1122176376786510
120191838557845
8413335327035
1051226774345741
606740638933814
1017949581534540
741336205514498
54165241674678
677848751494088
1097408566265756
547407489093767
721253808499929
132428134893307
208240981395662
987310317067108
316592489088183
520340528880977
516302830890598
318779877463430
379232818603618
773978583491861
94771081644706
107965169135759
17196175504189
359898413402537
707402841836370
433158638838476
410518584853372
1028395534197618
243823282095865
674577471979030
1048095193635668
6742746687110
402439380183895
288451285212774
130119519444274
395410840702468
643985946977708
672310437344678
590177156703413
567695022454737
812428752436435
1063074866759190
545379787900954
365924805157174
447730167525972
448143310914697
189333673690161
223699603735773
262683109158518
135766395408916
187421602514637
489244672753319
53641175415693
520199840940563
374893173544999
182864050660523
802262628180225
497430063917454
906097362107734
195800551448480
732565957062809
788133803017416
91191283475827
303802603807135
653998237391739
1104616963229725
407656984183635
704092693862368
465376317441291
433565975472975
843907281537856
337834854282447
265334655218938
961923920523982
34699045764306
916691686297202
810154594636390
1019869996713994
85275745326038
552943166990372
716257316334641
544311636402959
449754066538926
367439572054910
81831643170138
761585440919931
49747793223479
1029809342170508
304234650344251
917823059357687
911462039653965
532507709068365
1114649354708535
1111554748010763
1054829028510250
316425498842459
993069246788809
348399784797565
506028341330727
541041039205095
849633464648126
1084410517700891
178059147560877
846849395406876
832772403393912
649185005355825
110682938802393
951538055944720
333527487624428
1082235783775379
525750841568092
1055148997673604
248337349834025
786507080716890
778617899466668
466230512961132
516330650063973
389631301447918
626285876722317
106238449738091
554339026042567
741763945788176
914633203634438
430428060328731
737995000537770
445233061596634
586493409183621
363543874334074
663511720593386
225036734862767
400845219771181
1096858526272122
433345540798127
76160497072766
420206046967006
924987174075718
554347374833672
1015786584717236
889564604172923
361285120513079
196364284492323
884477824042871
1098879914912162
610362850651326
99751351521361
460579834808563
564211961041895
335787688248801
613785292939085
389809998119159
813913448624289
286333710180519
628366248174528
1013441949263539
993247609985286
332399523440200
92867418165197
45340413177884
231122387656739
623736480383879
29657277759691
736979906236505
802933869592365
915706456055752
69507765521566
1068722033774382
100222749976588
181679544219492
916910795472569
583757993123344
1011882123001510
92133224061381
228161541698360
267754655480713
32703079157245
4590330596028
539639336400858
415306926267033
470058457581221
281633059770431
750384251966580
633948788358160
853355470045206
38450623576277
60981663553018
960558738416588
489471367847171
173816714706569
340713521384672
681944961730624
196442425064284
259462125535523
72938804799653
558104007978048
944913694648900
1040396425548127
997436657034503
324343462847952
682347311422814
691490483433392
41594308228035
18100210841323
736070615182502
966524310546697
837416729830807
685690143963618
685766830564993
551765653009928
36136878241700
772159106944183
189274269669012
760641604064930
1117985718370422
451245679819321
740889507356243
954901474692940
578581527904430
805124188473674
195265567371775
812247848594717
630614171423973
618558076354822
874688979154330
148857311098580
173904822119961
600798033885862
657243333231077
796406792904102
367072247498531
1006262455302681
607813697995197
792795239090303
406288540016020
942393255033787
746074865025614
923977606550488
18030060065670
152895834851844
83486015623605
862602290700558
146652212735227
84711579396091
677376537428176
286932044308276
420144099248965
596166246590651
25597027730705
459109730316514
312266530096854
1112149437387666
1115029403084302
577194019313563
321094161066121
1109004081429665
11522387629077
159788166660516
158394966557491
334848149997057
745167099158375
941606668569696
996779436063233
924523379109307
1075469144700042
50118889689312
274274058703886
642591365759752
189963863225717
137435874793857
675779133206490
962044022826863
344937638054696
347155919425302
363748012464107
551963222256876
863950204497422
73172559993589
702749152758259
341115416040277
441381924035545
1098706424737874
19745226938641
535523560667183
596580912140959
612239925208956
103463802653838
437767880512650
562708283248011
750773536352372
118353198846286
146422994238162
450700331864927
437522772293530
1024643299543003
710996060350645
57575467030027
812438974950838
480284302869545
60004582676232
61993140669327
434475732612171
242718827762939
279165955175343
383549090147914
272096538990655
1033113805685082
397206840112848
549804345528420
617897654980248
584099432313625
191811567530085
584165902710239
371143220408832
833821290414523
1088456239817671
379728835944915
793770712944849
1070782632950037
1057246871127244
854015678700474
876152176732606
92399557966761
377014553811249
275965713544532
450980343999261
693482362560650
4688544361180
293778925331355
408856676395105
896070188171352
570369171030032
1073146439732327
772179061796842
968480182186596
981147476692728
430611052354880
478213818984436
856405943329975
44858403956033
436897427341742
560296417944467
1123363022399446
186005279266609
227532487617715
333586523812332
523983763705617
682965485876969
479110132676349
655415635506769
977302621242925
986191624204562
128633462017784
1120928513367550
709083555617417
925398181770370
47964068649226
777688979647264
541309531735742
472844400795710
327234069846698
540432068064303
175417541782078
106702716573621
493071473003838
709553979464500
1094113488658575
998218986077675
10980856492333
613417498992091
778914728287868
791525865778221
896121724607862
770588053780302
138871964932485
172160130989976
509608198285578
511439327857952
390423487915987
293636466953130
819070058236316
848498083830029
354662715409155
183478546265791
923432698268452
66998733070216
893012252691294
1088100156992972
135674088298081
603867657589786
760425893217265
13189363285749
119018585790618
846576906397734
809158289444194
181722858463098
214042193067467
83869114735836
946115017897125
319016662936283
414002496855026
1045001285711047
1060734624576217
516652730786734
712649469967616
381708827137557
221074783755052
692330123703922
897939291533781
108823064605553
658553999079867
412015998729201
115598654667976
883443628510315
37063466389635
890591365211314
560839701224273
873584440796370
209908078502134
960353240008574
191338469660994
89704000834227
678374495580360
52407417580110
632848508468201
296554939254835
555187898365933
533400856081165
761989304254855
389892295067060
285291076808911
61230918302528
303008124279332
200825762051254
807396987751010
774363757278032
338892138972516
513606451372550
204407703166675
790763498756774
389814461925653
942628159413319
251376018514662
310744498603357
364587914046293
635789665571762
584904704015110
446934619324754
124985964569245
985451509404781
20257251599807
587469233615600
357393544523960
974438350628021
543597258936154
802798824070440
186292419195117
304129160632429
798670008731847
430617462577897
83814479651293
433164544550850
1115484851562663
506579473921235
925999749947245
368471588292903
1060380772580719
38262706542976
95150619422151
609805981327450
98609786819748
259032324985931
605285055269586
504692884084090
878785181603935
281995983997905
292317600788550
152117948564083
637767816693779
935603407310059
276051123507579
575994204512883
330803334175567
688684459945409
260625704501567
1071378657956948
406437585809956
657804589511940
1098912602928805
732386944922942
306210703009516
1029142508308381
290135066414067
837893722783920
720169781832205
953005043021188
515171907505759
66528452356604
562133243031829
1098754099427107
847473969624474
749035406038329
614164774216443
315209426303383
273010098665063
226988325156190
1063674479940578
801388255863631
960213767638802
106866043488419
868073881428613
572486931534635
1010951026580347
133126892826214
995525599020306
594061824457363
645010765080543
253009060060625
753861692323653
888646396904665
380334113581952
789783854724489
25139183761755
187212600449388
1021525235804500
626748734991372
138710190949876
282554372062003
709781150138446
489824259839310
1080908179585428
79682592399698
586516540555817
1026437180152240
471895566205535
334190257887523
492092785125260
279781309987355
515128012380528
1044556254451917
251498023933992
795007837228928
254612917817089
157194614269227
1080992888303345
651937246046092
64760010543630
51286582528331
244920001132986
551544339560577
6946883473562
428572735771249
588264536306682
652058038003967
499567724898713
1049125480789062
292001521698303
528372285242155
174065503935535
707046065375340
1067271972244568
896809655705269
494541353823012
31918956644640
60992060505687
596201594513229
250531299908395
870123090663546
223995830770299
814500349759648
618047829650404
976472675690213
451440521656666
782108957209455
493290016882159
772714240823786
728511195358241
69885672872632
249575852609709
895114113951786
179443859444876
65648310988419
824347644936239
1022376090750348
348725757287675
127531878759752
458101815043915
908571081743189
457219044327516
389410941925774
105102093794527
1003780974873754
1062489153944321
759316880166007
772907760216867
139534938677016
928502511808781
11045519290941
515153182114923
365540677674727
121085386917042
165689391023626
579917324667730
702626572605184
975095892295724
419269216614336
147588779132138
150153726337629
782876085355188
247200230149087
606276398807553
8948333832117
1116005726170782
1116718858260966
1048797236207716
503552638107522
217466172671730
23171804614165
816704511364628
1096212521053294
319398923462052
350185490214051
463994127087794
875723667474510
893774809702716
343330496020816
1093436217484126
990098053087471
279389654095804
277338839305109
769370786079845
467730828952795
25188257025805
539976050353300
803177464067009
267606805227474
1072649081919629
925430245393781
529073526977363
575992792129760
410136846472012
415565415246270
982383265844211
578284637444348
1073919158096174
1024919538061078
826363679656421
678129474595028
494622704436441
536975834938512
528178455909055
1020740386180003
965194761390560
672093071052739
157839034951131
24318267774387
1070975896535880
502644640925895
866300864232000
620991652545215
158300377899762
221388019158928
262224065359918
176142581936470
682209860081761
524847047969639
929358723831076
996903541695125
189600549857964
835289240250707
244529225834061
403356904063243
110216207440984
382694737132858
132280212532982
643588926404267
427861800632581
43807931339285
141165372152165
768494137230701
890112358366799
1068623675789117
1021651266218421
393259038147906
461961447441455
550683081039178
680674449608914
3048577112516
165450696710776
776114549358342
492699597767906
242301350946904
884312383538873
604656850459191
138099165496381
671046339788968
104085836644133
558440625200086
427375212972687
76339040222984
612761686842436
1719634472608
728238302095741
56923015221197
110384702570715
121311392354510
174047642183606
764263874727009
486263797421438
445066712288249
968961496146163
801781736602806
520643193318979
918213186213135
66244146197030
935778324361
245249442338195
54937665281104
4497171352410
1080354900749177
273319329920219
611393455644987
37948366791328
9151959416506
577858706707586
402382961444477
500127967563077
773923381787749
1111576005641972
375052559112646
590797773213527
1042155641323833
1125055185234798
457389542966728
302102619988641
532300749193900
872294487665987
88783892113505
630979434320354
636482587695751
89308526041932
211543500307044
494708564902581
1046375241946503
286611310084966
186622160519073
933640106193532
182576932023126
162917887091626
15406310880494
53643847311298
486238847302148
108783205808033
610722956687736
957440140802074
393330571594614
975182674101592
1069270910123993
747148668183448
634984446264899
985054794332423
893601275778738
923444016043835
854928276428117
432309176142404
137183092256641
162792194011984
366726799902780
425955878066564
342420722432846
103274950343931
185129792185139
697717468460730
46472232810098
597671608822145
418374824816836
261356607318033
185012703892779
551006253222377
708954089468563
267375372438700
228292472417685
485570416237537
839160975524096
927746930535947
1106520984211237
800314859732297
989698371982921
1067787608281549
401670469753346
856819568526233
1060313036057711
550424264263913
793905158600518
855944108050620
36810553201493
650473179304848
422998414787659
496928662245198
865923971692595
407099892524162
160142131546023
719597243186557
102065244597398
72652132993521
738113436541234
477651761317746
483852437956122
7221831618806
278632316954438
853097910975623
121155392188737
456809523384975
967675864971487
162565901376656
516107431749757
649330481748117
781311824887630
446974392840303
618320373219186
1100471405937422
793179475117645
182720915091717
63497399694828
49094935047431
627004915141611
850572489169163
378519117272386
42859093103992
808223370800099
645159771258991
644783151294095
511145779254778
1081575125163373
954212038016328
794480829544985
923637428771457
952092164820986
198609858056647
266559159671375
1047192347536330
850325317635941
904607733896217
1082973355885309
425659859780588
245110756353515
501758681434367
455985061379110
526980822941173
1050423969250635
904218496917603
519607477029114
960670099397864
251880255843957
1106105822812525
574136011769705
955815110268375
809783139342320
1017020386829578
656353278856436
315061199278639
614974580736687
156561589682768
332241597659585
996367733627527
736074631345550
684898826772725
531110128286239
435547394201714
924370115361022
707447651782995
76254469857002
701981116219140
183904415671143
484726183212446
385037765623511
611276349811947
303005440599865
1012089193087525
56655999383780
544375345095594
503277164826598
741101107746418
190276618966636
822955466498458
1074663669916984
133557821443420
621841105725258
348978906704070
841189790467576
543816056715692
108115261845615
600810438012868
481647782643907
606684570486116
510737476674916
397966883123158
20976429469361
714576244785489
865478618885979
450189841927429
85294921032905
863862191199355
1094849965224288
743645361842811
426193283274358
545846949868862
229337108431547
877460768977952
597861200509394
475652258519069
1102294776869979
1099807794695248
615498860171221
795310959727343
347762146984863
360356098414145
1088514538573008
705644619132843
120114113806186
150175458830299
626350310238101
258938685516438
101820476033577
273346384123451
622168141353914
419603938811072
72608902335257
628754291546983
437014528371621
332952107059413
414775807297340
755720880665853
661324060358079
319840768473074
1086326914069830
513869891157748
163638580687491
717985479835693
683058441885320
12427989203472
235652236961258
172205754629045
296922481870243
529729006606925
159481100471858
376118760472887
575050812483722
171502748494103
523620082897781
761454464303045
691031200601207
27715641892250
1121742851408416
219945601167879
105101552857954
420777221513062
263239323930282
313647456731497
37607120465077
763726654868371
598808102287204
342050456399492
50434443342700
1124722097623759
1041596673125809
34944617391631
31267735309846
908190080064290
74938429170270
1103934606759773
366125071509540
255919675012588
1084238853373092
575157451392491
168913526444437
775321398433132
431714547886795
467191950442790
124503545297714
323695850122049
650811181154608
1079039494901039
943612491197002
1027351063229705
861064075662704
623691715383448
572622242274779
525699599800111
862261082191924
769528956042635
417289020164705
660527092973620
536863777124342
69957568479211
1123949994049311
545666570876979
892495798611395
152144139178107
879532290794041
121152697684360
866500943433713
167264271315389
33242963550636
806349687015021
395942510278442
863737902334185
728749228005138
803753118409887
176290373604368
848968949770494
588064817498204
825295113353405
756731421160609
498391054385702
889199467434766
628989380105742
537122292241255
1111345685547671
865719408364645
1034529030633232
722980984311486
1050005667877799
430653962171493
369064007434845
834369141428344
469248393054137
803378377661049
664200903640388
966011337443151
89418128379714
481115930485039
533273842822645
662127664822808
963284186429718
611770362502230
321177609771119
588638930474504
143603636349205
477812714053659
916778719547505
235346974165336
837994676546179
420300876298964
1085387267224998
115090597425210
377919961556386
943839958556027
1086144979439769
459504096078498
174103325153845
506832616490792
849154541472158
528128500079016
125127194059900
662285808193057
524457248326265
93024585654524
294976269804526
674786066153399
1066297153485732
880011430488024
96964098957403
544995393954125
297367203008113
30065278066472
506823209714833
36421164436438
563733145194410
1058867027984719
66852013309
425574007856745
247056225552023
349307833159093
833438416416798
985721018653257
514345133795869
983186267604807
377704841438143
111540201473500
357465616076855
492817460379394
737104280512836
324011678255653
828757206852324
887196980429522
393727472587939
1015227518606156
64702451798896
84282465833042
169265592553031
518146781991696
480363874449298
775305587611786
20309054418481
558709715391024
922238662319545
371998880584984
327060336490514
729027349931177
438025630332979
151505758259833
1102497821849138
12175276466268
1062140666798809
729510451511354
953125991426195
644529775071603
1023416336615745
985769424398869
19101014768095
544154645976680
203888251207549
768950701162223
1047297748189024
756429428216765
786940950662096
447570674982244
135862221879636
725650967467741
449873189328645
1096011584683510
479795325798107
793979345491696
564100206079629
620912795775655
1066420179173744
326946174767129
742766518917925
759051195270290
579295241236814
886524124771482
829651919381049
935977096402570
1121017565508562
17027242525973
67951505547171
829429544359617
607562537985610
218443415384237
491175073136225
181645059389271
375614622144799
181946359254151
726875147610390
812887185952191
320644604868617
897776222896617
853322092763741
234451792015109
199356691443027
566194752894021
1090739224040931
6472523528042
148877207106511
813230205610462
628263989669878
1025021457239564
184034905702058
1039484901553686
180287949183169
824184795335231
47101202736761
970004485477637
755725530647429
707833027058159
980926604058929
134180715039193
74176297157526
108481647192690
935884972039095
1053588079046597
291516526638116
979692472244348
1080191421181860
366928951606539
187747990933299
1004165514975545
958115078823267
544384080746231
1039826240959838
93390725273405
1110987520624459
217886785637833
494318093635170
120387533710246
69058190104650
433556289073589
435687089927647
496757214275232
706799690851084
608094707851363
650869541589807
573513539458757
1054568878208842
123996951673415
637783811924663
805269309747472
957917184026778
903187421822512
1040952801043423
983604413330145
1049448533685556
640153101741913
556863204953948
1096348235244792
128553766866785
71236534027965
22917838889886
190899787255473
883211450885397
63777599834302
887204460162282
847091562105118
89427314776926
284679087615486
718770407681209
292334606489913
899974199378812
1090592958251920
338032064770001
792778000937766
724813201833423
450315773786226
882225175945186
877191927170957
985512965105036
535237282502725
817407890983980
400095671861669
1063765263035606
557990603383599
1035424685606877
277617936532027
15986550923841
636786326394762
563522471878425
537753327433222
724814174360577
65670232124921
1009429669099435
199619202524405
65001130403305
198940911405980
1122309965466442
952408128880772
1079346435680316
520792226601791
591422562334835
154356303336124
907659079259865
813475837707529
434563226696211
262010240807404
891440780092429
271272476189336
601658928609460
907601028217269
889644049520664
224905409010697
646694954380205
787007661291805
16000907116369
497594941040933
477218877351823
196734631942773
146723825701627
724749948281271
351494468041659
569923409126896
1057279099619653
510091889418330
781346182080106
329797186324049
325268607447391
879459644737895
59675369562062
680179582568763
168547872030598
413879457477678
917733633709688
658140135985168
744007714360273
1091804481118652
577445324444383
451956100921268
283871497037769
75228951124306
180420654195082
708027811155145
578577772079160
81209533350292
887410959205806
760653139166820
546337611061907
463392351940178
792221799079151
298045721697986
1059465974569997
135514916776130
139868571464323
1097939419357987
864239353024149
905473137387512
86024964240529
602863240327409
317130599331632
258487929135594
692862324942013
724485844899314
653203436125653
178195499474926
117997569108198
839656261114442
323792096706245
578232746885091
200515231828023
245918122580038
261254377310594
68843713593758
440215145803004
312396546940660
675269687251597
614915631063982
855205911763858
131783070711320
557472326037121
588460486266235
168928276874689
788095245542377
446659375252607
470766315408846
452634820239861
655226287492745
671234240442311
751402414016271
466867474313119
987639035708376
420706715741822
116340395970872
813765641105680
659097113839166
273258972708106
449664628310179
433149241040889
218080538912763
727286324930765
579063464312053
1010509161796196
984195608228193
585658663272961
788436378480661
146049468263610
785984901591010
776915564272710
552108643492737
906082573266524
758221776617837
1108478762966429
42354107460907
626364498133720
713831119834391
803880060166736
87036929488922
1077110555427488
360383746100390
676877177998260
95112098462178
21107336830524
430141184945804
906657704626203
749240130136920
752964591410837
117336224251368
692070315104518
589427247035144
564178189868448
188240517154175
127863106254176
264391008027691
660712053828378
783482988770156
734324875989636
631914047374162
749519873278756
813059526765359
448864416192310
881383790190678
902168442106242
975959527509294
941853698174240
1038570146993733
155906852847959
313480872312450
785967537331934
24926376014820
781547353409539
100908246277551
949391120412370
775078519418894
246749203939388
421627121786381
224897123210921
638887921594879
675689990885590
511293133054099
323765630327450
94056917217398
969733080189865
858987690067979
574930887809351
118297724683690
986149748302215
986518624520413
738194925578023
805158513865330
17060109847752
513372825908341
567210421647932
749699799559886
393326586909396
945874609630190
971820810762363
241903008148905
671623694812615
763042922323426
372302119217239
272997165608106
1004663438879403
1075020628062995
65000042316507
91319215746116
238195585556041
147018661473384
601408007009453
192696661826774
591853869901096
709172894148842
127366874153068
537894321370270
772398079486464
392047611517592
205314784513995
361189881070024
454733077567342
653999993923924
783716819751729
713120732323866
827401224397140
1000922804225859
172965570846417
811378503314671
393823132520119
923439391286953
748539441480840
392489437556553
1079827250287660
528848192847293
445761878169674
693869556167252
520652949278716
213508793747433
415243817733355
804882228013781
177512885249754
533369400068976
213789226827035
607615910813548
266787942262028
289119237281461
878889257511436
379348151711662
739648040350670
1110111985832797
893282584979836
978436667264173
1065091503335368
1048433860862035
361700130494218
1022824203779320
1098831153175322
216415982994152
838899545622177
371651292074183
237428502830281
138218207352027
87622578228488
593436491086648
114417654314696
10995041843370
973343217931395
122376132048214
240598753156317
5812481051241
1120795032939637
980458891808374
720741850901711
1008639143801427
493955545350812
325095737886316
672367681222819
813943564261963
275243141964061
1031235858046068
1115957093195084
191031686448303
94788477058371
883060845958677
92828559277578
556472630552234
568676079206850
632640289964492
431872172601706
439838935507219
287101833154341
325543251131118
1067315633282628
187504670439577
424982509392900
18588342455299
558257075969577
660430079656869
910871939034863
1123551634321907
1114829399513004
947608542438740
128157911466310
501698759353916
1050034014934194
781744794315548
250158769299499
796059888268321
443149533524352
67737196158592
531668191495728
1083748118903083
578043860598446
687099628939604
50157257199970
283221337821015
100469866262271
902615336155997
582825315729434
23454909207900
334352752443598
1027544145648731
667201550503906
440339299866204
1017507553091553
256099264942069
722269020334234
1098844573176846
790724065320193
169573927283649
908813416617170
336659856112417
1111027439289664
359569437609536
595349500876667
684961958197757
923543441684509
989746987270462
1125592436349891
952070926816627
739554774145375
517307327449840
1060789288933712
927018037284727
705614059803384
880500984038691
863954255367729
148586165103233
1009615897993528
349431664255098
437771000499455
83364673712459
313620090638587
263627991078340
50632095726000
47318593119540
172985464415017
727870368290582
492082084028164
272088088286599
1002555913848120
610808011931422
163713394949835
334848474039142
874644754404387
804237325370032
586457867790341
469293517797873
299737311890969
995375354381752
897736039427657
367913973037361
156945879287910
813948494141392
826204325046402
714510629422348
1114636209152805
18975228352459
835614999919999
103041358753808
957398101202125
1086478431662614
831188431462263
940093931872863
608223908464987
418089942999364
355396732462753
856813407079249
877784638953144
695290618292327
191321637173957
1031858139658714
854431136433297
343001975238218
592855641645583
854198010941020
339559622370037
182950045786001
209132693208116
13576441189768
857906246940251
307284954058853
809780125039876
466368844857635
39179575328602
609045167093014
823124117186562
49736201525366
520359471119865
628259713468459
903832388514957
752624806362613
62622680745787
1099666236631553
558167141293714
400354125488610
681545274202584
1058521422580895
298417449472707
735668600253922
55180808781655
909747887242328
1057337639874250
275889002050278
612517958377174
884678540062578
1123493172448785
919466783669469
458221190714238
525492754810524
657852790504448
484479898389952
902310741297299
847511239587838
549705802278363
370412032522944
387045169700368
570082507169451
251756987152767
1122978836285784
777876461851453
793758640956883
767884592265045
661260583053639
552599940971732
1111280248577567
51024958147728
335322528503562
1048406452810599
889745539876215
192780842459450
624747955647694
1029497782294556
135052671261305
502565530061235
1034686015312536
158863273300017
830911059702711
426212657773528
1079057905239094
698100848031936
515151089909542
361596208930034
237614907878798
1103744260937209
377001206604199
336354156897849
670143466298761
747557432716642
205655963369248
40112726716712
217710935356314
854028730875492
86671216367013
848952557673108
1014719666971030
89898835038560
424943243744862
366841291889388
1102133885433905
640501242237657
526489333050190
116440594487039
501869714715339
464157551987279
504690725722928
926500724018609
372614113190755
898981513734618
1026393894390723
1028435644669048
467566774842247
113314172751903
133099108252525
871644545943995
610856941159858
15282198272728
304489885176717
717674912629119
495686043079792
92498897107265
377400903188940
836311516325201
752137882147658
865438827152702
370696197143403
525681568529457
960819249256503
965862830345672
190095128187094
524630514405557
464166033555915
816120799733274
993986009831983
1112537987041117
931212612181842
205442783551446
491497408753977
328962086237313
850356215396223
1045476152970167
531186781210713
766131339960495
587567846609273
487571133529406
1097568195538532
423646574980519
609577960528441
908967935004526
571760476510320
1125683281299424
781569786167
199754335808938
905635698667652
1078170874295275
285826539388654
429265027768775
100781994331895
396984352485558
755929885323618
663104690575149
40106045854186
581453612885498
710298428680597
822269405359131
498619031851624
478689822803574
1109743531404724
929889896282107
227938954601926
553299401037058
676486323317031
1084882274043784
292967029256916
627727491344883
577043879129485
120028494359500
1021877091367511
316235697093899
941547925826410
702185489686147
244441936466154
290441435621087
1043539933304440
962522307677554
812491704322493
261772065418340
500023905517084
129013453251024
371511176270429
923138336093571
345185656137368
887606190308843
685588751279475
536514648066870
948426576792413
446972885615212
690897420859200
794811036201150
989657333960522
243223513591466
326046050523992
947067420331213
572975551308126
342574849263990
758330278842056
1035419307611008
833585420140775
682051834082702
666656275989229
757971889332013
882257622964956
666585015734786
734404030487339
160582289078782
346541936736384
11696685482396
91734758819709
141636455963625
649230719679111
387216828149594
43909558425951
537967482145209
417442194763366
1110590965582606
8545304648508
351055524239957
761059509552232
547646356519883
355447357906675
652639286478460
306721679416995
539740672714322
294556161910478
13598744847104
382137743797297
281992489291364
181910640809176
800609922226661
756893348365003
352050163676308
347952958496385
1061973186643207
375825712568694
790352680864815
159831303707529
417955164689187
608450858696157
338094851321499
308438912035586
844858524653692
478939831162777
616677811001333
876508860342302
204746904067353
870422715866698
997330967171749
651647971029766
357136325643641
39100201207720
569478465372925
1023538266613369
1066898610162901
494997153387721
1016349168266948
868428333807046
528001432644066
199848134524136
774671751101624
541148340772758
186423865894070
1048412300188156
815679852603925
883276217763080
55333762994592
166734036770213
243872445023291
1027524225388749
356561768840519
207759448245163
373701011991581
824910308992004
277368332757687
583962899853219
812355369369435
896353199615679
556814796305856
1069477159318640
836273118956760
971966240905278
439045038314250
77897899650585
107206388160807
71979156853344
923496581477672
930120719507446
507268434208527
815429623696649
756052140519748
729518057908838
490748015777816
698685965020030
874003059947702
198736787655696
879861940432601
138602528564874
122994378675911
213738843152032
680230998470267
188385599307868
792048917349332
122005821941701
758514894325353
226600159369948
611289820249478
64822138705965
364681599120127
1071354615451064
402528075891220
718857162690637
855125626034449
463279972808451
111919532724883
70424320456994
451037760715659
381256976584844
991374454927343
1104478452242636
140015270100695
687852528230471
559132632442889
647590045653894
964029141055211
660425216166392
680507641265453
1107554637293330
795231259767129
1118532082657632
627577824428811
218102026114582
353506115739764
220910238806768
1021349970938357
196605746022949
571658525292300
976429100972821
310406696586387
210513874774905
1093699094283516
310047521610907
1026892557138996
103200152584460
991798031208760
740864183120994
900845934559701
854626491286177
479881091510828
831332221091609
830140931893192
64075936747039
700187685746406
202960285650048
1100352190103704
33871361566250
458158434427589
420803218945126
44654881482464
378618594883892
940786237584445
846252163166709
837116954837050
568206820964758
141144102887598
646722035469941
736905102225792
30617439000762
405627909573445
560953629251744
114560944789661
595510294568513
712088284528817
426510069353406
124325169862200
395310486390834
46333732975700
536131497464376
202921505675246
384872244248487
708905731664192
915653343477139
764039173573512
235200147763194
725470882509451
841654712744180
563541487583394
330188027501304
1073840635733449
429055166511135
437571913097756
910328242224143
704323750633006
183889331027266
647505766424412
219843252058990
1008960930314876
367384222923700
1088029885535246
42091268983237
670830272224161
83353264298272
854257944494111
246256848781135
641236797515532
1003442629749649
782897766917650
806381304763651
874037867198572
120155415387497
575583401312408
652266467044210
705033908546606
1070829701906879
312967647920640
411492553069894
765944929009251
657504072383560
483166648552136
1100716915618489
94669746869908
82033627740911
230482389232017
50024673568991
311905675822772
675158970061114
55041706681705
1125111646494805
1118993710182127
47947273585493
679000606740264
233919803366762
169015895889187
211230556988498
174552222209460
567567078416869
630069419306178
591436926384404
451061885729037
1095025458296860
411535037833107
1064744414029344
48920119500447
203024016191254
872364358298479
43386232795853
1102841133114525
383880810991478
589171254291066
369725608169869
42530730493609
987913750373873
72588410521239
1033940144844159
720733583183616
442381824665562
87322217066890
645536627184013
441364482001419
841516606942814
679649501895888
565128735840022
342776001547455
853120890498301
586073478024931
269343162376969
144148026968643
892063695784093
626321908138641
374005706665211
904805624702865
365189252007094
140688432468877
543331010156788
543252365832841
785457725867185
1034420871861638
310254859411357
115974764231759
28895389200675
903882696557607
189562592676053
728691065846301
777521562290585
920758311526340
1062735200078966
630802087562815
962460864807248
285396186656281
258917522505892
490750335066745
982402943656708
745451903321254
817372650088270
334727182432073
404427204184331
797650421171573
365167549483264
53122064812181
892830857332652
325181762491
647299542425794
992595235683637
908607554651999
344857846898708
225613317274142
919241596037389
291717319349580
1116128343272301
900580611450121
76339056029753
778700347593816
272699777396915
524989494013034
852475023979026
878992115251051
755622306811602
539965240720952
457031255295124
114681073773622
884746540367538
1043727525467177
687832811868975
1049561550707342
431471679901001
584830523016414
1082826192650567
690057447958803
284470095938384
568825105300118
727342324412926
739314135222666
741849459851874
792752216471643
144160831429478
46435353056098
171378287285547
361204850352845
79526736508232
676062513348091
280906640976966
188214133754241
613418414986034
798954451070317
982745231940780
552145632377471
182182625997006
73723028874084
455925213201661
855859334072419
645845929608268
418559414291822
1106713492416928
658533530200158
1047814986041824
247897152813746
169653317150367
1037941716894465
864650783603857
825957972345999
114052140157207
148822263138880
541756518113019
1049777344641901
925650468514682
622900197281268
635671055551676
582346739873062
532540444050903
637462503003081
262014389395906
1120802275404318
691629077097749
276679058502351
490802602148120
131079607583561
43440349516601
369405462453086
448330243138689
13538022018420
533751329255045
264725210372551
1083450678548419
356524786369239
90806204518684
271658625574875
902867830310562
544237268787308
296814643389389
79011092368257
92152742824966
715617326691651
709832990980204
336385099636581
500058058477372
113723048608946
563118644820515
296239473288542
514315907540279
574879758813522
117310579931808
233045097085155
956771255688581
470464599714786
706035686019168
946506753686001
279018202435183
258195298984086
1024383238511011
1046990564412838
897121440026655
1059980391883303
15394130937319
668340270126452
1031845351660209
208387710175036
489426288641837
393605486233335
363061656616369
106152189157430
880170733969374
283746255367800
253995523105937
140851517239725
348028705664762
351742142984299
587204074757089
568788272478773
904979403014311
1027848111356747
159572417192328
123890784201726
480374632173474
322879107307824
458748930867536
849897816245829
322619782827371
306479785452006
821855561772077
729717634198603
782577486389653
959689844142557
421970278817018
996859886936352
557907126967194
202612792936342
320649468202460
959534431773594
667871938909280
644979327379072
910203135091582
1046502863014681
751694603097129
234604461928351
929184727266328
737212731498084
181693764286586
1047914317184390
322330093989216
296481311558005
285662393466698
353227089270989
532031876943468
529850899246984
548229987663280
1059381523437095
262971288781972
460496462299347
993924029483409
796610728746982
475242325343277
1071106580521452
71641255549924
806956618017522
401966025842052
174121505102156
315012249350471
415480268352092
1119899762547748
607743978733971
800744208798009
147341791017362
821820627769290
34327868608464
724002925135395
806419568280419
79761484579422
180412539874663
998192065454072
859591887610612
484280169567100
1095370111557228
852849807328039
221298297881080
708858713509837
109493149929017
167764836105398
545411349770941
797308030053741
758740067047268
1026400137261439
301236304756903
585479002505076
252748747066448
43327022874170
753647478239509
304710386710415
744078251543548
441971816941145
702760151979529
650438457422178
270229412302342
1020846795122795
917669235596136
553568492153057
543505054090071
329246866006200
425365472673884
754575813945668
320820118611619
232043467307942
676724144995199
619367937903978
1027066545515887
616528919625305
97676628237805
378379827660525
344507594980601
547141852093949
503544964422625
525054723773272
742759479830498
1043409862772042
221473616614844
187872702253402
360028206625638
433237731519166
834989194825595
148395223751107
446047732416319
256037821814688
203214387881172
700579046553330
697946800462027
550157664400450
462100078210766
159220749731201
443273119521099
334902245415050
482081994139388
1049571348139447
45844408413116
952571189984865
88689201893047
339191826175577
19219614274889
494580714193312
1090700974003694
102351863740527
176686634677691
331499549271508
340043835734590
1063218566253459
825158359745769
401562240337157
343679544299836
403782678930832
637772557508241
599127978731778
50498744403800
809236570537701
5284163397592
732808879674617
287246342554488
16383660279482
547249420239710
14586633790029
726200200244437
210223170567507
468116003276390
27415990776364
148777606907590
525310483293171
176408423459989
935383506539056
552403188851939
1089379857107406
126944300529920
492513869029763
418293852778220
208988914964512
192827539043642
741404859900897
854597203438159
1121360710337187
740196015543403
1082335610553313
195015831143927
300401287503343
305442526817085
128274942040170
277867633507645
793183016959432
678866368634204
1120509760729451
709621621491801
1094801772083506
927431586855037
744084756879755
97123315811825
462701770527011
784006494471006
893507704064518
764458946591412
1031681267495422
1099615110768702
437552641428872
1093145266906195
737128333288990
496295495666768
609198279517704
752414367494783
42437999317103
535286682938184
263743919609879
667900301076894
176843931907288
168678029203800
1007315261287216
313670369547118
956048554259375
11100364667667
1032032165522247
880700051597287
825577572794194
202013787666403
89364382793222
511632342673401
795043182919186
923395334491522
810424593857857
346522177723072
371385506603643
580940124882046
1053603420886472
805540981613984
936756089976856
84135006971080
1039173338568016
24062800255768
926899947792521
662621664394492
1012893711710247
653542740276054
682972790151102
259406102102227
471261280203683
342588702089026
939528784262063
143389997153102
367199489087144
909569830077867
986603994753272
1076274815368185
1074845263492690
739358837706725
847130960451690
1090401174065056
749649411365716
254907951244386
1092262349128324
1082967014141585
1043736014744389
136373731669392
933917816731329
522422187910917
810606979050865
1055563367237086
500766633559150
1121402678496103
506568306832694
785915145843727
400948654935452
235653061099688
925792514037727
105659350157668
491034607399615
1032704372863101
243121682017277
170719333943826
452978470496885
559458133832237
464374346457068
625691108071842
819781010567460
690960849420836
889855952852305
733279223715128
691814213129489
324362415077763
1100409658083120
102581873946106
617367144671199
407775930153401
482012149654117
825974209146036
424048115930429
920536607223226
41534086484396
41201149309454
511742561364369
829430966199854
920821918902307
521274646472534
545146989455702
997208768647492
598968499582725
699457378334709
627608261692609
135926234859693
959462875918779
704875382630930
785469621492270
1064681196035023
700366042660178
692940419386247
709200885339226
950164167307890
390762160502548
1022108152447098
857990433289145
847264635737726
460693769501602
805098806493003
519977616507501
1052645616560438
339145604530561
103254294639464
41007681886758
537776377877289
530004474758138
849545637715066
386219178244507
1007400572615103
206533209383270
156615869478635
85359613272535
642698342415852
952673818545763
180633401341838
911468551955291
198598867559940
293648766291690
327671375039615
521193347320029
113132113659557
18842511018256
950880781547850
47816161350930
246872824105397
842397562768327
1084237877904464
903426438215718
323939082760478
1095212195999851
133925150997607
326304611337883
441889565169180
5495509483985
235242350075383
52197972468035
162440402606801
339702020498615
84162087435928
834310903722572
253378605757834
251020489719380
38789031379005
522616183864624
68298151890671
816765106090258
561607799257129
911072134440369
151727572735407
405344577478780
809328075593142
845344266135245
1035423494625166
889053964181123
646263054716741
516842375268584
313941017008508
622161596308197
587724225449663
60887564527106
1037231017613973
635678211632721
154463113741314
471695553548579
474590064835767
516223179504239
169465220029525
319446733965038
198853918309977
896007715677455
455261844693933
497240851798137
659011777897457
655640289023470
1089942153902809
681630007660348
172889022009517
265457969694551
832216004509472
492120693884557
929340205644626
418647928197156
797205553831954
1048622887472085
493188087504874
365309151936734
448677252164431
270457729143839
894240292980945
1035994956824049
362388942743881
894072117431401
351484428418471
497440689835811
742366578666486
747408905122301
236899864478016
395527882317495
38187534036698
720531895412971
1089141896907128
699809015815822
165363004012496
694292303517581
258720498220380
305669117152755
516585978628935
652243059272509
974368095418074
484645529152041
833289712843872
378470600392327
46268316282724
97350471003640
281257072429979
406952651442086
836093107836934
945731462405461
192060299170745
609736988028041
116110625226295
321600139202510
571362334010812
1097985466435229
919400216326412
112828102248111
428988204129596
101609963210255
979748268216316
1072952309038998
913274055442324
684390267015662
122955795356790
258175318809135
1113058933730124
1007302726858115
680032029636096
542248271593559
90529076845509
64830630399336
1100969947374254
127871713652551
391596526810377
154979822317885
299862220015847
396563608035856
562060385601584
348117704956309
630164123462491
807693221032705
540315448861971
1050588096499768
358455907075263
161175076363661
488291642086532
957647671484626
939916154144084
124983412534558
99352281377937
655005199326189
82196561056112
520261066757452
478029176347874
463383565068267
164245658544015
806871801208227
283666618922390
1065752310368765
560180172696437
252115810192503
302717229048994
633052259057416
280822679468676
1002440385947037
55406578152841
234203233116815
515741738787152
397504130800444
825305964127872
505524094726652
112988084013452
795371892538227
1117494205677250
539645708552517
457638225618151
140071988091643
732951769152776
386586577356522
978570413453588
514510537543673
241227988741744
885102822867016
416837507158438
1125666219596701
848411190207940
563697925024557
151079625348750
950927018522706
951740311443190
1037343249665141
174630551331000
875746983599369
807076580231102
1056929514693755
680225526447059
857981266649705
1037190707877672
544596257521175
936296942274159
542293462612689
83299677027742
928910463290870
674832654928389
637021099870367
969332982104042
885054562730589
234210708762332
108564813710268
557170206432779
158454720714320
246538583155820
892525667318502
1125101507140964
625234180803143
162047437773504
252914339331440
890728479317722
911882188443228
805863164775521
766805737488951
600594070573740
423526940670728
565637404221796
952524538255812
406929185187122
831394396151062
685250670058597
843535625811851
173429957061647
79521872290418
792334336683888
824750881914950
663302269329317
19634438125240
246419068848928
83482936428336
273501873230433
148215770924991
821857916305091
779046159883335
895586458376074
274600045231884
970544297902459
454378785402635
938802613332685
1055021276588019
77549461729319
1002988841344442
480007602804618
1094694074592232
647489322931419
1078514755159528
557645312726677
298608909956713
755749754964396
710206389064323
894590599280010
150746453528049
148832586522392
365629414484168
336391522639241
606516141121365
155390596030493
604084970404918
343936763307060
998571376285821
497595129260886
388584835933646
869146602562057
190019535851380
1109691659235632
547682581408866
275123802889167
883986254486528
182556226017192
66391478549786
943992293871122
918394892238770
437649411647303
740006074383630
304755946795236
815609929075566
128726945923036
414926581314914
649991346394431
513354142017106
2720502589863
896852984298060
264316573699537
499536775692075
374740712630518
339353584599948
585637455552173
424564681746868
847457538882576
172924593034292
325833097427119
791172652291274
22586692083615
644906497861722
682406066945148
1037391580069213
481791685999916
850432320756961
1115305443756435
714259982813365
292359860985238
175201862918023
1071297584416067
32845616602429
234542425120125
210662318488812
662563788661383
699597643202168
51289493596754
246363334359934
620918594212309
764520744048165
422015955389139
139248646226930
399774804933880
452224210605124
431132937604180
656211354217892
93388163892262
842004166826458
261360815939693
562587688441599
460956518131338
513390082832376
960449681892786
267875151347265
19580788761775
482161753353594
323460133639504
933017391942112
807137900578056
915352430320889
51768972781185
1052949983336120
683326396043120
785708114111746
907350951912968
592006824540204
860417853751703
778524795248027
995369599755078
166321622257724
824800229997626
613344619055133
150333246474299
198172099941102
30353123114406
537228377726090
935277658512459
1094601318009894
937116940442557
135169330468251
998078419945746
1020613333654517
651480855648907
468876365910661
110682955009342
126741453826782
873582676246688
945913535752469
591294075839101
116667746669976
128611171155836
673962960406027
1030604971977948
43323068814468
208500298873769
134392388862929
269916035631998
907412636755695
514047280853927
125955952218761
677206709079480
1074740480068292
22610854617886
277692918661574
471454096977557
352841580736372
299254910870246
511508040158445
429851684441801
141672470853115
309286043981698
130486048374798
347716756845945
141436785509686
370234666576064
788258647247525
582020379322892
801324069445435
851952888401496
601128120310339
259725431733647
1073123476533275
783458998746789
594745340849232
410562936216033
636183486168688
900847561543389
565976629985561
992019665892849
1051263966653391
521985960979458
1061590602025359
954432938764664
839235565291131
767875121797661
1110175362503344
730585102783511
960412041320229
640888916441316
972813685099847
905922995479925
288542527491474
596751808636745
464909551976375
131007103400213
1071772516725456
920630994327144
730075060649419
1076084838375577
845193565348833
826593548171618
435447805188465
620232974640971
13259047939075
743051365932062
117409701628250
829079874670776
879434076863694
323052682794962
907500442461956
681662798556956
339279734053998
950158649768050
969981538806969
211499831844397
824123910579874
785367541068577
695294586339178
28881257370160
778474403446871
557616044148462
513248349333596
963717635016243
517483593657160
955346485333929
916705913313869
465753206498402
422352740529655
913338209316265
488108615976953
82031993212271
559377704298702
604011160096883
107358567238137
685878450667788
1085023655714075
235383056309635
22647338391385
651188891462621
597325093969807
815553312573313
668189870799616
38261915223020
496044736927391
738410054809788
1100753404645639
517366864573575
453063933467190
71750788370797
915580197436627
888178957888147
474976477040877
883714850013971
864756254867079
890808066658385
478407922970399
532788183606196
1100508133694078
277609715671072
701183982066133
492675209562226
294239395940380
177900048112483
735277099796712
471670244654930
406728070519265
409956168328539
531522142566133
425544180444686
1108002440612940
428184108420777
654274876799808
583464475617034
472732347992644
933074310172224
875527115928416
489840437180695
127035777811562
250073883364622
383856884227400
733359687224958
404130206894240
852741362680669
220584007869261
920266637405900
386461471970169
436311137742794
1018818896613173
1010608940033438
157459867990729
1091426005156517
560004916326804
844798708606721
911272994699316
151563913305361
965726750413053
204312179118030
545621127901746
583556760885572
547353389190139
475996871114174
1059979467298935
911699555265460
63876098426309
358577051422270
530778756621660
865148657883618
50413459918145
930118971573805
833950108181966
223390992250024
540902104293648
1015534913989261
397454308146548
487156897304926
518556759990575
670873161544171
550081626814855
220314049898307
717666241123048
474864389406815
738507449871236
196360265179085
225305302417185
498124638485475
934406625929550
341834740871086
685599238175610
1007749412136169
651072254973714
709327211995757
150774226477450
211367677301406
244880177270967
339580228845247
793907101393761
859869054245711
663162184672246
544967517295277
355348639790269
714923535474408
271734115999908
281334383186884
1077662708120628
160463629933370
963505168235642
343978918212437
744274397709460
258195893719341
59046517396481
1039203596608898
1068400528676983
860444493178757
655202664814782
200521447512540
451036704746251
63479402242612
976524296283177
603940774868235
46011021386362
38083812416308
459402815901789
573238886609027
138688915399118
715328250649717
546600153465201
806394858264909
635673825932010
308750937288252
143287325786347
152675912935365
1091849487659377
1007080948201850
583072464896103
516885438280598
672308300706122
751067440865538
342570596859492
212124322297009
516849028570776
388026607279969
121929433662232
986685449102833
218546506786125
640802335212715
1080426130634692
374738233157680
759175153284592
55499147468396
185225964292387
504209788518507
838643143827812
679213186275122
914184145198905
55366306757751
1084603267984122
977879119635018
101426290524426
216808985875030
786762897844535
428185157387231
281073212707736
751376807207301
844520221023473
79604128055172
995423257783242
403975441916830
224474896645661
903865375153213
718947522445524
121226236295780
1071532578567165
57688225713766
422823438051972
599418566154791
1066278354234214
678548855207383
40771156487052
583887140088041
81208707659134
190582363213233
112907137749301
626442793043399
441989684169154
495975009464734
604308191298664
1053966749834588
356186309089898
7877280730798
317980470710808
93447477701144
918647723880260
1056658591358454
356800494930414
559000482726346
873219669449386
321478511542028
339023750230793
793239543292271
985649833273570
965957312189190
640722713021241
775038315966286
327405825308752
643429086185466
19065719154823
1104950969599673
874376207180726
297687046338803
1083095674672153
570383182594454
232405110576587
1097321063906335
860933007415965
224965508523737
212466804337496
45365573159719
922461600743019
913633904484324
67800378488417
818137492662933
689356432491903
839959090369846
1119870179871579
26546657005001
654332959910299
449694922200807
33225308494732
509176517404851
283221807260139
485272221446960
513685235861709
17114412718912
1070229216438797
53561370427673
268823445363797
647011126510547
694402037727010
685153957486302
372149734235840
546140017888286
99957524004254
564303932592209
425656521900010
699454112995225
951255190218956
450968166509791
1065884850035864
361377392160558
132047335502159
272831824806861
626931909482301
893366689547351
1079941846682972
420272438293276
776162314944732
884550473122219
530591721988351
100457876403883
364519240277515
53419698535932
421876887209412
150147979112663
682132342364524
975500856524850
753414588443963
959382294357576
662141342894510
770826287233667
61833974025995
207128028241547
629767118815441
173991616202849
1012508642795319
855848213297382
635471698482448
101200272534683
574221113463353
274890001218797
455821562870199
315346363126994
456432108313038
568862932482335
349850681325565
441238585796971
208797936480027
753070202360130
785712647374003
747235442461145
497633466386668
1097050743150193
778763350917726
164366863957090
948643925540416
640283008181156
846488485646673
394558155918937
876113488753623
444936288242145
791606732923662
1082116648881812
1111920681686580
94693750220511
87229658492449
1102933125577726
953755777508588
435291626010941
600414302063351
378447247595655
551154591296653
43141179341668
948794851339238
875613602392871
1022365567097549
1050166049431574
405832288426605
1055970992816420
663542498724906
1039664696999712
296005856303533
9234284231658
270545161779750
1031750999185152
723713548424080
955481489910020
190130936011298
21092581269183
469275486880343
1036005361160876
267681858782454
684284054654846
334579108182245
950698350655428
1024550197128916
462369756434095
717677764451482
187793027079120
509431825659855
452917031919405
910115968011541
98385932045547
168704389181027
985868676299944
929948988815835
697347112509239
504238222063516
897514865360242
276723645189096
170517487312867
298766254941232
459138704487693
566073891759688
169174796114904
180636622646628
554080879764383
643778637387995
511688785118510
844034942222479
549416438842953
265174476343235
323330839623543
1059406469136271
226805192407552
3750181877554
635805995247397
857055476684121
312793717603728
594779970280095
3967812910382
126558401803479
589220677898744
317126842291623
433942352524250
394364290368271
137949453337134
617466811764040
1045293573092581
620566564650365
1101144748868615
523816599684069
304757972898379
222743932705907
542696358140513
137419171204802
613462119203047
345215052687508
249832567146382
977143686573961
130246059393769
996773328186060
533110771707415
246374480111283
345109177658828
544666005519783
953139972395754
397878103494386
65497526996972
350489239787638
2316086837376
832266576974352
574115211222461
579703537857545
1039104785391290
509758144106737
978385859830830
264562189746897
551042321859619
722644317222246
492724608096640
985168663181471
831370860197404
737983626137452
289027739900137
614625678483642
76532776316088
7414216250975
432551548187050
378899404461064
1000835158217771
345513886392144
622513087849976
209870693453834
336069828618918
727418220773832
169241115633404
1011729623468229
900580784832281
718682259509268
963191005853411
730009583565607
28049878918796
295616044153616
945531971256577
288604979498376
209382545218751
328589339835901
927482781835686
847160095406704
875379252102963
1112788269023119
640958290066626
1070811975522981
319069645778263
225662433900720
965298341531493
1116547144435735
999989986601717
39718129581986
48304033051495
488672054427786
323204112739303
95592879120297
801960573997780
367515435117932
943404056658484
86748261483864
1069763692005954
460843990401749
607347084975834
1008049950638157
803753856130874
78540542759634
162818086404792
226155546089841
589931709240851
976347887902577
776849048737736
1073643111369242
437785243408018
753000524647563
1071589699127954
223038657755550
368047979270673
1067738056839784
975855814309968
215691777502532
289936245904838
1092556070360751
636270315788238
16781891543029
871055376586711
367875583748430
185985135224707
844600123789814
1091267224505874
795604611608587
499894750364876
703724928526485
781949446748918
628321273304420
21389771626371
170347060101745
1063700733247201
690786476975496
338644396552024
23713294787989
490319345383784
173130551124832
289703280161112
649363894378990
838058594777380
625738284690179
71326441195832
1056128867759866
291577727016691
950215214931143
1030766020854937
314711706792737
824695382950070
264210342316721
945322171876859
590776664026692
967452939318588
806544434004410
194158431054619
913694612585907
352301658523146
809547251232418
622440235557829
346361377394356
936451849227541
108207856536327
984327198145434
935267301824198
682501254001080
320639050743091
375280773170874
275771622950768
234007132050532
105469234151540
225137811143336
193599965540341
930830556822507
620497447562221
615591631265723
222766338555446
1071591469336783
430419580753000
365987378230552
649675960162387
219398961029139
522812269632123
781647802330902
310833252531591
55202067824977
912371891604291
391579252734911
633763025062102
136079369172046
318514848649615
372251223580580
1062715410115278
296534593879410
1096742534047142
960838414984827
1061718844229596
916071116079436
900647179792446
170365495803482
211525066330121
950161242378782
994224795455109
482344636360506
768547168695913
574258716503766
597049046546833
142523699919074
96243416224126
426022544503851
315443564483436
649849050936502
635299204977390
707034841778790
516153633483230
935783529841379
683675271376240
572366292789437
324286000066182
918309914704272
491955077640350
341008149808160
1101542315718486
693790970029998
996760146022633
877654090629048
688561219569845
1099417069006687
744736194224699
1069044720272121
746213407506802
766085183409081
1033066032987101
288755618450745
779536973572345
772120338876294
886596333527955
1061203175165298
216578834663196
587963604991986
528530447959144
1124140463991800
1097097213837325
489755741894269
440155345822749
301413520814875
336102173781760
254612762477959
635029576834757
318049297025425
1081761516536766
90526597251676
763164834841008
930495120626315
828859142294402
600432889900274
997101157625891
38374080694713
948834108927014
256847505938568
45524541799698
114303309961495
709714009613322
513533952393533
701927453046128
818658350690372
973455329092137
990762937354166
1027534183576759
217550583035104
661764352690683
370084313669342
255387110168769
662125570343340
582970833114551
662400370108062
10501760730307
210354620143843
126381121328600
885159437504233
761351224519506
155595090423375
347269513091407
957837498217369
1013485239600567
81817591023493
1118245211553823
871361088615913
695391592787703
640521091828421
373304531287756
479661564599571
677921689913108
388376557092074
670487015964363
366987721442478
756988291394236
305362517368027
526070077868277
198407300610533
936216934111673
18385012689012
1088167372773568
100157217277490
657124574170958
315353245772769
133409876665344
33166744251881
309665678708807
60120747704523
332713020139267
694793265943479
1040364037112643
681173943916955
186826572788261
55808056010737
1068170718311739
949899807849875
326567058137153
257348385559652
948492998413111
493954349831300
384788500877527
531984144984902
557081093318097
249146830462946
129343429816303
475426503506004
1014831074943297
773981800269928
312269223315451
679355483896711
626115942227392
908179087785299
247459732408965
1011466340345335
1079875651133984
635568100125098
884710533893756
389792604803043
902952571099278
983010710367235
460933471927421
540331669120358
1022624185553755
844703341336751
642058583286505
609176153258509
984067421432761
1095501487924468
1042528145769576
869274093202544
806252325306247
533096420586258
208133896117442
4681088334369
311100039041011
999817669510234
903982478379913
686589280038148
762197324534697
274279352810600
651519442917176
1075902654526168
79982804914272
372998727462323
244927254869813
764349533804136
332210238125709
780412008483403
757386698316198
317816287999493
280210059953594
393810096561810
897939047009589
625946082798674
1045462730735441
291613168619265
350200544092367
200288458286718
19552965615191
669628527466013
687432639877212
116991499831390
663427360843030
642452352430822
836581521605271
200148193168417
620357104844349
384584678294711
707920671220661
683921494485620
898247321776709
798256734566337
252054349961898
580623586029554
190308077943475
965795460395447
424803541841960
380220290372891
313530322078411
691955686909033
612689128889688
573785909239056
836853879080476
286870099915909
847137977910196
902875942586708
671030351876892
992985666788111
266369615235764
282414820121100
903473809110027
860869988012746
59485675235817
632284178194447
114148462845625
221422779344922
226854567584394
371330521385238
626716752906485
390919247262737
286097969314174
740088218095638
274675025021723
992886885981654
329060676638002
802230233913432
137670641389248
524357173092196
305919479546618
927871713803058
922649392329945
926468032794671
158270518625577
158368024888499
479938601820878
546685700157182
270812343953144
526394876629988
246305996996151
502485875732263
299264783251474
367151742830003
529038672874747
522707967340787
892604234013184
693332862145008
93424806031098
177351599310681
860155075145001
215094593504473
181730326022066
729931284515437
490258530033496
815865134989891
1037152029849884
843422960664456
510868421558284
355389329495540
368652359902010
648870408269657
854725042368445
272130243252066
804768045293700
95178054651116
494305662424638
938753610219996
871796028830368
385412400745264
726028638431660
359923626887154
753017713649025
919599908264060
759892700287309
143395572642984
1083257280585522
268503069880429
61602008647090
474469856314989
927204718426045
670203699697994
227819294428613
517277646200737
213394357639969
1002266917248424
798790556040113
340619931937021
840137276408098
622282857458429
367898736597774
883481441039447
817725020897289
946921710065103
690633123021120
151015536437768
768811062839356
854508229694373
635141132587535
958753326763665
308079796658589
691286169592285
161381819988283
1119238760094731
953778613283423
915221686236285
825054218008996
654485692488345
668807823109383
865543006792813
891852142130277
486424891166806
557330475003211
745800009755559
835725738443447
72105610207795
156096043066584
233277607303659
268735382630500
585846235822850
1119581868734276
119553274746582
425707914685050
250334530715917
1095861278298572
700610983183271
98593517521101
1069193621229423
200408614923129
111383136789608
450894776276141
858467689277517
286348838768733
417625292381110
741294792767222
396765067800617
284287122165899
157720629651630
55054850058673
193423636536633
856751806571796
636493524427992
890995662199435
715398840928341
1110938075868285
1085513514952132
1104490964293747
270254059827315
43286916535890
567845439255291
598162923799573
378165741662590
484977564948217
677235517934271
1045322281459354
930357364457876
169095635640324
954133896928552
86913612425887
113130534258846
671154586949532
971551184554046
832464795081428
68910815409797
891888124728295
12647755015649
866232440345784
156613522286492
247916065008480
1000457386417647
62336316353328
172774506739391
330746795080614
840203132126344
808557668878612
11017265913946
424911372217732
158065677658235
568059329671091
130749815535056
759753601819337
206203076677003
880565496700939
973254743772808
579148020392334
604144598417358
689122597314998
303598374483777
224873361669624
28953929958029
1004735950694216
932919322851197
198045973610686
215289428652649
355409662426346
891884717628440
167266842108035
702316484032874
797057544244102
1102638899593762
507497407938486
1096260303843129
888823697867735
957529236925071
922693988590976
552928123435345
385059799328310
669711447590273
49170776077563
613929222188921
433888850440275
262753430789587
1092843263338612
276392791894101
1079115932033100
655347524834196
396012706286875
525956945695167
841679138487736
537629143261152
207224049925954
991278408041637
100267462676814
489715376154887
281642624591537
50154751064698
450628573361217
44402362933977
143626355694235
823917311666496
377680897990478
362556258270584
218771778841620
481740497530285
270949932389198
37233899234896
121157295112630
676599510133031
459836716549733
1038807928854584
508289105955704
1035971537447462
503449782452900
50335910920736
422676032373664
217527271817322
954711665352733
904163473974543
447813524618875
278869053869415
1117849824831648
180308437313202
1000915764457747
949311187993895
1064852141023219
977240146378081
394678553376942
16439325818085
947381988343169
19516108710196
910330451199376
619996880132807
911689799610359
570869213757307
44522817581127
644293194506555
66094102101939
414839158395626
71957633643380
845251384635691
247997049871388
1004711816213258
152377165892027
1035661188665442
391341108162129
26374509025723
340595387469876
281977352565956
348730125060469
447259900924354
650067226208296
16679537135660
386157301043714
1035603795446064
403297184305256
661355220038281
889518659783309
619071926064780
979949469101985
173074247909441
300480305755928
951175934127702
622005408704679
397875322671549
616721819979943
753994477782538
321727421076660
727108391151808
651423648527383
35154145062892
590460151282008
1046328753657127
619340702369409
242904737189369
271188581093626
471959930294537
469361926857420
395652295607699
356444766886839
290534227574993
991855947733171
669833051257019
928705816749406
393112718563738
501197420873599
563221258578504
592881355546454
713441066551762
102104189087255
1003218128429893
189264802084753
748030999858210
2743992453526
317432504907424
732190318390150
417985852234106
240335889011434
486152496880859
201511151932872
923451164534009
771546922248587
1040376608422309
366927506423077
254825252204040
683982852736190
976232272955410
211901312965817
915987122616007
59241420207212
212017026920091
233879876475544
1125151791646181
731729881129540
714070625370829
250776107423669
662160014748583
235459386269562
691312650963757
700940567571273
1016004759029186
429400175524503
1107517262152175
122418014010242
594176440013978
71188240307974
127134300087353
285793302943071
696275387381554
1002744536085272
176776396221274
168262095698006
932604733385586
498769621163330
696025723586460
191451356368374
913321340367537
423240662846354
674440778873481
180835046545035
919333580542069
743362381784125
90963917010297
911288288631980
503784404294359
885100544826464
754859619209821
531327494988789
1020608422077470
785290684053349
983603965976410
271804158138285
151121705177378
426517939336425
370024733630279
298020129573431
364289742502106
500349830255358
123149551627843
265715078400532
540149022551321
449698820724700
704525915140125
254063662355138
782248901029282
272844073324376
392233731241523
32196611808477
1026625029121755
397912990313346
573813741825530
531431170143858
531384643258648
139554105509384
690868039836066
333833075595861
1006675121591427
198977814951142
1004066627422560
1110743430056483
550588369544621
775972140869557
25354589444823
1041957078141966
538126952561479
538454687632250
786287381738049
121781391214626
762924189942297
1028153164887496
154282102212376
827189798669754
541885087525345
1043461617551323
779580496231549
1110834232012763
223938778330503
572376790300922
734273039478765
108853056322836
919607535191004
375000924730063
1028143028104091
955294300609130
561365315153781
828723725709741
374789629132616
747345298703704
884616177852532
361950265350996
183033537359860
1018916612354733
890227744837478
451290367019737
16437180542944
111165461209155
347268365733270
17160202156782
455881820233268
526281156160536
49041153238701
384384848207921
895453997602450
150035690453228
1109261598974313
859352469562470
337093249964752
570465871075694
792777703924453
157321571877870
200388549096366
167080382676247
484412968377362
596171137547587
406937069160915
1048143949938103
797366055004599
989298983347591
162383196266771
91847015034623
238992968518499
950439691407983
77285562565344
378932647408157
939832936847291
115806954370291
432611098970439
554648097896464
910374494391167
433859430875600
534848971431226
976538944670047
848353800000672
1096165291740724
573081150328196
897608462710947
278872667939925
722217572641941
89537250145579
173964363809322
584886991065709
953768117622553
347997357384672
61910708742409
982136935118816
873009357242629
376383906049878
261160485007090
231140429188575
55316724585950
702945890613229
323506757009302
473727507450542
825194475426213
423746491254699
298966638145836
668767723907543
64763451193746
273360787578080
199463058748245
260594368068358
462542291093744
1024075864257588
1096824180169748
68108170362580
506659972581938
686883567361076
749020117040334
1059708768810038
66061391445313
102885096290800
306849457943857
983812260461605
916501590371293
1081273671889208
366567533724494
497651519439775
628854271743611
453822544545103
216867359074707
561873200740006
541091803739666
494528896457012
117856766480018
944045094286267
209222254952229
694796659246327
163632394631212
889859042191411
828859832955644
1077658440367817
32208981121522
521611790209379
1084669422380646
671533365574795
240722458494718
1125223641583540
260310784795471
1063143305959784
990256299074716
757624323885358
100092023558731
1064397715099282
922313470925965
500463457883854
790975705958839
539346257745713
1046311895911257
589694818496899
876770459549623
940353647750728
483222003449953
421401762526313
936203829756807
742340325899926
507413409117521
414222814452675
777409323255034
505354762294476
809122409671764
218052596563952
514374245481419
560676638051812
772215908379141
934796507661778
237773052667114
886013613647336
885005640213191
345626819879804
614392619304941
339785042722668
333360656333794
289098805197220
1118973904097792
999892604248004
1002572080173607
725107657137444
731266652145190
20169010688254
537598705267997
388924843985262
658107747760033
295474848962336
351052444074921
64399877729925
544864717042712
737543627685727
306831960920137
1070868128495908
737083634844201
1114169550862247
953264381509156
605886219563999
677660421224354
177167349648671
697114616152174
860348175162756
469975155115591
404824910258794
408527341656189
1033590560367170
224747144956694
554503878216808
618387592956732
505531191934902
422247857012025
278427542565780
659134296126311
227653615080157
166188837092061
1047236355733173
977419926016441
90272016536123
175115667522030
877601350283563
995561107441178
400869661399116
661959958892187
533406368789251
251044950327739
314985971160740
744482639191407
561790694780350
525417374152785
994980058765776
91645561453470
491242432153441
1042239368466383
497033808805661
133417784364015
685325105163685
161568695074856
798481514515790
11970866121648
191334634033317
387668413892808
87229338168930
407136834973847
848284381036088
1084424141702293
157735489600880
441102862055728
1113109755203799
26737893718446
1013744806665549
997073964662930
624959450879904
516784658290849
320500820147206
127295883291936
835478752645710
270891095248734
46717568451537
1022483171927017
372535549576894
537788160253213
624075710371513
51243219403487
115073965967993
1060874711852407
40168383656374
991312404185847
591081562123446
661606634814534
860513873865802
436611640101009
330176907741781
975606824925206
777026028067098
741569498878150
983217529629622
544946773542596
64253873414495
134936094037983
214245464269861
641440393586699
1124384786461265
393617204832247
270204488799467
470403714542546
553226402563502
1073224715866187
856403745850026
471161422453216
469129543404202
662722554754890
96202197876966
963280121259718
416684873563061
461060816497889
292183515002409
569350577130876
70493038067357
781974074266428
544484704692342
82275585007229
183257039616981
1018796329764071
599109372737674
753684741717582
1001421791649254
750068957536982
685095863664436
213208264872855
308300564790689
578126639899930
79765583173487
352074104331005
339336235823133
947804092003556
523309990111509
849599272750266
907233713788143
462190855772165
890557697108359
436406055844852
646421022687266
808020540045050
1021056511005745
1088870284580605
768087853279304
1045004419594862
78987064114256
963892101173333
361559015789595
602009482483591
869396314667919
515758759691320
533568204862416
150706747838744
1047942361733734
270919722113584
813318560400608
41205374545810
60515914303359
610335030798733
22898343999533
458973555298612
1036241590002605
259430039937187
217248502775278
51366632887265
877618973253899
393797453322088
847546647026236
681328470659703
832724471378805
145401430373770
495086575425672
249248769179550
253958214830598
752302662687957
379532732953895
747584760311734
661434140401760
717624173764365
724424334814515
280383565671483
696115986102037
1035918856413476
288112646586320
180366483248866
1021182382170139
740240536132172
650546231540296
543928316289480
476539559891804
974062731625058
965556310444605
39818314433225
1114878763022462
18082926841037
581389445798598
934812818510069
102904656358805
299623821237316
143741188326751
855506333777565
839260453812631
454372399712296
1038898017951977
576412686208518
650573774005628
89775983377094
306539810649130
456510141528245
621458955780701
323161084330469
181162689286014
240197254506293
466507967303749
371472564415977
706789285043997
23233818215036
544698203619848
704831518406843
239120032405469
315461664305369
1062768226544267
83054469125142
320456222037224
898666096656836
669974898515191
823461037295990
692026779979741
1108073677073871
746276909657344
818624471475218
293325448180030
1104052476748988
441784105655662
131266112082282
554653003725489
870724543924482
520719727257828
619573413792898
926829263038154
1111202100243560
93010445065256
1045272223134543
1004976201565552
500634387901939
605001475602700
431009829483362
1080123449670079
705782690756530
565900511587722
940967787757397
771683948806400
702545803516056
135167323420734
400640034316216
623990878131335
792476405197651
657556727233779
1074576868785147
831693060767979
923419613175731
6650035946463
1000232141348663
269828468367365
1007620029291647
113961506121990
940531046707301
703028778370812
553556790003370
63587658770932
739657456079039
668806600568728
87711394146688
146266026956050
120528985566845
433205987433040
122943583910042
311606867136127
911145515827694
58108569902615
471695838235210
635393749592775
530504869352464
916976093947341
271046784922759
349231365335854
192344058703949
147639961089371
637110520116736
35852850928188
855455361852998
587349775736669
72502574575735
733125368474164
378782845210810
1029357262591274
7616375478907
586212330603880
511981343581822
1071907833664002
56807370796051
1124373511059952
183728964467277
41629056042474
519553183328860
651757755313203
317398355193325
1025881041477637
232477617044963
154244885435793
170377829743668
1055240881757689
530183495126874
437365686183964
863766707302170
988574668017988
1120140530749257
371245739876182
121880557160678
884815455372260
135317942791793
594425553763875
867427291833478
215489065487585
874557664852791
7011693784651
944890595082249
669891651441209
294092291157696
757530045226216
625089860484156
901586198423410
576831729523183
466689061848934
251824759402013
673200872752410
172459363698995
603859615992809
572035769629773
219907861223294
103292112428065
462962515009142
850941249453712
585481737276987
712664689241697
193124537568195
96162993203713
456233778055456
496534862174058
869646074254075
1120750393714916
1063765310443841
442132321250152
965820091040954
991001375735429
778488088582016
827708110912901
345803993632479
588729285571670
17416193497118
883491868352430
717143031998330
967209976570372
940297960037430
545097890827938
551859575789659
942624363155698
675962077787115
48308901738803
336521383383168
695725812889384
268719593847344
245973110535537
143855195585364
889654684203603
765876212593209
984447462688815
240398678476437
1108909463929108
511185739409161
636152114136954
765656171623937
781136915658687
770301376765886
664558633391379
490545600676734
433850390246084
957414103852203
1114484827647609
946220006282571
1103082654530637
961430413231872
526106185438440
1105631219430675
352915102076894
287119136083094
379314413195717
1021172380499235
512149568173127
110484669253080
459064935732721
195270040569459
1058596664624063
1103718731482806
714799541467359
795013947674395
404860439539659
682821816336464
314822546356342
446486309646186
188097984408646
290440217898895
580209910020497
707945193724020
839890508394514
849372721864430
246748648271354
347506376013406
382928085057666
837214751743031
314155768938354
301364493897591
823371110435579
13921015193273
365996190644444
52420288247498
786084922945769
675374992323299
900874788591890
653976574398681
777571626273643
275142520584236
584806644298718
639447811327844
672633909343491
403041994880427
448580559777586
218572021116295
723288185405427
784723007651624
550059739289508
914318458752500
344516457656218
141790498061706
907134020704214
405271480088042
252272350024506
843564203143690
389140852337875
436537583205148
684152056178192
61322563619467
551255660836725
743636176834429
75312808890791
835960128038234
574934723839021
350343186587824
185789724191375
1122510703959156
97450684695826
714075647747960
506476821596998
151721069863701
468817058004206
349465290549238
449724597351429
636762638972512
863059001547427
974773492695431
694989383479673
728793600732469
162815201780344
1044964169525358
1044591725318066
607230987488880
1067108621839775
139800137011124
636639816712833
1034244982530552
225104028604521
770549376633780
116369609287466
235209004108582
101806678563970
671471088884185
103781147057286
292377139663576
279443263696109
469876219312303
1074742923271163
983999353068611
660519414383638
838369480294730
1054959883295385
501863968176008
848357512455068
238238569346093
315767170776149
180031790932467
62603266802113
775528985529186
878387660868392
870775905385668
476929302394619
282819955974306
907806024733797
468681442783074
187055768539171
479848507800963
681237385468265
919610726373461
586663270194104
972538274201834
684087329841536
644679879832212
997529657930400
588402174296112
216822680963183
874857846379854
894271141373749
673181252789131
812129685795907
705383080044693
1121564002668745
1003393706660955
240580048027374
924714645429999
625126725381016
663465220413045
150709650076487
455663320308471
87064606790508
749383151381035
827975414355486
251750063086265
256279826287855
421521156492142
960166501405161
988198814961122
863005270607507
322380417827332
541777488661693
605268786813708
104417429972410
438460902095804
612241268470533
904417497290443
630874830083849
688344826748241
938090591866983
397080193278398
1012827927016730
735980876536170
854914942956303
556354765419539
837333797963962
1009379896782476
371292975266926
381480595067189
290209709509934
341222480669755
519727478123477
392850506279878
71949923685567
698306923545386
26401802461942
658292815578350
1099058127655777
658171167210168
233116327097542
68216790141388
429487987103116
504547700502065
455941562666519
222636302992477
17233836560936
414624077047797
688483816434554
585369634152248
1037514124525489
959540517533798
21228028124931
537682910642511
687292046261769
486625064641547
73216315360980
526200319731490
356168523163861
994090701538055
986559180127586
953079363829619
607474803616492
703994155677354
276370346119904
407135266014774
153492778424308
1012042214040354
1086476686008390
1070369558729428
733879274131436
96434427053741
191878778595569
248172209217192
748157871742117
332894034523358
528368571105019
426879427154444
46457961848687
691178900274604
904283357083204
336849736306842
914222438543610
310089368149168
669192599516157
177193679436923
694071210185222
318385752291630
517429831950382
1113413082510764
45233640541636
205568477302695
982361851029615
985062795282278
1105831545781882
516239085025105
453658691730542
674742496708513
1070539593023937
387040608223548
1034839501296991
575394223613028
79665221804267
642672231321971
1002079598556244
568658339183761
505323837609857
268440176451930
751506706040686
37985574526467
304297133973727
907757476713042
1118147825614377
142782128962114
264669950859556
722543558237638
743780668811818
789261850080746
545799036952607
1002200232647699
150327420189904
1116084785894173
879644054796470
451366008182047
813470861144101
819250481472553
438677416080078
834115473465406
283705651814720
810067290002528
1082810076050775
967393353443951
972091818225012
1104183597075814
485973955614511
209464312141290
598130217030212
282317143075591
291818142412561
520826571117609
718565592438729
853715312881750
299477478353627
562588857180995
156279810914158
806806448547570
627400819587508
670905680090104
787609816913222
509867661385303
973534036954738
673195160170816
59729835224786
515271422770283
164665841207716
90221759098311
75505612094896
376488037466676
642463052742092
143488025827231
1103319210684449
976687375464009
171631834889445
871873020796479
195054843596694
902964640600682
783124085945537
941019196673434
983392604072163
740211694556578
1020583619649415
97917368511076
950820185264567
329077225387381
842577377932756
812363809551485
730237497359918
668326134792690
57651115672969
450954553288037
116095880063707
60615806139158
692445697545576
486628488030804
248432640746642
700871794211314
441766305582096
1033672118243757
125367996957415
233160991307953
957018491572122
499232315267613
928570140641606
1060959488514317
577168945731073
16153997937969
312357812503199
280391123002693
741411441987027
319506014209645
142602187941927
687470176015144
841392981811942
848077498587341
1071912946716614
208116035049284
742345031666908
292626924374579
846703377956528
326100048645532
349683869727480
340376160711368
963666842895656
410738792855603
322612486421809
379496706366553
269289930824282
352780275701667
221281485870198
837495871465489
682349067457631
428209711761525
699114735621582
579699595072305
1016685504100528
194912752140437
473687853290109
545159766935481
516824648254167
473883797447236
352614881764943
989598336257197
947854379612318
492335381219484
605998541027359
56273604206812
1071547556511737
445889564614484
280478749014247
162835327262829
775862101527287
931328651918924
549292243357234
40690888280540
418580585174069
257944595170496
750329762384909
66746899129723
121656931417930
836375697423738
566419850312322
887111411742782
1121915635539886
61602217946610
712430191550065
878136396088847
300027961097487
511556353978638
56400542508438
725714300216889
455072927310233
891791359007524
1009849568379516
723199306256199
209531253011056
280240351544866
574467652518594
1104791862163635
1040901868556415
653166280344674
1045330587925588
205247375548039
543538698960164
252698218690027
934707234701414
533964473474360
674355786983834
282852077736628
574295216799298
750951254804483
537347250364438
879321938962644
659081294971333
171568376752325
960061720403586
684620235172511
287046225870046
787682538756184
428002985517634
52009447232134
160970648849446
763129383976167
373516254776552
933678988910385
266765942806086
907266460393126
538917998879898
207409459046615
1084779514534037
1070390977120112
204814980141202
299377861715031
147913488441150
415411783389536
990781389274096
473009620045293
618335087446667
584482526889339
1012955546504426
1111438048013848
925261925333237
670507287724254
814447693292035
182474586058410
702342813895546
369512531330682
227969152332523
961155625915228
322121039528242
444946504476484
1015617419444552
482280847534187
696829124600873
52823675984876
183688585010715
604014193221944
517803722582936
737922692903453
509112493704931
575860945757978
133606257235600
33923268839621
557168212809513
901150615149484
992977361161298
584021694005070
686285249833273
942857449993819
753438538474785
928256554873110
505827795647784
665515178672433
978336995646224
939773710151894
739671331374720
70569679286882
362912296596557
63018255113269
386264510967615
231267642200126
42664844298653
115785371109301
457050963672662
100213786503941
496367636619762
279825973938007
373438750653708
1031943364183827
108803042514277
982375768730656
167363242780632
729896323040198
660980037284624
453602197462399
902559478761193
150333414079435
256272099877250
883957633938547
255894793586594
14505069999965
806075758361467
635324737391591
326388838501379
149164937826311
939331180760755
1084118536404556
760080178855919
1085260590374689
115282277213179
353413759171930
592540745906521
340480777201963
1018933587804231
694377373606712
688267480250511
345614522234318
870087490217428
146426283830224
665431573263032
586866228635208
1072676151401075
839173745094705
492814253553986
644044565244240
847572278815118
393922875728262
472000225858174
653152555515339
1076765427833329
1007435601643665
166992350242036
148780438211263
990621775031010
1032314229857653
361976073276172
1107687983344919
253445300903077
954168442618171
241392520579267
1039464782328733
538220594252560
663118851261136
1109645627667839
321138181411790
67519744465841
1030279364653801
388426424950424
785357702167036
1050342614933975
781602085990742
173023374093390
519738434275875
933026955365696
1013828826806307
979376475315339
915813335134974
1066882892374486
709255676620781
171748606336869
64238229867925
832779264269389
128789721960643
986243001871247
145684727746409
441037658599052
229149782681215
822954236038570
167195754399563
986158344222372
89175223192912
358695274252128
716153517236356
12733502767684
1102555565709107
878820670519750
1102682219100477
99108985490077
886017049927745
540262317725638
533731294893211
752871629328643
669671804388241
707387436922090
546490146362912
480459914365019
1002670010408827
695384799358729
256905954760398
201703756106847
687343218568665
508968186765437
999888046361164
964953871869640
782421598880585
1006338877151228
316963319889257
859535759502392
139729776485248
566108040279709
219595805745574
619778340062102
825982158728041
194002165519251
999474922280819
812155623714705
669995956299190
173715535940352
643826290168845
700594777097193
406323876036968
159097245755554
160129206406551
756348242519214
1105108683421875
163084841691108
307736090299038
164555030570022
523083052497645
635766476615749
946756922248080
13876723830947
925821590680629
438051370397149
831887881406852
107574784482948
177352769889890
116151716060375
75160490132766
370936871603596
697216928878061
949715514784742
738974314476083
1004972091479462
259403870856304
220073308768646
1119441953208165
376961789740120
710427145007965
335283843977861
1074031736017381
900769606078674
370753538324238
101594025686626
171996584499352
965237478650271
286765596316640
362839611829264
310159418901350
609002705168694
1052208198822028
197660818681470
164583511113013
420202253960203
1085182216328986
645021562027021
1115615865825736
231329450123588
387867908820856
3397816496941
836177836971385
38630370318456
966902415951425
391680586663033
860476917987188
17709964415338
855936720533847
988451445782496
152440544796910
486413119063920
128935410713669
114812037122535
959597068786311
458494714974215
538085190471925
1012605010860263
461001707481393
587493193616745
978839983736664
843620112416374
943623546891822
269398293461502
799739391955627
538319380936190
742413849603733
299480214089221
292186021347330
91947808895833
838825160129748
1027786577257374
818185284319525
320347088191995
335203477702064
936231307135385
832022795223919
833355377199046
1070005285183163
1032766305875862
732079055156290
1105093887996642
869043144826470
330554372498336
1086897003845842
884259158592391
898076738271667
80455359968781
801291732646770
837810255487686
304603172962430
430848595422471
591350389843726
356622560417358
258045009969313
1034393526314458
647121938956032
657889925288796
190107941350828
207177238835758
913589009248965
233752531649213
450545757038590
955538454335138
829227089777176
888364123953147
598785174849850
724378185601724
307182263738012
43514811360562
1047221352781312
237417105757991
872814893147765
69479388126212
1040366535985454
788049447325308
102178383431617
724008530514811
389252277460105
36894383149523
205168592819296
578470860266791
136058444548539
132053941886768
315116296941232
593730306255217
16060570802683
585662041488109
917075856393330
1080436356532315
674460782369621
832551722091944
493595984187055
987626016162857
1114955092365340
804927404274827
909696368191970
472673754994237
112587623020095
76563995354086
890119437332166
678885826119942
773030428632610
828729295132168
310912630921317
185466888158613
186678139339995
968631171961279
466915259694456
314029527656098
485068079501778
976573969628578
801565320369553
690279678072489
254742516599824
128826551536450
424388204396366
351367969610026
240507865274642
1012225027214267
173382356951628
328705990235710
900273196554196
60373157989315
576705435609300
97806723478500
194235311787470
1113921874716939
40581776589784
638479602977783
158003770691319
332079545506444
563090645400675
750845294726612
1010566868138973
323947961483501
13328039763189
1023838362902185
998830588631563
139682808652869
309990827494635
1058131676252142
449636191670499
897116962990619
863922216188161
201821415783060
704916166954685
716404954782963
767267384231269
328616489429910
186293330269934
626004966925112
218822309853552
196843795334707
680456581471700
445151853156777
839351787798790
1034467841218754
166626603648563
802959951165667
52380485990592
891386238117293
647808611455341
876821724942181
730715722969086
413296819928406
787526324534351
215335555449942
990592152322531
98919047741351
957547708972293
296261067646281
324275077004501
129974667897247
385290349158372
110016985368325
858188522759195
1011457833199839
955418492402222
871882823770080
793759445872713
997592433717613
523421546800084
796393312249350
282725512212908
868118778196462
993976282795770
822161498006143
1084225961782882
395714278763307
671166333910906
109042558796909
996764930403251
555209709302168
358766915095829
112502634264424
206250601137246
904134648344689
86732931248745
680444246465804
111006898191491
1112250964876574
831444889018334
224355164225593
1077646672667129
1020879088843374
242375538826191
612378993130054
741386571863071
515072826857630
377722099198639
743731335702051
43884255377072
895738465405938
642915315617701
947550272038521
702203065485655
943750260965267
898785683492513
1049742286866129
354194765709669
863393591123834
602429445356932
1015387719996247
881248926687732
826880465403267
1063381979814545
971218953903538
292359457114593
336375004442230
288733931315666
1044523366654978
335646277273988
574527505089927
153018799981067
591456610578353
336565819515007
229392732103091
765935570421457
972630010187068
225443779501474
677873963088772
545120308194379
596462942101703
787870632744561
949974519359127
515106654452750
785907495937339
266993491999605
1070579811117368
711665256735665
505386766097200
202299896278828
160166137356838
808487899816344
1053740616003485
288962019027214
773095054513838
20726642197790
829291345428770
943758570870368
78712546856596
203249168467901
662707856578458
674079091623741
501387902696635
224666679794979
751744286350120
529814370363665
348975304510057
278040406105562
54467563772220
415239764661375
725099307097012
1068611171776311
317221909833497
309221206080846
557272080523115
994297530652758
565915737954314
613998684602174
596210212793787
1099495706330793
187024797459827
773670043144829
48596627596618
222844539290511
1104388767852868
700936439417376
861973981461185
259508206733141
397656637184053
1101612827078345
352043151528726
87601283903761
520935178312549
358599155230710
445086591724671
212315791974097
563006395894681
871758574633320
192396003901921
588667388367142
1065426886253218
7932775586433
139951662074076
979885054860240
593406137125409
559496231321591
301112332897725
875615869080749
357204060820876
462889846258891
515559604175753
622260315581638
265631073559489
944272753402972
230690450931027
772699082177349
944325934428341
94415241932271
985670530759357
994439870567831
247516397008785
526039140049433
1031928417838634
675391840844453
230754801753696
816656803812736
628342411964516
985267070804977
354470249985058
875162533317080
92420692864904
128362118042138
311929092327772
656967863885456
859065363754922
802816335659396
1018455650378003
98670248782968
871493580580526
1083570636096641
1095491465814574
350856392399098
117116218798666
216713908930839
410095008110582
955965620645371
936370914446415
1074327349315837
283392051110448
859305695886116
829010315914849
954103761150751
282085703564682
940052955985564
651893886560443
620659090406905
920454030507249
887992741369275
561417173606054
71978428292769
260713257177735
127578504172525
18998125863844
442063523506359
490392529781194
316468224376322
841365561428233
478683478327981
59283942766747
863398337191938
1057380370063083
736490619408904
53203888752019
23122280881153
70682271566398
884793631921380
359519250989914
1025996922877419
312341457761428
547990432667475
115312780294444
442753377379635
1002333244152948
645532186329472
952748621486719
1012646748513201
94295303941637
620572964176587
237710772947427
476279028588711
48638750321135
682380664640199
17713706226401
129211309546006
460781465953333
620218533379216
308757825503664
823940258592463
588549357454011
813843650162547
584495877341602
851613027037389
559837313753876
748022944189600
152417050700447
233985611492498
1051159789597994
60744418193228
978722627431187
461688671226319
226061691785214
635954524747122
426988041045914
1123120468846881
671636172586498
248232075395556
128008130736479
364847008648437
982471431048537
564165880317841
830452575180853
1001435837356323
1069990420546315
1020597026922362
660480676147136
24265842650198
130089343963986
927072132418633
1059760388249043
1093113877131805
875365279490229
523207913241303
313823874476423
359614466051828
771636027607813
99056644903885
612081200359951
215329033533768
173498268213696
578037988517439
997443156485336
206465425624211
505571290966902
716173384013898
86533169914258
548671038231798
197845394808021
69517915157525
54377114298541
274569687583482
565490459837291
697718557350838
357354184268510
1078413131995158
313958981413611
42131246309330
478152818173069
998341459403237
454888592657149
807364224434108
470200903777762
970069911391244
504165166694720
427696505216591
793078132525309
748438718869164
719338819315653
1065649964619705
266163135432994
914938542014080
882438051298489
598273286932219
559270740775030
465831104999573
374785423027417
971279086714842
983706630197961
713686695518153
805038753030177
447242902925672
1114121379723514
240122348474758
409745238758373
935697679929382
497978872674105
63082592522196
670373456268661
904333323598178
791449802470448
512953329903498
1107978438275749
832934208725935
289487347998303
528012315779138
522662708640235
574531213479865
1720343596449
476851781733849
895738999978362
1117818075920472
386451896967125
488800945575992
341520680912170
1043589612264730
42539539376344
757727390830719
839460231592858
1099428508274091
509098722791712
907995793930130
247257944925444
372840097696879
8203951056019
619523124892635
233702712085472
455979542747883
789618756801505
792530257765026
74770247297161
878552377000028
79633014426449
748085571121531
1073217303469293
1098611041639356
573085381049618
161250364673311
117889626261090
826136948313349
1050273152238339
116362547530836
527851918337464
218937160849749
13571776767714
888418916845272
1018506198505151
503816259965045
249839252624729
810417650777568
973660219608064
323460292069141
243760399859277
771296287656316
939677997716283
242310622563861
60306163435545
496396689825130
679381882633606
100904639162009
194259624424395
704095446217507
853039620575724
499465834811090
589378485552912
904952868528124
706099322007627
86174159340887
407863808982240
1027414227721401
211464766768798
749362594411626
1067979430096844
865164138288326
378805163804820
7102494177302
1015350523153393
451447359963532
481664337834987
145439627201819
155651350480355
1070025535721556
164157102122764
939019806826747
233329642271502
146418504757227
370864514420103
1080261756404363
367138717579162
918785789479173
616584716552137
371693296497635
466629065327230
189506853615137
1097479426376129
553847818773659
1051881707410247
1075620262083510
210159564844273
716854733103313
890243702123386
132111315848265
242866277948335
68547794307513
993850672968241
840661428936209
496301159764648
331616615700947
1094174054338544
72256944283317
862693164095335
414142562702305
346833441550622
998424464175155
517014974188468
569408377792970
354854601790577
832910960923245
601451030088206
447917099645143
345616247650860
647953528876136
839283552818311
1062134488268325
302660630099818
513225308170427
433877276199606
684495642100630
1051077080662250
147640894755906
83389550982257
463134815501777
754716416662237
479318179103116
54768450510708
744711532060756
550242775383206
82390013820293
221878151795085
325553306292185
351068346735295
511106724787182
472775316842254
519956804299675
246262865592023
736122118017701
670320460316610
639425657987685
1041339365405141
928712420080419
853157772411834
799131454171934
350625494605603
745862105306187
1019964917171982
568035247975046
440870534819503
631865359139734
875930102878787
698645966903980
128110903544863
1000353534207716
294386858122776
743329466403948
420604284114582
918157204039972
944866154229417
713359784492351
334489008927783
54007198116167
227698575748776
130612081620584
704845860897460
960006266498794
757861048002335
1053181917338366
21580037526035
421899581492682
1017732990448338
673217638528245
882370585645782
221642571495676
1101996966688196
749712259163268
791423673654888
938285698339692
1023432549990535
1060507190812854
15325998515254
292450763677498
237559348032770
318877319235156
435282716704783
1115790136466229
140210895355706
559171292386158
616475233043326
1001221219247913
675658180628704
343743160282071
1081412484588939
529804068987963
460577009099421
542645064692620
298868248883223
401886729908732
142960996816921
875293594348377
987881759997782
817661727199589
841389583936117
271003702650092
1121035694058783
29054512483997
804229675481218
697133187766196
592719208679165
130445384180093
311554825679679
701408977066292
921663696885843
581678582082284
486090037765814
375619625252087
111355480050888
769199893441863
378513473117818
958611076135873
215784514220821
1074599005052963
913895774248469
128154017082810
404983191256194
333779649833635
165805747752446
64610392180760
1028285857534779
249384534759713
777865054985417
1009650087788832
871576083476541
207881740801863
958811695600775
773983422092978
413767062778285
233564434647496
873723414756360
161510572521667
177005316803613
243103310719658
1053754116619585
419477697554033
785620752493929
464350086667431
580227499402257
439268820127450
289759528183089
1099773811710683
305044536164587
440283834404275
425189539776191
993599635500623
557023272096093
291560980010953
82184283293500
313301154205962
978214937804108
373060069283097
1049894737140746
758386813722561
281366421431195
599746050198139
369455846430365
927671615518540
998379801675950
547710930907810
946801249072640
724662556506922
235861780629758
110423418660585
344565030218334
572534056455172
153718574679358
830725902512631
446341402182324
1041166140953619
741929822742025
766846096751046
691717402743463
676460781033619
423499111801059
855618148190976
827861446398534
1083365503368868
1001736052501710
1051859322237331
498476274173819
206409476826522
678394483683039
909557127759695
1121449536321167
805905704368588
920634520712953
694874891460438
768820639421940
968087054768361
77976573931347
590123294249649
375105467859226
329891645924875
343916484126532
706741833745930
647670769784250
873387397634921
43770268458928
632453056644635
617791711180931
643971978682348
415706076052377
627332945500487
474444301231178
420751142920583
1103560997543715
773329438110053
778669219273280
780185013044278
62905229940546
161671228263108
1039512593350260
939390661186470
180284785514852
154601664223435
751512298202592
433896702542229
746094125784
297336442702042
578917873113620
540630316199340
305736501582649
872694285525317
839506347932714
1101849836265440
261387494719739
149774269480956
412033140288496
542571205559427
1064369908320277
447868095686068
29559792753772
958980327626098
772781117315496
185463714146950
478131035455731
388310157452316
288811711475228
785602021076641
454438462080750
192860865551038
413509930997669
475941306279224
807049556578069
1059580574884288
513053046085807
803635913944403
1079926456607839
1068568165918288
823078434606122
384907805283663
1066267318577522
970571557235799
442448486820015
397643029632339
999153402711602
666453921061683
839578803774244
1080558471401398
386409728152392
800302052524101
430123281490201
344230912830665
233458161172581
43059972715399
465325282608583
1107659210848257
792781438307722
79873262168471
234409184480065
788253727562393
746510659539292
192278258868271
1096416359477202
376283878092373
348048243032012
492249443640306
362609376562288
757763920811858
693141225211886
232271602655427
898546151586582
333076242214445
670771769624650
869082678685627
849679751600021
581390973410179
565974421667358
100681269597383
194425362642447
60986775848547
222227233458899
936103691976570
616756046223672
479922595880993
434517917248877
29717108443357
731750151799450
756079080809945
683664863783110
494334654629645
410087150856969
855774630279597
943485716111330
947415869128923
178458565229778
3087283853624
640436352554764
801968128226990
517025941963059
217975960644923
412132407124888
716845253887739
722382082813151
396041845575122
228545681163763
500775419304704
1104495298560837
381180917514346
196977731363415
1095502174958086
1088097023164050
987758353259429
527514528713518
79567711696679
702735547681045
326358921456586
841139464922436
868768857941277
248842842221882
842205677881822
259304095688120
482962833502121
933917730265561
280113469998628
61908587200167
170271592567034
1025768141814215
702891614807875
1014627314315500
485330333239828
919132147964772
820929820011784
320455312405950
1005881294211734
755036631973427
101012738611738
1001660730856571
749421386513992
325072019983215
606562777490036
792737535433183
496601353638126
909359305660269
585924240108983
819365565921802
831653809458056
288315364733906
125698738488369
457398962456614
943955773326655
316314502658017
665249838271957
436790265328374
535489414660836
907430684654568
396086759692849
934499541229217
309063542623998
241788572943062
349916078597943
945454197831078
1069487624399344
1031026354940039
747513223418177
681951364326046
639706205641261
502995732093836
237239824910326
299232892360935
312311650351402
550771659876471
878775432329374
736595663301754
458008115105384
902027610109771
314105874345461
413868095512921
212627444242402
682928854325686
298064542768358
594962721789489
558460782646457
32157501917352
868214339366689
298479523220048
81019624149501
422622060410530
796053574900509
973863822282789
1080017519655464
259912229643128
159514628476707
884976983106101
448502492692892
564861008804288
707343420831156
678191557908490
911028645864644
525295450976626
990241678462364
365731411039058
789903271002375
684447128747157
260755471968294
915912526971573
67340263827217
572893680526772
822967143178354
820198214402275
442174824456994
836781510914501
630678101780600
100947272330996
755237183530202
566834324947965
1090412226842213
1116973048891722
787862879514727
116333652972184
822811658233153
613381125012767
1101269139700502
159863593961816
387738792502176
510281595639034
979290494999962
317727546400783
663603383915990
428903919830625
493422981980227
134734028613040
785201592192432
530052091611009
993941914990530
298241604775762
131169491996326
83780898331157
930891456053029
92044897899081
233689723064891
612279270009037
635453908268020
589156754695208
747561139352776
784954195692911
1022049297137775
170989756917356
325333314301843
7846521694291
379512966514334
873599591136612
36991770196133
617278679125590
531303790143781
598749531857388
135029885300483
992178653365181
170383157476817
242117847713232
193799154161888
542607172444014
606562090251572
620969878528683
911253826362272
441572586922403
908771082482263
214597904709673
935094065209372
338970648824875
12731221030402
1017421787119573
248317546678225
1122901880534656
543771021830055
731129726946610
1103060907005788
710697548340967
769474252228813
535981289532619
538577035667483
354839967227688
642222956650914
502064579490908
214534683567450
718370903419091
957752154730300
749447698184598
412357633380429
237536597085362
360851341979769
42478117174689
277356330861318
505788079266348
461391004812441
836607535317482
28987725753256
240154348145901
983590348507822
140902768943720
988881419533418
155607449060825
284089312061941
537246663447544
760394540732361
481917783162963
1081043870574854
988440779043476
824553125178877
897007535246537
436674678461580
624742577095380
343775920341241
1058550434477766
862543995428705
970484991863627
661581209078241
986690089174892
42126577756155
209867596375932
977449557565171
791959682981309
299366089070726
222870682203457
922656658365024
398822025712409
912660291082561
507681285989130
495040373511621
690392732774221
1116603704695140
246474311033747
363408965051809
769479672214499
22174211213570
361458527151905
361165304513146
345113652164280
312720570696615
797963390334198
755380108744237
599719091453098
1123562491218584
97325401897923
435908209927953
121502374687018
301904998833830
303166629422852
975664482482522
950576292614388
518449633006871
863686118335581
392284806699950
345235217011340
96065978578366
952806128003881
537576716976386
380540611233793
658243679580885
752913060868605
747737360822594
344796225087238
681175082613245
684995257104490
218577601482194
72948039432824
754927744001301
606044910662346
987232127793130
410163071730159
596937678878151
161616562875879
534703026204218
696537158805242
1044444764599236
788110801094458
1125516307342549
763288265062652
225712768016490
1044274356854919
1071792810365825
655037688565954
603067925456252
311269424099529
158609968650713
1001822233825215
709486842938548
897900819542496
1099167549501137
986654786003306
804455569463078
62537994736587
467789159187659
532247016588603
120552885567200
1071142587038772
364342410811445
1023310405105983
931914413069519
926326414373600
494669328117457
59032081676068
420784984076785
504969293402260
99813788876699
338578470895949
448615387497942
124180896770706
250693810549277
742292845042614
519343519311503
887094983727396
25918068326553
239485144692335
860456250824040
210454062140963
388146539385279
417803685811250
77125750340666
1059771071007588
605892754704188
71105559300268
941622012657495
740743658895748
708898771681542
763262456858350
309185053102775
530055212676283
488560827091999
204325171724547
254794901393078
224581435134200
693950080236883
626326631789141
225875685377240
620419403129384
509195684844308
129444059679474
1106568958930677
1007051172978052
343981707942343
1095369750414839
236686060350403
33642422087320
233555638514317
441148663717592
609230598887450
116406928010735
1059622614228438
266248046706767
790418560804734
1022739601004535
625055176856223
799532552289274
945822481788149
14982736636098
698198465885569
249762045213909
722384307285945
970276781745763
124520092468016
412266845434583
1052886457665636
267606732510135
1062246474023698
141573942811762
716407122593178
887060328051299
772374030888515
186786323789792
583638011297884
782357647615812
148558252961979
595969177131453
1029775058785086
713640988353056
622634957446471
327187922014279
195353035640627
175220672410085
471391857689679
1091763386190828
190883172470122
450278437186230
745541043184835
1022708013676732
866228707454900
131706722748678
913517403845062
446767084734480
101967902452794
970228411251788
365275571479220
695728599707040
745141472674654
275286699854984
833637608050915
1069427507496578
308467098773967
66475395887031
299513569221517
650539364661572
924901476556434
745344382605796
363650331309101
1014531220244703
412532163830971
1030126398438324
958975188799774
690811869198320
802733295681189
778909911866270
571039767505758
657874290791396
460435083089679
875585249779964
429429819184585
159190111632866
1124414135987233
994407908376538
809144104190313
376236343775383
279757086913669
821807563146587
830033187755405
432592011799797
899027414530503
600345447559930
873101735954456
677563269027698
263487625529002
768894040298091
886701337281774
781561090158680
946967153927115
380169615448132
172100250795245
500121414965542
248756576301996
246825316291881
783239738951203
220839536757265
795334664900847
786977293173054
427916610377206
328977564879702
277189314219337
821203497613257
295314959429256
1037280133046440
765897016451529
1027407616620543
208501860596945
426272260080011
683073848038110
133098494388263
762118233130009
52267403100388
249427397389702
27334974103536
621744033368590
690219571067291
55404442324487
203174773542266
466835291963539
158544245228987
867807277405790
11214977808465
1048926332229668
342793702802924
54923174087867
561785050151237
1050738309443128
835051541609815
234786891821922
966464574700947
593767713208881
619864899737063
160662785119115
480190613368837
256396024096849
1066264905856499
839823501258137
364275347826128
917296036221369
1063951272486332
894046549867329
615965610478971
502114270712187
210404466322989
273616241030751
965254666224250
41438767974660
6493376446539
113259792363872
927399163643555
576281793258688
384959067695260
1075558762101955
1107889322791170
294145300468666
817252696709619
632759346363962
1020213481961034
135897235870725
240437686720458
289049095005448
668734793286697
651170395742720
1087706745520992
333235329172009
760490247369184
418553444009921
679776927063119
972334900017717
953590099342172
58917905852501
207278706507057
53288779095572
70733695066298
227775674556409
861524040815004
672370569387631
106478615092729
754209358192056
697817718276408
237291027570616
822046312757638
492474586407949
667155169689782
972914790931291
528220399602376
249028296782056
214028732450961
990291464439992
882530691947042
677093595828010
717980490039710
978691116203744
946110627474053
714156632585082
589005484828054
808513508237865
538617263470821
823042755687040
652635849327540
496812721000429
627093977206793
672259538996708
824095154324336
227634500611396
960194465212410
433605648167767
390958126628288
220619979593505
1094715641522034
142458848073000
149637788221175
873796073372249
307711004139523
566296343526570
913604967431784
458047554844853
1081995005714040
736862695798983
44840351621803
677445442239507
1049525457945127
783622377114889
851038359062432
321379364759231
716660109990631
494198463339672
48250124592886
1043761426146569
656163272171180
350472165258961
455364366313250
129302435765845
302025012308703
524110401168161
90875794749372
278951418642274
418102493892722
715829597428658
421273558619639
1036534869768957
68994655039761
287516875066945
72836364570593
454508686488009
205037816502621
64709815047367
517042704598333
917006687531597
540222324705407
1078447593994126
25386651491795
203349421939174
206446271144387
162090473105761
259148188022849
120904174671296
1004439259303984
774398027805272
845682843098836
232846683783277
957480105299679
73954420105291
233160248351695
523399440433080
130063358122958
270493078777934
636358762782972
199303922472305
505634936644523
104520207771265
414346153776146
954111133297067
84993686458826
338497243774859
344541053150443
852727514888936
630138070723541
534162730831754
1091679702671713
661801460953782
400808751291434
1034532619595289
636529046423074
832486521873981
270143655354351
368428963414449
5161299178909
1046656821713741
133192200000930
493664423840480
943511931697037
161789613416768
234174239839938
190737323144296
746332315739008
413719360992715
659564243033275
793118913030323
202323494371226
1076721616760518
890695020301563
707016393763627
786954211291311
1037872935817132
956019274400641
680372162571696
496159171388561
1085031086640616
539776429860922
986755805835478
19617413733585
820650804111355
333822645499497
205109303641672
1016062462489489
835410774808757
487712952139639
469347158517775
700638618840315
358121971463775
1125106627142591
638597816918016
752336700041421
834434553926593
471852732724737
1058514785765116
402994389812230
537783063951722
862932951825605
915839594148116
90947980258342
941730936163548
610898875623169
268728520731674
411621218548074
1109323052217059
323600427396970
719360057878335
176769204875762
725731790186966
905553081594095
46986866962768
600787849108648
711269201007141
99914214020370
145148580124810
655971223126606
893346497034137
491434669635492
700809530513152
473869939002696
582728298958119
577231225768496
318833132661329
420833352930386
315879276454400
229146510048025
226532971225045
1112810817916387
331903034788850
613611206085317
904679483227509
1047864743052686
577076420284448
872601828973875
585752821299313
425199156818009
514751957063435
52996439786283
319916424297974
405325453698086
937534842870083
632130574738885
434867444929925
392778015949929
427464804751986
505039642880674
897247852370031
842239567946843
298664972782308
1037854866177688
158581105644980
140521767638389
704582938048007
605120780653468
201171809861805
297349856715750
1058130570890438
78137322014095
653637091785797
656696057363540
725831265502074
521570004896549
82554914699338
781818198343719
784708833668665
98698932349009
503318236405602
472785002982484
779153718350753
353015238528590
920791992598531
1041685745595158
105204248335911
310923336185694
1047394473129503
496003301050061
527461981962229
870162205360238
299663704962466
680833601577184
390912995286308
159282531569509
948146318028024
690123096655481
648105156098527
263189805610726
529920090197471
810773009484436
295447002223164
863873095859984
1104219535467857
461094849136974
1059449619065086
752469367916382
377022456728931
1035498768265365
1069925727496722
143104609204805
628345635729605
164875397712439
703542726294475
210681095866680
675809526095805
779563241985915
160404481742663
58711791845803
236762095201210
950474914733576
910207855146421
166864399562280
311895878876692
987952037905594
781541496423850
538050019638909
586511262996680
773378052573691
877351254865812
733833133308207
502178890327654
846633875384243
241364592669786
383073321844385
222628659515672
604930219587899
921067583228968
848731849724255
783535397265178
782970181147048
108709361662115
369823136757409
736431990811339
918238448410467
707141169760483
113075621146052