916200413703026
784635810232390
737741787993142
5676285120252
795809203177408
119020022837573
571633225921103
383282771482657
851365061691512
186474406501635
911574472805794
146923926971812
657128922151646
1069471496169806
127294551328046
502646828846251
968371571664411
716964170408969
465889700037424
818375743031319
722823676055042
116888102852704
559628266189429
683878641333123
929717365660137
137734840806020
174842537432446
631682297299394
159709213076852
771968087189313
880038995312714
628407741683950
411188111299642
452229857498726
774796951703709
1032154955359007
591661773279164
299581935262091
163248407618675
585066110735224
732494994145396
827764285647887
412494527638812
598652090340585
400567348115814
650158170942516
959436094365435
573983092614887
228763387870528
33685701222153
127468209297427
895077378921199
997666560980951
21287171275191
52895487305931
397765019550042
211917629694399
639520582908238
136479785501753
694346501859284
855360174443200
796478982516837
610634384710065
821745722090122
344632358641195
668098062565141
883418005149394
792580948370172
800972062685461
474818775945691
692524962544178
572538504987399
324698821695944
116704947015283
390758332137658
201321514545604
175186167155993
66634428593600
423464713823152
378472635463878
222069652357113
650238091794165
144275935129634
357395502656013
752805325831373
153890002815336
1041241584089490
536920971427534
676448746599722
747166492554077
38861664346513
899020135708812
1031391261628151
93203931540027
439350829955704
837533284800360
798270744410240
828929089770941
24714832780212
537575150963212
980178642044617
1038470493606766
149596705082881
1082634009203345
128482004847168
409853342703522
1088454867021075
80469411835916
326722630915099
988430115119387
459765653028893
519510733256419
630675937987973
942663878798990
599175769863437
329836339606120
810557747453476
646604945438281
557004646487004
512994316945375
968169968762573
857647645509284
271669548167827
105116887076623
148125989775732
482704973525858
763349272316562
159887571100497
302284827011389
584081763040093
444052519290904
90914453910898
416158347052961
934569606591023
1004417934874327
642180741786558
900780774936819
97625322353184
1083321761372736
380888123230446
436314682223398
117921624970268
666477465666643
602705198614880
857769229595043
820428502462452
275661467453586
763456438621025
187844718794904
699102080242073
943348108621537
198603480293380
11106425300110
1020325303982283
375699508176240
367741966505802
659159292094206
179747041484107
675885182326086
663556589004711
688276623545468
827208874495480
71083951680970
195337270125320
1014067170764701
656698196525854
314145251355623
442685831291186
471415912554246
43195357411189
1114142979957545
803257282722192
1053316031993585
328803197747219
536119635359502
975761438160448
559194611906405
922943080628453
1016444936405023
764305521014789
870763101929920
336451738098487
210580509964112
73529574696038
1088968140790906
866346082604952
755003132745244
210039038482361
1002516847198396
598430142064678
714025224610315
236454539883854
660432904992965
58559208059101
891919805506037
412743123477734
308653826873641
48382425535824
327988920303153
979107905141604
228227807222216
831537664609889
1114540922989568
39871345029046
495784590833563
254558299718542
246005116679047
1082449128891358
244592999191580
143749435694495
227951277627268
544621830713127
1078981184623728
870845033758203
98221678625565
144129529429491
743709633407656
785361554220836
438789577611978
504633610152467
190546933878923
623682796794152
455454433260472
1031365161132307
815288202497667
879869883621245
845588073199716
80774900846769
635811741190824
442552095892633
688884240938082
476795449980749
19286649524292
302372656409858
152230089448951
374908169300212
390435874802451
452742467457090
139585125943278
51318541627657
403487266803169
605750908022411
661264521616952
573471424990964
714953895832182
887714797790994
524171928310630
1063386730222821
560558442832385
215619322893803
298856125109581
1060786655841440
626010005167421
431913972681910
1000864569460565
103280695367360
184403970979855
223331703468693
513513987724270
2297849581175
9088377995893
1092984943052618
70540002340356
898782649151499
915577190595510
396639866939177
685284366116346
391169356471735
893840716100174
48939805653271
1107865744026065
230715035760177
1023339175124440
590442436236136
590655283084290
819068465810327
610586831889589
297320911991986
114161594019843
102991278164388
1095306723438905
1106022714562906
1052945292236022
312446430266892
803119466048242
919764975789594
675395538672828
818453694240675
604567046183447
724473949845557
918727400805678
1120499110690532
977522490223444
251450526002216
374645638327361
826630758210995
492802826739065
696918536171182
432570784827982
19422418711551
134475846994946
162050568803916
262545601625678
1068222960892988
211542870913371
571618916928593
502867649095364
1123103272451138
627897845040131
902052076085382
990127477166547
726885988489549
494941684135358
561528895784105
705361760784457
800625245081086
216933102375645
329109098771847
341758700639182
896346638296133
607512306333531
419101832885225
484993130058392
666874740910575
152929517831477
608984102268159
741109625680343
325639530344992
713445711579972
580821923981272
351394177399592
21602791001257
62640212877627
567298774145701
71208595227819
893937190890730
180544818762308
102287172555184
185700256157093
407720206652403
1065025430539318
127812576693228
600598445549503
399455224856366
826727490921306
959312883870594
505749597694063
1002327940169928
109155211980298
949791712386271
779722237899198
810912939035318
608767314897956
933004605102156
998565325181568
756777286371167
123009122492240
485258864457282
520267870510324
765855598651809
711957916983911
771299862703833
455669123721982
112591956092918
661492135087426
940796762249143
33777047846075
684714888613926
130700553464927
270277374750442
86754006111945
385798420506251
440510539109832
856847946444658
434127616940892
1112402355183764
486773874676407
807125339693673
597572955893092
586251795733792
361658087490253
532405204613116
11688944385730
310585726521856
21771431793434
292278290525366
472850677980680
357995523311981
228753389048860
950008970759247
738040531176390
141182883424963
294024559873751
753953668985201
711072620664521
760108647151907
596562556810292
741184269434000
572019432693722
373039617975766
967916486278955
762497849618889
441274883710581
54749535927818
523389627498094
1012515027653647
163853470661521
1093175802367862
753469411730993
73947067889218
858189982900093
392860277006425
19002545966222
532185548224317
284228529854025
62686241463603
969993986130346
661569796548198
1024669863931661
922105695026522
630604509434782
1045449938329945
1068677549380924
409338623914373
356885199579871
210839491341609
392347044142315
1084820428415740
169297635975511
790705567906795
824357822028064
1019259253132197
105335074019209
409040602422519
275450438202870
908129523150225
597019325099169
898156239579110
932251670700634
248103245670884
765111458235839
944926377739987
741330786375917
396666470094682
785440509143800
196168016493402
968191129787900
815191963649432
936889950357837
567839846970784
669930435873988
1108237064254671
954641782247398
638552477970656
990247366932254
630057405229862
410140185022678
508868398006402
173265223872009
1035219390942189
354759165933396
1047260890092173
786637633620931
244578023459304
869300526048049
195389830687496
72393276479667
821168032354207
559023480309284
615947828259798
371805215662160
15856830591920
213337201765568
2226635951194
194264303207404
862057974667136
234339263741128
662509379922410
46024764607204
308164055429149
854136683480996
967781991085981
807645051413857
1110718809017771
950772049337835
483504782642691
956820766164833
662110827789186
624165081032894
9531410287747
1098974539460804
891163340338862
256637353965800
962864335009478
280935969677680
485223290633989
773070972087353
1017385342283681
486380311901497
947486997049958
131135345756073
790910232565422
417253355341425
24789383635266
234648497971508
517993954744892
664870827349320
476448299897643
810239487150662
556540938370802
929213227218725
896733246926534
654831583161329
408845046244267
376014876079350
1121145150060191
289712459640021
163737447638123
128934452961939
94452408788466
455528484157892
378907019679779
588050414988886
740048510771036
160952871396593
30867757469617
628829328917532
530556239740590
924591814457265
278154399834290
92772305043148
1122745799714632
281363212155250
502263896405997
15275214576222
748117746762363
920961042474773
930246611537170
627369421661902
882178743910447
203889726747492
1122431570864965
583937053117748
888128738882354
803148324233647
113759657787918
1006976805306800
76589464402130
418125045776299
226221250806516
867741747802714
402324118013810
515175513110246
815432247083523
126485110180082
338868889616743
462620736250220
1092354631780156
719723900615378
124487512004928
797363053853529
794856861345220
819084556916831
542788889556365
957921740331295
208320812850015
1000749526649314
915223180080059
830625781354161
1079717374923474
216777182853265
1032149642047484
161120213619973
778146073663240
810731902042265
872281141742107
312054505675934
236180804930761
384292477972138
277805892066603
991293296017547
734123695987479
407869959438746
938833062535019
560281230470947
846751073012160
1062674314315935
1096413916572058
686960403324161
1053047657787867
174547801984620
577558382565218
630091032285494
739479544935239
619806086168654
45992142780625
672828112448118
1031391125511865
1107342787041980
401383904668773
797884335176554
467544848656441
859416871528238
1018859013775861
75335416685763
324739263638834
733831770299141
749359955521361
679253301002504
99172998501172
3268597434293
1110344494921300
916779614957804
61237228047072
796954159368457
150841794182789
771816108244170
933988829440696
472959042161224
274511745548651
452924448549994
910803597254267
650768901699853
1052690243635540
427335154397039
621774489209321
312373383613857
38732422595441
564009675544185
1070754465361475
1016239626207553
734418570775986
659869444224274
613461178688626
1052510827462853
446095565767002
938962043865328
1122039394357540
587708966831890
711087925847973
558379560089942
568656302710170
291241792625900
388185941535707
409048661960958
687061245525578
593221575474157
886813086066089
179121647170921
286581791133399
528957661894029
625181997411609
735574601622349
1030563881455793
124661904350418
349404794219747
1043369995290741
730255352268806
404265747639098
367777331669331
1033686931593867
722869158317542
84251416066201
982209189600984
790175126034016
1104552730590451
477651303946693
345460355811557
177021530864706
752032720463158
713771143058896
645914777423782
904878613600161
236443779810378
764251516938728
117849980848468
452193260693837
765435070911764
53301318773894
29167130529709
16492881593515
88182764724554
893965365412977
104641785336201
842773434323189
332996928947905
213370516144110
921952866917924
361949878645730
40278146204613
260578354341040
526076146447665
499504758335659
750580961044620
907258975563364
1070472368873581
1009006018502543
1121160491136307
270103166664102
30373353929757
357568389203086
1039010594538928
907199630103699
940265652889445
1037313694736731
200570823265827
630241370637413
760715177344579
470592584071843
346290495349435
214839232008906
890138465076328
1079734672914159
698074640948995
589627267653127
577550919309548
1066293192212796
605058455350299
241572301761150
1071707709316752
651685338089099
94251959452360
657246520399012
477231282795522
1091179220939240
372922413064519
118327039523864
841118880413473
548055033107208
225675833451492
572721416055600
12086414598297
699791459198642
649819591437510
66886729630296
96043462231639
771838909682584
532453070491275
702637660862475
12263670156296
889037221272299
504947975211785
1076499153823361
529742215695947
946389405750384
364137965372310
783909587791314
978512925151899
1007198549386927
333394364777127
527923304733490
968909132549827
558075618122833
36178709235613
72090842600148
1029486006455316
594189166038838
353420638828256
131038146481009
985656651141953
115585037250871
1043049446794495
117709161886257
609622617867625
900567802305254
696039144654181
718565810450794
408401653437012
797371980366592
293001855131261
904526643533625
1050436949261581
1018002202107276
679747405191745
1053555835465333
1015965098082662
643736659669371
564204991181732
295691867125067
250256845700807
40913127981665
941619414686016
82650734707227
559001316335040
375999099868720
667847327056228
42250578381009
280877639106341
430998403255232
458418628952972
528920674134347
101721091707355
792857422575191
151920031451159
276438861475843
306861063026095
1043061084850367
683060981165083
711461391710456
307514924446479
286141794604262
11923206400159
824926518699964
951353234916323
675850601227864
943730943836607
98320314918744
243855001194297
659577435810077
567820481170333
353058222814406
686899876584087
141065427563659
449445684692671
22728817965353
603910625778020
1109596841745047
1008799494271788
103809808932296
581036290755719
44991471424203
72320997007745
239116643984088
1024006377709650
375424957987376
485786241394790
184457600732969
38493447523404
306865580045295
739995012115585
659101419225378
509401397291142
120320895302575
333077138601112
728010057567552
700779316688550
898428359582478
1061518859123715
426919230855231
235617600774285
715926837427880
74799999586779
1044962505386658
851157149548916
142457681204230
161069184736436
982246509370215
147692637380579
269841750022505
671518030559319
507472274221904
373418594149399
253794404943273
356222476742493
589804885315628
891224294245028
6993013976130
684839136736224
6467483579775
369908221070874
448765044379171
868770569115978
197976496361400
870281833160227
506459944968910
167637282049110
77510309887550
824745885612043
219462238783132
544644346268263
486936266801624
1000638013669443
709338259625286
3245603085409
835811811672438
49532037884882
630084227058562
901165065458482
597335672138836
269976496747057
1065435836544223
530797223292940
716898092791334
479178957175551
80931787881325
1016136561172707
211847378908978
254353127794970
845892043794577
9442055587116
995556944721477
448824178323064
345468080566963
879898605258962
621038264913957
171845060726667
674186798057033
425144382003997
436465807339619
167908341277946
729464422210168
451137084191783
548573129956568
660082521708262
350092987672899
774908231424430
581710404452151
725032301635250
39682691219837
708191137733399
40124568974540
53837210255055
322559138243654
1078434075483781
80776487030489
779631597911033
622913002520533
976725998361048
425542511544980
1035491753607352
358246409247700
395791107373948
1093825599278688
469835617549016
558090403884046
126461723901227
150574514006712
768776223530529
105784776120123
339754090699977
1003885031236569
78696861095864
387505831129702
311446870909101
1076134202019769
40869259396094
72057818972744
1087261084047930
172632885567976
842393731005660
753722664740175
922733532529788
287856422678324
576903635644856
241226156805270
583706960057790
977451748202080
750583854379055
441350767743344
2296746918412
118390098869071
599902745708699
540170526647298
949616192926308
224432547878262
447000407591752
668558927693778
537906665683869
736452779690245
954127863550752
57338241683585
772817229596595
582996030238891
443590454903158
611491265503996
1016321020957880
1112918155249599
259224216568317
260316538290656
469304485663494
482292687543373
356721436107666
961196380747478
713089903151258
434451539266272
276699160216039
392751549039766
997671612932205
1056674873230451
479284612461742
941546619557050
887509957156330
43304584769515
152772748761465
570317010327445
901994986120708
901836483143826
1027996741715090
435047992888686
782809508250519
305368882823693
1114279659268439
586550493225888
322025167142219
283123597950247
851153400321678
134787800533030
407400081284699
1031460798565108
840015873410277
172268082097258
238275051835154
482509632546092
461848540271990
711982168701901
823842530554907
872862117100870
289812165795573
198515439099708
736120506802402
287224883101473
760422626963992
878491953273798
819458117168874
349801038598572
34355550379142
287365162144795
96651579550908
614218577839926
1043976103117843
987740646735049
63026344532336
980068913621091
99836476982856
52353415091313
888000097930436
1034029916965803
861714465652571
560561626696039
800431512152274
75314686213841
789152625411549
873131083724154
404918429550942
325140572439356
470643634769292
892719152728542
744030449871361
642820036591445
729324479367205
629240658068221
836992084146114
847256746708365
479833652655360
218040307255246
535556951844937
709281714697242
1070049391350842
963719139831836
888026140646982
1118541902523942
1001629399790316
568310252088153
226672563746430
297916314035660
674486928209556
333515829911042
417175443131593
240528966503088
336838889154948
494836439620486
185892197656329
492213536672247
33019745332047
871915251337391
408627929349730
550270315178118
834534579993642
286501596437480
95969641081433
1058961198921624
545622909782601
1117099655759161
336469857733717
313891633678712
639148135284179
387016980963952
87643384780641
791714375805653
450563214801375
141866166211606
267420738720564
123488235887273
52229955806419
498103333837720
1092736569994852
743890499404654
35145337650208
627416570365821
95275795554571
1119423547536355
797970097067408
307583870761747
365672007167498
459121697049098
532814059543322
761014702348819
686685124838709
228544593047026
1051246552357608
268073067247989
379014901259348
1104243793737548
63160999286753
203516485363412
18677946961331
1092697263464076
285329854166041
500896179480291
64222176095823
632558452588597
67660863628986
458905387439526
703149789862421
298222761529617
36560110475987
896790793828468
132521926444689
162277783672774
26663039484924
316422501469835
162095488598866
277878813223554
496862102973234
1115513229347427
123103935523471
141771505769244
320038297768250
689542416766434
123155790178226
225058679525678
124118384006129
399052603747492
849039363954560
893049352463481
1097575427267515
1022332928227589
393050036481373
950599447055616
265967258162105
460865534846307
953928658810399
746023333229040
565356651409901
856996567450028
775687948311739
215773057569605
583148332531046
115518693932628
467375798955784
631493065404479
171222626991198
390660951002463
1070123621942919
448738236242977
1014455977355002
874681328568262
763438675579520
827455745785161
189000576154787
237076794151779
1086340529236774
1097724910780121
884942092235989
460300354769587
718614766224562
122381245718217
894919446260484
1031241666306823
17426539764471
461713216436061
670085671440137
92308260657202
478263004623519
393757613073185
1067131625083726
1064706620913339
1019841509623116
954581528173982
557690938894859
993156834791121
738247000796987
337421507226484
817184994984599
995717149331466
598155151266793
1016783190056393
850949603524987
396763608156302
99101437383319
106501947584435
150800630811045
1108227397121751
206011790033931
409361232472478
851076759472416
221279597388528
287816344218418
366793186038707
741235801927937
666119205347130
580389608081009
748253651567319
768671933838031
749320324585342
653539286826277
51346177003307
139533681965061
990958923277242
782239740794327
371297105168543
443596228517624
293236774322346
875858010701698
417701024619788
277261142840950
335374418058056
11796499244968
112543523744999
404130427157198
699982947086607
755598052447785
148183133397761
138698381436742
930359226989990
701963736659301
834695512529838
290388479151763
128358697339025
316769061549833
1055959182756964
514080990384904
221225213940663
360088227923428
275995060641559
297500291213520
220812787554448
149366098608221
733141649683380
988987011349107
635239477589172
2963498538175
529603123429192
869779686702185
302550710051104
1000107460965584
578922953764098
282753449804019
1075140163224014
719065109833180
778739027244959
1095937101262976
794465267708965
1068899852009866
29456033707350
833426757230010
706377224184590
36055104693055
1026012544036528
1009965974302442
197505734486202
287664616658129
982240398704737
291530048523257
280448419907158
41095684733344
464063631779123
374253088593993
749896567025154
582438165276443
231554359401551
669302794946373
713488817721355
50757946485955
972718240980448
1015654533487178
190228941095451
1070560658181886
119546124635052
275126977294382
276386120269371
920351889241309
154899523624786
262162042483826
434138345970922
686101609098572
424174129352583
160780204468987
896768753254730
868628089454191
567183880627589
12567414335613
1088110574818848
78536749110626
770540044135042
109590954823073
364949336118421
595270767101388
133785299955970
968638392710349
976649158071168
4036434185980
752165239103952
610121580180647
1028561554308008
838491005983627
233217104334281
1116431858975506
32200989573304
1110529865595707
848154316665954
400013040721665
643637389267473
112466551125454
1039278797697809
625697060878143
554634735104542
1111496261098901
186988917584934
541584199837937
911394617160157
224828705240211
994962105670898
80523958916764
1107038034518004
263194434871937
965126217092127
125288992572883
198115402526876
409373960712665
816225594794990
1113125700148216
1062264064722608
770275883483466
1049071566698063
464113934901095
514329737449249
989528693402740
857249771455406
488965890503445
168365901472018
310063926828750
1093655524740087
914444057794991
972274282351769
332565605378082
838941681513268
434591688294680
389170559376297
123947062452405
433603020230051
798639432936745
1048488851227662
475210471425019
760017300606300
454860124239091
743249201607438
423545696445657
925793766872211
800110489983031
937473413526680
932687086267685
635321956232664
817919295852085
393318152006637
594000229678947
242018699281502
686196076340874
564529694071790
1050193204066433
64699504448919
119741052719659
21657711304947
321402901973411
420813401698265
426089671938816
4108014488131
848635754054064
1057087858458413
995361217718627
841524435035092
102162719281179
539513590839241
952101177701494
882056449197798
718867948566406
1105248346339071
208710004006668
50627636318534
692018979266742
48860082045110
97355605401701
549605743879187
981335349838360
261521386560331
640453830011646
65271263781046
1108363877007819
67610278137055
490918431647992
389987839207188
708100811334477
78925017685500
701275774812206
387180240210979
835164613836145
687142261853719
936331009251448
38791953015776
93327376127240
725699368140333
320684907586359
1022136113728988
963911736197359
938823224783225
706446344147068
1089261725461007
492415972622416
1108740835095331
643129463153891
824397024296762
199857108559330
683298978563369
345147146852259
571441300791631
523268271720024
654475041544933
229798290680288
305526293397727
574417321759841
582169708528995
978767331006441
68211173754962
36859316883018
852074161625336
1032064270197218
88205442210098
28548567309240
763385560563818
949678832300357
11748012584048
979045299957453
563228858146447
136384700954964
699018486586438
1012381930275726
582214569879664
680506194864624
715687012176992
1103150997406810
430616168831639
193374928564992
24850884040705
784798175348074
1044987889178305
60269702566140
53916987425825
371610082279197
109979790326823
743890510370745
156554812452877
1091238548285969
528011681570062
497912949919330
502261633675785
570533277213857
549321471033973
456724197857919
687448497750375
563172950245235
392180799900470
571370386687070
1032790304612254
898867767619563
339464228109482
694107775764363
587937309643588
282571529720578
625827999119534
847602166944805
807560478902256
385182884667174
690192909968752
363600619624366
578801812828688
470656951669662
116005437062986
359234594415270
275889396218256
359516807418957
59435402335379
1080611551080004
1125325370326778
887654623533664
772355247566657
893283599112199
354203769937813
103953098539026
159910582596224
752019974584301
573958742531113
209773202297389
359965604020769
1059491245247323
773323286898094
229906847069181
845894423164053
206513796274461
732261530045788
177711624958074
54522107002206
172354057422047
57819429954098
989736509319841
1008548549141354
124092577958965
895952709312796
69291563635020
28673416012673
71628213494616
258654396089691
613966841450496
415586190988421
732530470009934
964656796802464
858953214039846
1087336197436223
336387680331491
33509499305077
651631584696377
468011915381163
630257365687263
344574094012629
1051413572564191
479393060955123
384781263411311
163129536068387
739729046174854
386968802616808
628873428212938
63092478201698
221884556511511
632653271590109
20952853980793
175108468872923
1109401629196066
288838861002859
222168523958876
128298465730224
1017987653442456
288053895195612
695727502186384
526150020480777
279167874633487
610611474430536
1109341457631739
986729872869877
160481351008206
874282648747171
207340403259847
775104373481570
264803888211845
536301031552624
368187845580211
828756730536139
29020678351585
40394170267117
485523211502553
136119386036016
1094098616337747
808599127158320
532882907786077
127981432530158
489789447089851
1017982889364622
779566868803980
574969073016618
986654670899156
569857308504226
668018390878306
460355825574057
877639169700963
660966078934201
30043758283055
861036545785232
524936631887701
449358316094485
164933015242548
157810054369878
804037771225531
868827568586265
678035125758762
93821647802750
327933534963063
1067508938459373
1069407289624325
637971376609863
584887459952821
1043223788494337
761088064897083
1022240141462597
52966760171180
711186801581237
1040079664577675
552892088214323
1023699734114516
764797347218089
120251502276977
443802129804573
391062324554153
662541239317784
76455711795638
563057956468388
7208853118824
438815643801025
434044444418006
128252962294614
876399289757998
299486882665296
477283498327968
759824192670536
609409359266650
316483345928555
850715726596893
727449702587810
743322070048307
204705135654865
290382695610487
863821490115006
624347004818473
915307204545028
47972561632898
887388269002791
743845257134636
380874639308032
316293482511581
361682175804157
710530889912778
669635379742779
22470513419261
160093591707382
875680752680979
283924709873932
867992675143656
686858807717910
359077430699661
97523270526477
884388306097116
654232970136145
546249027232629
982708037973317
666599746086379
1096448486163360
1000428713473282
920031331096046
650902701769916
31714591123700
177709925045344
727553752217373
60228922020978
47084777046369
572246993973489
206864138935254
675141078783134
156709115070634
631999012243516
50244922781068
333124646746387
30935004857840
702715583580462
191777767789829
95388732056279
400722084980382
689651021876333
443180446894059
351585221297325
1005517102898109
1101751216039674
448740360358815
42360799936138
838623917208435
950552378328181
662978321600611
411738436882239
85663285737486
951996719439272
758252280284709
680013259701812
200947829788353
544741931463884
113807596335201
911377040627249
633096772970153
132375772056813
136313055968874
618978267897359
303786561816374
386551763952453
318937891896626
306773886192467
761351702259383
780043468799238
359925819511901
479616064961857
524563155685636
787763423864010
770380374626231
272065763037828
500807695046708
518380447155556
779566212978278
86180114003596
922859581763192
300367217650914
734699579227445
566801623361443
1112801126567098
617015693653180
215108126314716
743988912142179
209409191918751
517723667538656
967188878921380
339668833292226
670375486182790
399338188131084
453901318145739
511219635070495
318106650479810
693193313427575
729412980723510
843114671275430
921258481882321
77575778384752
133104780993469
407754989408455
962160889108222
781037081465201
266253066924853
364396702374591
327429551708050
431790245743401
63477324881204
1066320717801610
18010625896150
429437421149709
468491151566482
846532267838236
49587734417997
574619317477333
209403784647442
76707383192025
811695044887956
908148826441481
708572049170867
403252621387006
956864897944205
62888160452613
1065722163649103
675238722465322
459500509947953
91172319424837
781053890050552
9889004181790
1001184971244389
695283821688352
786018550285860
168994077895090
879735948000922
824673856616949
682099648283549
646449753707458
173472391553075
1111492696290816
803118389386102
837622032138720
1117206320820717
262064234565400
343649250713034
1106983886809618
841711957791194
768668656939868
807688835314909
1125496088173450
418156789310656
631656368954772
57275974697396
876354794354694
1055552712598390
1008780868371014
983927029720951
66227671514927
671991404943171
760915868766733
10698600710098
669164289759565
208121571850355
869874246579677
981670822987620
335528763606732
175459551958949
132290477526017
242349582971390
338548790831533
489287303267101
99229266777796
808113908316814
833076720214167
329897074508364
463691809049981
1107243420621059
425201035109370
791394525390998
826077081624525
208624755080909
17620886878179
174546199421153
1037192620021135
15814845677543
502888482977207
34477529059896
550334526314744
944640656018431
168173206092647
844039415409692
1007112959397642
568364617704265
180361201838353
154837903445001
871333636205603
1090775780224539
695853691986624
405190208837290
662234846034121
1057510653653571
408320334807717
338319751287883
370039717072008
372038301589342
1035996147085531
409981905403316
941845051411015
337669091217207
1111789038204187
52935255656697
659759147989002
1007507520510232
500156892275925
582265155421095
55256534023342
682110910968117
10042870488301
1059067979044473
279095300751967
63269492351590
1080322038969078
605988687337421
598160939742704
492979259789186
738390390612070
894386486845602
52165996568691
632552192495341
844390386523026
698494126965970
473258400812293
669550294066712
806208234983530
294694833644253
540992653925313
323884986543240
217967657918387
838651889779067
722646471936478
892604127473371
403758344068106
648099507289906
652404421724049
513720207970177
758645651746384
1025083505499918
854607621333792
23464135542805
742026723400063
706625837319103
689042204293161
315888714956385
379782003462124
118255239290808
858585311530885
330451730707743
222049089908475
874047403719668
976210315799028
52103277907174
599827164174296
993197655866557
475897846733503
1055681463203463
692196385748279
129401881098024
490768600414568
810564955785047
1113450817880153
889663392230060
130517981652619
1110919979214081
218626387773218
259920979578891
1066491048208676
926109337755049
703956574285687
953071314649497
647495653588836
613688516161559
301016334737225
706138246874083
29771556608338
407263564967746
641669950921346
155086503041812
975193675928476
681721175830508
329656317880151
1101362956240174
925742258160807
728508669763978
270071583722989
1066063067230243
902503197973359
974054638732038
730076678949263
926185409329511
368004693053506
750264231580641
712078568368621
590223390710377
456314124670418
401184012441443
974661454684297
515448874521361
552995524276189
515302492920436
872658815847360
857288300503856
728585838053312
196083189707600
175670900021372
966593678160935
1073527743655480
969020664214734
225179683299482
219251621472938
1006462788898730
938215237298194
84990520764527
419001196663040
766458831837196
282141145964975
662406712339858
327142992336953
35604218265125
664117824330006
138692751075578
434145283615068
275119149523677
903312025181670
1118246952415620
597838265074142
681587256090613
77392388015728
186025237866636
1032654100139377
670542528946757
815003165737912
962935299628632
324224589206738
69268900571287
24143730359571
598679804083110
199842960546795
1089520980643577
68013489400640
1083827003314318
524971686737844
722615416973272
662654324166987
412582075177753
199357325960529
222287501794910
1017196984634837
135456770113714
561382406122804
437808640854064
669979239399346
23878609345230
269946635425406
981478133376437
591908037726571
543908706145742
1067342359417791
1110828601734963
237943537389686
428160524996076
332870479181238
532200653210921
96465974631808
271583640287620
1110167137950540
402070185744587
556831883564004
1111481183172710
619233085888150
216320454433734
915445120153158
639270179148729
587019260743717
896588943967154
683813731324995
127261870274800
883598575073363
934088892414441
574656121412356
948702307557846
650289151794003
155181074803401
1065308607754880
1020400810080777
978883187773233
580494103661266
246632888088715
404708323688248
935683595593376
49508731682150
402284366341415
89562277000742
712201892397380
1054466856436586
323172547988956
527808974410767
1079775524368256
1004208533670561
613984031126039
435207681720389
878973874446966
1055368295706344
259765543916854
444491837714559
30493076149587
1093359920090955
578902869355378
449179282798462
698274369692205
342707198757248
1049718471857023
818824152272744
11466961842625
346896738897140
797857245779363
414698005069179
169855958782633
848043763893162
220933186378885
35520658741012
238802213163061
399830787713769
73456645073628
768527424232478
238105142209127
506154271182918
4797517244927
1090847971282219
112840808312586
999604393506420
986687391416171
251604407625622
1090945346656550
771442678174721
158873797368040
317398240787119
65361802297737
512312568059729
1121430603292712
184855139588979
980563859594264
36956320719352
184165120221290
1014519381195856
387527992765344
820453455550047
1057026680778133
464266278514221
766533465822479
163048359141181
525096645224657
751282481804623
54296033692752
819554330249126
70210369549114
542427383854462
433158724693356
440561235518647
865009651174171
103319685492429
134854612704858
746212851054534
347225579584487
325937186992654
915213786654473
45660255788786
432845781800917
823487380249990
5022090265743
438911771848962
680025282630721
333000499532332
333407497654798
658142075907104
202206144957764
363592391376996
800448163427926
659262585265039
259669915712805
58687558510115
155501882893779
963399300860394
416630893336588
191824037993194
612565181890823
123809399056787
439592468966873
136918521473401
1122683320054774
343485386805030
394812960539934
420367691286688
816198412906441
1122101894732862
494342305009609
438794715091332
711492134632817
534998543357813
942798549953189
979154450972523
221025361588813
337858628335196
947213973730320
1078220896311447
658237850347171
151628085485384
730939482459239
609356648356467
826171195258773
969610337635179
75651555425368
471574776300258
968107460185069
318071288442308
902808334934252
779425492850085
898290957690128
369319760630531
723608486339302
224090901763860
147586074757865
868093258397512
122057907020314
531221322177838
905453982254974
737760082725848
496517765250593
861183523771258
317114899179378
989444257233014
283075298417049
123847076236139
117114397559054
492011442853629
122923324720601
48024242220947
372992816239254
112054727120851
386522028888996
22209044103131
160468101268926
1096255538964079
818485264160189
478664954956931
597560990407119
268092609884886
739296383212812
264531797563943
403843483861725
389207311960128
39834766629999
414933678681212
253153796413181
992568853909226
262629708811741
225551774855460
860504514914941
442992283681916
133598307738074
77277193968524
156406013848735
872297169666269
730850002424296
680584370012802
445540109374898
122941758872461
277876525957453
420327126198848
898268854113311
187682167416663
426998742582712
443187694575710
298743256203514
948868748216857
36778382812658
491096100677446
497600165511094
1064329921288286
1028252154068765
870651241813633
608989645686192
1086504090195505
96233720601939
947100745272425
471847264503263
964355382491319
566356971580606
183801268582242
365090744748625
114735115567314
277130772464630
618273240795595
816467441547760
868602091078595
192721480686158
1007511971306620
644833853129728
482833334033257
57061357636571
762606058239240
400088602809336
902693521427800
32231534983782
92427229156704
720422461964002
231613876436749
290145839131383
651308484731342
1115793736944274
279077275342291
621273185348334
143236632968245
669838298014234
940133992348829
272679271420648
413322536152114
1000979588819438
375235742082900
341515936792363
133928858974384
635000244473008
998296103324614
139583243165940
114931343830360
551065670147423
806163308899656
185168371137908
87872099902224
170553436574964
957208668018706
403716433710437
38172923415517
354937824839095
956904803575980
903792900412357
370641186441665
974034143286192
429240387867207
168239184415754
1063368894108878
1064155866778459
13987037842893
109192070459876
721931410391900
255674956729169
29878877242748
619351157535032
436258135148320
1123007170225673
412966959157593
1090425499570832
229454062777157
729027521023158
705780633484791
885316822968865
298615257736470
604823801671913
552418685592024
1052123114081330
345842126105071
916686520264782
728785047614064
425755827107912
1114529069611240
649534119729960
485293852461933
230707721312299
1012049037078941
172566225498596
97887878093595
200251339285108
478910299464456
820645966968092
506022874785154
808700633296930
29755641164725
461125435525258
323587786900406
66818433219620
1092326604947944
94541759328814
465964508388048
637865094367673
81632559394533
979200139158075
325958682276793
1031241590453903
373004056061929
783481285412193
326492890765330
315122831096264
801918355087693
978730186067368
1028783947465540
1026030398017010
291430934459741
642992692883326
698379433060934
290710653558512
957505111179891
713643422886895
798580387395708
910663766300579
75663814094304
202357246128044
589956495824950
503217688001059
752884260026667
837676241957402
249457045348115
951722468277987
844921005320881
365863507065870
885169536751662
1016936430896130
760512581751881
76058992659726
414276065557202
604848236339455
323551161556423
1049939992741930
1114443279288813
51670220390536
847197577454637
592950068980080
213937190031839
1053138683674279
464792182800811
1007888582881206
152975998840104
1024569593773405
691926092355050
430211662293393
1030653863705155
996649285994623
385490746914693
108487859226406
656139958359288
82998290761836
951895007124332
766088958086633
401679837558022
714271834515518
568283772960728
890482865378279
139664824461688
834660456609629
753851124661581
836071664294706
322424662467167
2349290107397
813620439533123
578423641623741
661933641373514
1005791895057014
225104843048574
193639477161480
893596754013420
946111515802397
430627545692427
442641493647319
136424815499626
1098923404790460
620389847908482
975965109226237
12299781686313
49979129684964
1123048225217793
830996023472638
121689215561073
651227794421943
39143042201415
1072917084423404
373786344232489
447448441108804
626366428849293
437377025765646
846715321516108
429728332655581
73547546263111
890209704136835
599086810669825
805233106194155
800037752493429
124373377254041
833537672765631
413877251586668
541609004835229
232735605501791
818591911400171
196603268993677
76737579971412
236516688718627
709356356303105
90800998189863
493867462626796
204206851750205
417256352293801
917567182455966
992569974441765
531614904255947
182380479432653
843061920431458
218612687443773
685335830542483
1109724281994398
636964286116170
745828854451078
642925096143166
31986083933306
1014200150103896
216176785084098
713450176113919
181654961116440
868485412304976
301195868216483
568082821604291
300147983469618
964417815915679
501466962548904
368446020043913
795532276160577
29869441313759
1065136816802302
1053968385209363
442900484873394
936422938273828
927167010082274
542908276875763
38841714366957
777501179246774
793777454495724
846358563646846
1070731100845835
273527439228492
1121279922189441
66336629805399
1013320095298767
513101085175281
298753279552965
720523251411490
815463947511539
518152903946494
44011144173860
370631347579010
792575128992152
3610279039841
648745499616770
842014718947216
502155650983142
795073178757500
339776831186989
645654395100830
774489438580755
460058348241163
411592916033706
220679518183691
941827401041568
227943447090641
1043758068388510
171994609806935
142738491872175
1108908694202310
419167359247390
785284790034880
42467589965980
97012249703406
854352787818063
994311572082267
1014480291154071
1053014019272594
942433061548710
31080506309737
1104079640914395
805169126625712
288637110809736
1020194014311803
1102169731636229
169506257797950
416134423495606
656658143374640
1012840817926590
939046186252276
153652950591797
630336617878551
433244393902137
350715381947988
647634860577948
263697470662338
346815457620747
855575006575991
987428422704093
182576287385687
326879534649370
665314026945304
1088030464222915
631707648163583
194714219748785
775148060631643
426756308313740
1030493408798939
1041973840092632
381436155111816
458008385358593
127398181400221
316097851586658
831021004240020
657218193582577
96442280025444
897475764918170
713735873573424
542439999959563
759767099729639
1042396701528947
1068328451161230
519179198381368
655787433586186
817304877015037
707756685898947
340315562075648
430688130229703
544090481891824
469331857069988
866948164156560
1001795829793662
397420354004949
169715903251205
340106061941718
701169665762675
841578175140330
503333736863671
175392455764724
412601740920802
285883524103164
943370160841701
834487621731831
408917473987013
503781070526413
970307112972591
1114258487573986
405320505585524
256175840579107
263891846402374
828584146859274
455659208660946
348313570273357
871645004893373
1051894803193627
584392183847193
793783990617638
529126206211372
1077925151090087
981167263162125
808891877060527
306751499695006
61305878225431
732849687220668
154439246055131
755534343151200
232048521419710
236593909449087
136116317979624
426936658997796
752507885211892
516010751417771
472231646169332
731025295380167
144848507369990
596106521512853
157250170411238
145719921524459
614102065781513
907357741902972
243888644452328
610183039967907
108643456534457
785514564058307
102872504762614
855830245002222
285010590813430
704232640035487
127842504107096
336222913939093
1010149850898703
780839802350903
107458835490220
1007467556323747
854966427435110
949101011764448
17932346883277
115197228067715
684101804360079
982583801003925
331596407879953
88700314503552
872349389889220
561766628546415
410035111896909
164302179871115
801035690818176
717293172910198
623853508467077
760616684663287
281356010540953
536841869532803
551542322221817
393189364859907
1027064119561886
756206391328852
547171568496596
728589340977530
644349188184179
92458248447754
965024430041761
433078281519762
183201378489386
961896439186819
269358373718069
54645225360508
529191049688674
913525978427733
1440920283771
745573112537819
85413206535060
491758649824400
286856925232852
965777463876384
50968659991615
306757063701081
26166331057734
537569188748769
982140788632272
467843714052641
296511024169185
609568056789336
25006864250609
683784034774740
386471296688481
493627789260242
908320645761380
746430626909795
408233387420510
343356511287789
262327128428684
690225962866977
403058797018257
795086104078291
1101002153511382
842456869507153
442216350287735
545103916791037
332466174258933
716614754626990
117634679401188
283994423465187
561923776837453
835620504500267
314316933574172
887592282913625
1079064039062288
462168696801972
955232243179660
217575021070887
305022198885395
906607845623671
1083984157110703
496233281479447
247187477534625
424781595699543
296343228131507
254760096149613
986829673597505
613167384977343
99437863040955
755432569275266
1064718103522031
619947490537438
130889208179383
529787650617565
518763430837447
957662335031635
524986818412903
11586096489990
1003482602349181
837741866239247
1013909740156699
238899677260583
318466443144581
798356118852557
1033223366716851
254806985226866
39580564998282
319924374554347
844404733619617
227823093551956
173964437504262
353254441683696
746935441748711
808934353191149
35037717436646
397529501436652
118529272466935
118259851696944
491878679248664
360412103675430
734845083650443
125615963291776
363631281202506
107238927628283
235877496139866
452507456613414
318159782065644
833833242862749
714633093858853
409856487200081
484273414714130
191744017487673
641895331556752
668833886214899
1091368612259928
40741384248645
413315538519089
1025485121916695
161662308710121
1073553571780150
612410480410026
853242952171467
823994026748693
659441499558953
764923864212438
442929900367040
724634949340568
1031985064431326
501105066993837
735603007528921
420905970788871
253825931189650
23212842589431
932209432441294
216413613999724
698605873736130
83512123625587
1025082412824881
148987501658890
963104655651224
953968192915813
121997673742897
339988948873026
502529101001065
54052332212274
837740252873573
953156805271805
221322775160582
8596523658417
626069022179294
938255979190661
1051541369376439
391938596636062
351482179815899
435435755271650
622428669382025
643056771725002
692030148835880
249824840915756
76667220323176
783044781175545
821183736951716
89647455701440
634019725185821
875411333296998
146284238494302
677982006254463
1041499962780278
1066649348048452
552761709686855
261112228221416
870736025417426
945281775407916
34820599242702
840304522893025
632571027113050
639188942066191
143215619408077
383176425794909
799437324797064
526058703136637
184719451705112
733295299631355
1016049156531402
546527099695765
361258116765798
930019360796795
753095658107917
781800688645498
254347598675488
241389013130637
1121214039233853
320662814577822
925538240843931
254458521084488
422692707861258
514070011969796
942417206811906
414637317579462
426862206200179
893485179453462
694322231096259
926286018679453
3710833140333
1016973762579126
662550964030398
466124066348911
988897959135044
1041151969989288
416317986359224
190049909451171
869232328408268
378535396480755
793066253342653
1126848742609
1016784011450640
41960047551374
279067565595069
817889474475199
243740077407820
1016591824451241
66534618946202
571744076826663
952737265359780
837867823491943
744630769631151
768144263950667
455452231320631
572181306319795
493660909594508
446739666542339
1050272878800636
376177946111802
222251975928247
34310149423392
889150768849761
117235350811863
787206623142531
325933635707043
711230889773049
191279501298552
719450724442983
210961543314339
125922503488369
420785285233610
101105747431569
89311563876158
1056327000514654
117966495383820
835639237208314
410056355904582
175956902420682
897292167590131
566870654918109
406483019652897
1039117384481718
712232163364782
493046702158513
1001089429275426
505183784355527
711343692998566
1097423120895216
653451559191997
98089261117132
129762727819360
785091134128200
509049799982406
203633840489575
1059363454781139
81857574251923
131298100084439
300948172020857
1023684606946547
288237032893028
348093518635145
961493409970749
191344799927010
507981968890458
157735731922184
818058040247458
430245085338988
1074201104023416
343345926380971
693446448167001
721752167035409
930054631417111
229369962476367
394446255119157
45307246526856
965379761860318
281759426884394
79508362739312
123053021316019
782227692323191
1087705724150960
218277435745156
161023743448146
441474627524149
462071017834332
1012882625775121
349275987394681
361590822309808
1064772703741364
526048474216030
565879968207842
405094263045204
327156931659888
953341484633678
572517824130249
742959358526664
320440263535996
25446262248746
807193960613430
416624809345840
1034153684276660
673088060883263
1008776304187917
291114541472155
289007807455196
1051032805056950
1032357536538590
1043114771068979
689281006029662
299857959465544
664262768571195
324029736677240
335720131710704
117349682108095
643011408446351
986665483246131
1024196189087144
167283474208729
452796663094354
315203009922747
450616128015085
381211226540928
519750109613944
539085426711748
594554368833170
623179056673964
222690703312106
599169075882795
836855408037416
421214275051146
736964878530801
477763666140807
607347262126436
730194793661431
56957895978801
999194459794087
1047837066660238
448162306979729
447309655606581
506906423725958
447805327229306
214625975736582
90038894502522
722385226876757
913412400173571
1111932010162865
478314315975629
763483902903080
784712715321244
92355212151721
360283039360721
1078409503709377
393534828422208
72857416500366
1110562007355423
482488938158174
10662013985752
1041556691146606
165762662852090
803248203926108
644940270900325
924070537718601
655092797972925
397024959115984
208042536321914
72749166506333
261992612529569
806431312366756
1094785334416250
821177563216520
560818759877920
1076364264447765
536362450502844
652038141475415
691320304602071
966492578325858
449432028833500
404338260564540
519047893525637
154172525579357
1113222178051540
520962849424726
963649403023103
408460752680739
919209873293423
324491894295647
234694921008725
1033622552464862
473967923477462
220778732645120
601870068397563
372687357289156
9011515327316
359309866155125
1022841232880120
290242128917710
760989700062871
423395730333826
621301104875633
881879588295397
29504480089407
325948710425187
75404267107050
675366306680926
285423819728989
682762561628912
846076334360114
783308755091569
356905011508423
915254487768201
672225157994844
800617658782958
283902719737740
905985140577960
163124171739058
60112543977634
769175795900635
337571817285374
1044960622996512
947007001317632
1102939156489772
1034450131516843
150978526054609
225296568723653
610371970745970
412755123469607
941749468014956
469654568419692
700781662576095
676411850123788
484896595697820
89067689685089
280820722227487
479749642094924
1092610328356020
205369941860585
293251683131219
1073623049469938
1033792444241840
720482172336978
652151001135352
1048229420132961
164182117346640
641537563227581
1119642956114122
557201123269213
1103013617032677
690821071718585
452002017619602
291494917281479
448358440432769
447055730217123
693196313469691
762168403339225
596082020552637
324905892297255
38010286722055
577537643925843
320154181778385
446504252171765
135557867184285
165742305607659
168011858914116
892814362357987
899061179789456
490939925559138
855790741704614
1049676625747224
861635445022680
429193529127445
877340896275002
921570134183866
401081226437992
335275642349994
350577953486311
298133303998302
1022357109855392
1039737663168099
396364416957407
486220733674206
377875950140785
457964010449985
320712698084600
123657283833249
1075002957238988
1010653939909699
108329851242454
866621724974466
211468584522650
1098584232938141
1048403906003422
281544945701003
131438277473182
919111438441441
17823074004134
988464151778459
703108028857970
249719953079190
1000958800406436
564744079598584
638027463511430
310418709479328
931605844590750
347758910048862
311326496543478
1076531975362689
473058387876767
850618198316941
114049762097047
223361578731627
991349465160416
1057622813891435
1004426506056058
422210668587110
1102051686989970
314277005560733
643374673839615
692510918569444
217848286167004
839201802934777
1006573675948489
110088666349427
133007355900897
446653613758128
117016831905532
375166491154786
46515798454277
166433440308541
444321807995332
686694961176323
96485391242074
314321009241585
45761166672858
561847375589753
554226631328459
921865485610052
517474292980077
601982996998744
380385635710830
200958532408668
493724525141649
1115245935781812
429300286003697
37517594071710
603139236225749
297281335206761
270526159684214
576452553121860
1072243845665318
839767953997848
50723229387160
699103426295208
764789922562882
593009568852537
127568355543538
154871610607293
940134234125637
807985913597454
88924330736208
931872542366928
1122576083077009
256483060461853
286483830561029
580190512086412
150714392060712
500118732185375
1112632250071408
615452398532847
156971076519509
1037054541918241
298951375020832
1103060190584548
801286932416621
117402460292060
196990118367882
110012400896839
1121082216643094
897707201564997
162628228336353
258932377323477
744746093365145
70659403837200
789140412088410
983339978519427
860352459831813
451521117291585
595190609186039
1047990470808751
441394589363271
486834055021932
902359340605331
246465517534772
695322277604870
14203230054042
772093519826680
649929375234024
46291251864789
704344398239637
945721886275730
937178975040398
1095946926309755
520433794073625
669712906894397
149921265002494
1042158266986250
91856920590387
772395239399154
1036801618590999
653144458814862
262748006697767
905838494108428
450523729859764
672613931966168
782902141545321
710055283567401
728323599980081
483821708817782
867261120018762
454792468517278
815693870119132
95247545802314
243837577178658
55141891659159
764404389927832
267677063583721
67572360232642
889384206872738
355546462944691
398640012111027
102578218246549
1101930067813151
1064349060705018
16354961967339
163047065297331
774779861569502
696217183281077
1061826810425183
450717405091479
247203042247631
796005440835740
676593623904471
312341639890996
435419139788981
475990195536547
339265044217622
1050188384413754
727330004018453
759095963566193
859829427587553
401966267396857
529355720534855
224598840754863
485080640003880
742292575250639
850902726289365
412266019760342
838696239329400
99708501319600
148752075723011
135890836144404
728922250625322
1096287202991894
564047858020034
327628481701374
1075594472136338
999898672267959
495250190039179
235771919431174
717124253565440
325772236956493
266344202877970
502076290765543
796875523688082
639377961835285
401587295082023
1107346027242382
628608961891416
371858847901148
379524996180129
581252327931154
404840037067110
513577961399348
206567218058618
296085489416837
1017671926368244
287305208513592
680053323244752
141123804867483
260650981674775
353880713112167
319277425128919
260304753794133
697317578836732
473796320550449
568083164610525
517616921452006
14209397272026
269504316350221
670246222748421
899923087910011
806876224058737
951577474543231
50839406989184
101701151667656
921425046127588
682933793852812
229911077477959
178564080572469
801660036023388
257056029518561
411940533454834
1049156578345699
213582778597322
256225091938487
970258107155483
504129649284589
608966912154573
1044142500856206
1061695751703653
411030856635980
132571721787318
510545767344749
390780370788852
266930496867109
507408444213329
741544567053969
882791123792664
421720253521943
916198005394632
725127178258305
597140079539888
287301128454771
316393158648055
155794838101805
726071201759475
847708090008782
301028954830224
694406413113458
304047873664515
299162616104025
583025837030312
481035826789910
547214345787773
71314719994888
700622121634318
406242630333770
255537915711229
440356699757507
44880127148202
972976911778245
1070744199925462
753723342221397
848372863935530
298705968909517
776967153254977
1079261682987574
561677299784283
689598859056563
443403179336499
963479423968076
146720621708276
820009667065251
557161481948912
271181059143376
373797797850855
513539583134855
542215011798209
74831848308869
285377769817375
505495948351644
961721285205515
387223634206920
516946162049669
395709210442744
1059754618010224
655513647664777
689123280263607
776452091424426
908412877946896
748662287105456
1029545960873886
178906371366135
640398495685386
452206932953590
875913431441297
1081899698290136
1106850543745793
750128175119196
95968769436967
405885530007835
909938621727800
739792922023254
415195171828165
1055015143876858
602673677251557
821164139445060
911232719516057
59183165457521
73813626975734
755723306360418
474905609248359
888183534301890
750354314421550
514991040447978
26690734758821
230769995683955
1075292864020236
504921494837390
871065600991420
111325538536562
753574891854298
690753246885335
885056925969878
717226615375870
257864610092042
1050818228142695
921093697323137
916778995426728
50108232544130
221124295344227
790935426281686
1100192388091406
890006766261106
193749217720544
1070301185260732
558396583251272
878832000857495
389611285319640
1017260039694159
549770298103606
16477028727304
280991288180886
694811189967297
1035885025081200
810457935175223
374856175653444
955510047751226
60848417781932
935350723570214
48116209183598
244124926238502
523258086809948
885655769144679
188252645894035
799514352287882
853670373836579
250013726522022
550494160821879
493089516918447
638601883334813
749811528120185
501973176973201
821238591729369
629407239702170
140268359230341
79244657595300
747613724554790
1000689366586370
473086769634537
659163866490794
682712786382315
76372090867555
679709543355980
550847312283338
726651197006305
911356947852919
476614691107479
363794666260641
7931180597580
954221100070049
402178847386435
50674810819004
462238377695492
82039112745834
367374218284344
984362761698420
59124398122215
1108048427593742
282871397658786
122034172359975
1069201889783990
227515363881011
1106625401434021
562923468861442
1118376373209554
328037264894560
641050975477414
1091458914202403
684987536630644
1091025936566950
449344575122503
880424218778075
695767458102543
524976650439674
1061975253454227
124935930010416
234845870556123
1018543336741317
356219858784991
1052865558320715
367378853641541
82377175064274
449552302325679
953942406124692
230329106341142
503066328215398
156646417784941
474714344576763
38212794395158
1077103541371730
763553348561757
865204543769371
452883639381877
40540681974384
55046375054329
49104524623511
242512970702640
72586849545759
299030784481613
872977531913720
884351222519250
245688893508421
760172502295534
54728499435892
111586844070748
485111438386443
1076333533402435
1002402429982455
256536870514424
1027229958460566
255451625182611
605671921598234
1091816059161506
656783079400656
344435049561611
568631295697156
516156908410237
759335059886472
8497449501685
341883260540460
979459146810275
604131575078216
20696432669635
278950465419601
23011694317135
198897878483114
188967273828231
1058056925976410
123152382415100
1026242391882097
67450459589663
754081163293320
681328516191502
257194999663375
1097146008056557
531667553431222
476705390388365
399675792931540
358394241720059
44196949664615
1110354032814750
173433599195102
374288753443410
1109259093565785
323759303452195
499602302266729
468429396823164
763662273751147
611437220900110
446679094725788
1080210291205451
659815166057558
304957699071762
854155132671634
474972180585163
208074198232489
875247615553246
582961810501657
937925812098372
851085960452294
49904618103892
704316551487340
50251915329465
544131536330205
175054693411345
79686177834995
1079774563958727
1011567990887826
222877495461913
986104113749180
547796113763596
448692293888229
523113973502101
873133210427740
854065279827161
974142344209468
264833982235985
568260614398256
425823799633880
941898431128579
485381901275520
559119529878570
1042714065928571
120519341987954
168258203461977
89864393676327
1039366605728520
569582107578268
216804731644725
1041383379594988
112320095405685
1110002596890596
270482647673501
333930929696542
779350260642155
1125728290414704
543778534101197
68173094900664
604764102767176
627054224154652
633865784189904
732272189900233
808861380165942
191804771409370
915065097160673
473033453041275
196897002964820
950493258959393
406966970016400
294691774816666
840748112460387
140601961045421
596976113742114
490140779696218
515268767974637
637351488091814
669649265895345
402681578724818
737397046921911
797523439618899
493229233834843
143513127247938
128931378463683
859041025027866
820783570937338
677279964224679
129096026695419
1041575578150996
700837779728633
161335877501414
942923251477139
622013733731076
521958146195518
171418528869679
128063327858138
858827711591429
867884131287191
836309338412643
1000393491102355
794877069085218
952793338877072
1110947796257062
242107054199772
329880112169087
407345806013644
801119781286030
587236616467655
217449567158769
951545902472535
964556365124212
12675338611703
276890619971752
841187476034853
572026390756424
698309641004289
79147604568845
806134919744801
627833517638520
112796317259961
185407803278750
1044481878690652
682171052453916
261528096458212
269193834096955
176431610817110
129863321273388
210731904345348
785606707821926
684953474141192
503685882702487
196159676445587
180403595145538
1009549229969368
249354184407941
277137927186484
764233402718064
314790339878047
589816363378984
677315861563874
901678967156213
1115825238374121
321061522191036
338591189434648
182228051307373
635569647544881
1104317952305406
352543188497139
111550403282523
427674915988456
171598760197938
533233763453241
487770518285206
389421545638272
337638467432745
527568961505104
410821061332672
824100866146984
710045164138317
354992771620824
677655869667205
340831891413438
653766741647699
447435194312692
1077032662661776
386601372907341
652414792643290
439463776828797
580606608674359
872370454197490
833825916703363
718036579266674
76059820416427
932177452358985
510539241712374
653771488707119
1001648310705439
417942389041386
121067070444626
896617941460866
822415995033419
376032724897480
508547032871132
666015977401151
985363325258244
1116486224418265
411173633475856
611768169977945
413717996577553
67841176552079
106464426604507
606825252399689
17190677893719
18020101273215
624697719597891
546088756123661
963358892902160
1005434808989750
166157093522033
68765324484047
269636664942397
624907446343936
811932376054895
380195931453925
276595423423376
900347658273884
779339449713679
677121524238964
1038239971221253
584207189879332
611619864689516
371878543972186
1114794867890273
552522830694269
1016867972752326
588050093916524
332086189275787
713477905313740
606684403496022
955024888883731
423215445821329
113681262166476
1075641866802755
707172469883995
428224128069024
23647609037507
935804570843099
357812029496308
693235990750613
740199349033706
516427881765873
422827034566396
1045424362055329
520718925862926
268086719792735
501514515097267
606789511156213
725519267633251
965634183372959
777985854330742
111298515233872
937316253155950
812357001964441
872831253167947
770169852486355
1086722691694068
889250614480394
36414563447482
728526359590174
570754715486418
340864794026947
737865039584740
373544980603440
903656056589737
1028845415494657
100116227820847
569821398337889
947088384099632
263283209728234
524268210153
828087548328675
339629657381412
210205785283935
748247344392890
282730786094590
982216914187828
918729394439061
251126759629537
935057574705008
1858466229797
992206225421349
433514561361728
17496075656731
1108913988022712
1070162466036811
857817614278224
99748373519090
198436551485013
154538435438275
60345521413111
149582594115590
449587950477080
1124429105704166
73602784490215
793583426059869
690954903801645
656576669349528
1061550643699540
266360566768233
752883766584859
701007912461948
1021988240101283
984853058946892
440733710069494
939575822098269
590294007862372
520513393311099
663735823651296
913180743179476
554511773016706
963102377725547
57311407271884
939231926973312
397508372113895
338080885592387
94649082431078
784087403183824
305341625786319
1111847207424596
251336586934185
269165120648181
328739526951437
253529381231933
58357622791047
54028967962681
817594779003825
465982497460064
552654580138292
433808190805652
129348252397083
183163090960912
173300630320243
435752488955544
20458789417953
167140656954586
952930062875381
407203053905957
707148686318950
803622150732538
311132635511552
285409724911583
677624417371707
821550567926873
968724061656132
895628902707107
492942301504443
262424640066984
1061520631341301
555078608960154
125653549715921
652923703969111
161415976428391
569072838356578
270960255349213
607074773628880
1045839032050877
944026210930883
9567245514194
806860251577990
476782991322932
975640690277767
504063072541694
57851956856755
284489078254004
732206339397216
724919259430878
1002828868564107
79007383294236
668598723437466
426047498016475
827024274227919
618497352756302
127762350391067
865416023609666
365855551875044
31871850012267
463023560884186
147214655271338
236075846904382
591347541194726
127172498582431
548488793379737
998858579721279
941412419166556
568432243899688
450698645640845
684384783070792
620495250256856
862361855556617
949234176565239
866315339086755
106299390578333
993616372524523
376728860412941
573147970596477
509402233651183
251798612791210
946377705610189
529477984922263
629489614626102
262928113887406
924931891648057
571767201195219
670920291395585
825581335144114
91971758770010
778665107671608
933863045853964
723000001712590
913525878972062
968867033324054
157611153250297
964613740364193
249540198195306
981973402801082
780806972939411
940496537161758
313351490555390
801128106024230
51542150972779
1028759433411540
853081575914749
852403268702070
633728560733180
721817989448305
1072284592445610
1024798759341926
580995409768792
1038817512296663
390046978481131
594150916166078
609668049102906
604362821667986
1073040929670531
77680542182045
930873049308765
606399894048373
520430761011224
869656189012773
735986239807789
787532312749768
1004924628746617
52405251503575
385529920053648
1005165703714761
469309360597184
284481846771145
122343458982589
984443720465077
539250802498439
748239844389838
677857575704613
266205358651540
893849748722564
588012042000343
160278978478941
163358828973815
235297912698034
425678482472346
366528384553101
58690703936690
100605518766393
495993376233720
471569520851599
735966014696596
808204927899782
170067478940145
49767646555936
307835750762524
916327028713864
443190209245694
917043245182285
415712875827985
80732350440637
438940979137140
940321761312744
965807756224582
610573564659491
86646247604822
914012375883481
793437407457738
241024637006669
732811748285460
626490143688172
669778832655483
599067656124875
1118491583757287
258147403326625
551575175731059
774329877492693
39543008435453
23970499529082
146413689916134
753937454928965
1104276167945753
628375764615283
1041144101867429
956150476053287
377193284479016
797031199114128
205082087610982
895310948219778
945022750971731
1995241501164
2035018679381
1031626699712627
667292106911617
1092723526871979
453074491210229
441216356032208
926557642524537
1053338268493477
289157727425941
602785770830870
261589753510523
793336297207480
68740325202855
441330254450473
944469192162549
164388827727350
936699583820118
782138836218293
1026483507103260
406413847643505
409447524844287
907362933271937
747220320171613
683636149303074
906629445365116
370683894073297
200120211852777
309959090494741
296551569248860
972005218097994
242508636018321
495794741311386
924323244938824
333932736570361
260411978784685
1124780587069337
463177095660009
785446832322256
58816199442131
116942355303945
359873424353656
658683190061947
161563413999423
477632793037884
928990138124813
30651706968668
419954873624169
55657193641311
701735854876574
186354058813128
980468673690901
678080915301908
1110959917174093
990786639506801
607643922955732
830909754256511
440418131593011
942940244870835
1102555353300834
725348907844871
866601003568559
805778702392345
797734980940324
932222292584427
397027450710516
249783664853780
267509501198870
235664621207285
320091107433670
1042851718308384
976512873273952
852413054018364
66441909423569
715849406029802
417142505792198
543925485223764
567610499300207
166067790536992
901851763019876
244631498491051
181209587160603
663707458781084
541756213939212
50423014114138
246344914451399
905262226277411
568688735459471
686053906356732
701468280224499
917508188179645
767255351496011
175310983688794
1094408970480253
32015325310891
1787438788841
1116669415592285
988391745920576
849144521117692
766689799874840
768977527662519
1044450990635566
1077810042048281
243460384695645
550464483105950
1007115948645254
482859521689970
675440450977612
717503854160515
745690107918097
1059144877966489
455413375081996
358064971464721
223006262072462
571938242543284
220159529497715
1119348182860914
273833423234647
741015380639096
892343309972163
365649978331005
359411933006170
975379487432014
381925716790681
683300548910011
753576537152554
688465138703020
690814807652226
785162914821382
911581747756504
680235279775581
298412523220369
297400100742786
701886627147026
298165542332983
974637518435771
406526670567582
623341229402290
826482672559751
182007395553451
195789402810492
581772634704030
71769792944113
1022791579767815
333655677756025
521495920979471
1023083373325123
151524320040844
265710892266108
98649251419035
199242936837290
93000561392552
824036334451367
1009745235710152
1009631255412791
188701738620330
962039838380963
1113753864888465
1092125517704561
187814844799820
823570034215653
83518609389634
958836220036471
682712445392227
790218018398304
332157367519797
526174611512474
706374595137945
538230739942878
256052712547476
916329202137899
667359200749603
1100969495294751
950342477003957
155930718058891
807193747133417
332272683029189
620639918150322
377562041432947
844352288290669
236334435324842
489896794839169
539314412170777
3643895435538
264276110871198
784000831401493
630692280571912
547016966559849
613378852883024
542842415767789
773120473894163
268932590866682
256622136843659
14422374266138
383044480381662
464419189331144
835395239628638
650391945473794
818976656780728
452662773081146
495274062606332
42798524051082
985988270929610
125860340373903
595575232310230
1057944999781270
277149429046889
511479829913800
1063555357611398
867501234903602
254328923128357
844213491546009
980742943854900
629031879797471
387863677431893
524073413101919
894966401400744
307437653247547
557458304757144
497853021390099
178096862833251
545102511836025
965004771881115
801194155416021
915030431341378
180456806377460
301424530600538
422005456311648
798228756417542
811215888865715
323540479085101
90822273952650
291275048344206
339380369577304
743860155949770
558696111253157
117376614075085
972213175182339
1113666406852593
170431033277173
94025407815459
942600285479131
781790727219976
678200014982639
674854943942992
306132018625873
89714643158608
862048298609853
598047441984611
386861748245213
1003909840966017
169639661177086
755328283817135
797580273008522
1047541882379554
1118097458650279
684748163993806
775930384124498
727231843998522
994595433093517
1102169000949285
552800661716953
115152955521469
489533652261642
407002425611096
121164102455263
877248257155242
463393947670800
186351768680634
676233237129336
19820905544633
796435176404641
407404343205768
827627705709651
1087830918634680
958987994220739
599639407302405
832916189701485
682573240582893
959887604567395
213405410368739
528043845050049
869096287128009
300337046591152
34589082193870
793725934698522
1123887078355348
1033805261791716
235817257363797
351417495287994
409904467354421
232027911658500
173057622874622
364791637176572
983634203532690
284393987515103
512463882337744
261273518602800
805178502419727
227971917224207
142338433558254
653141260485857
587652331591798
767381601566035
776864143997390
935143913760200
171295881922227
625616213376527
846829632040943
249642291840263
663583818064614
1085354163558872
134618880716803
739552210639001
933743299506367
108268523012418
37695023144904
902294759391424
695827615672270
1083016495413443
392537597618696
480589376378856
712951868359973
528857924736542
262621239024561
104151844012729
276627129770782
250359135544167
712042119766749
408578307067386
467239865502724
926414720752409
978002155340104
273921906913809
647367035277444
192195920303815
586151585276343
842644604113760
866983660111127
419792515281254
169016581056079
181877205240331
175846120407403
692925845366714
655440417916400
156679622744728
924478833300240
538155634880895
943693923473069
694395343114211
549009953857440
1113642556340654
840662096723407
108009150947251
53679974694195
487938469728039
80551190913791
733216909132431
752076293066705
1124711595517450
291265993610749
878605544477520
42521353789142
466411320343532
547828318598264
1020184400481783
694028854096905
465747067582977
217822853096025
768666990913328
105805911061367
1083882935488863
62349962260816
103539829742712
349482576550357
126732919620092
665518515835562
157231149002068
573436392114774
982470239090486
301958040228052
304850999891452
151943789597097
934289758525053
1117747999926499
705470072393121
767741686094395
415142103597332
852554871808352
177393700182954
536936233403230
540726102707116
262709733703500
140744787909124
475591520163249
949120686198958
859797943756013
166946475712385
1049942830326391
134632284071976
928255172885829
212460435123341
779377966978561
390052846311027
110765862296486
110832972256954
15225672131759
503606580307085
780431315640488
308780955137672
74795495005391
552425577281937
396937792898027
1116479003108882
77642437188911
494294118918969
424244324677664
312664376174981
1068631244726961
676128381816513
568150771613171
216809030101134
787786588219001
1044190524216663
956424805984051
80693693085242
290742324856126
276869591545918
26078443250777
570580570326177
757376786765992
1071842529425628
492337786136206
784119089017295
302376026556576
921924047605284
904147348641075
263363698602350
251151537196811
215249087299014
107121568489626
849445375957682
1066281190268680
448641238162335
503602536770296
829702319537187
303722576282103
50116946395645
448938103940133
803998804504130
690410711092041
427398539778079
210322672993045
1109703983429496
657109058269639
206516428771197
1027800257498776
616786457236056
140079388481393
78069847462822
80679556821324
427000588095962
791020910366171
790719004062059
316434185830218
519787446474559
916716745154432
452261336668645
352109024408103
217504328279081
926761967720805
948211035293450
35745211589147
246273072003658
394606561043799
51235918420821
479206652147110
317432249233550
1115239234221878
445015700501519
725467439868454
641134973528267
652082314518368
699678819079959
190285199669160
782678409258795
293049729079105
55480689003359
976656534010331
248454448983673
144179440751729
792994326230248
373978331306574
671226453712984
34363725975124
513815099406763
327679960621505
835164956484305
762913749126637
391691953183963
920141918798417
490452535472840
1110657756853705
269150582083156
135037986775149
623322565955192
696363683385913
346155025710452
65078377749040
232816241425471
532149273368725
676813832689859
388352144298582
733563703668324
833147362868468
411761081081032
588737348333021
754572418914152
964399441785123
2672599231619
442141593233826
697131109933354
1102514640924265
202853590113304
217064736273740
1044352691402738
116407559239833
610640414738148
939414940561059
893159375377044
542610678592643
622582966960231
291410302443444
888248312831249
856318591019754
1092685632951402
637194866935800
502475662904434
692899019882509
1101403471440426
729431678439902
569635224531142
389933554749958
134289887946862
396414026416268
948266511906151
757446040488256
328290290473350
125776943733823
891018593381819
1106199695888733
570777800517923
237759056430565
701935395226962
292080888350767
743272629415220
231647626644233
630607955723037
32061384413
890598935312566
635023834130752
932478977701710
831564170795146
773557204074474
851798916444331
104240991070712
994019756059672
581731903393135
788348477264778
77229498923803
616126986125127
81417991656789
631147232901592
26683935800793
1053171296035874
329333497119174
1051442355686979
74588398952918
581509134848590
1001166090188383
1106885169216381
493890102280345
37549327608039
398809781209746
639387088147333
990935423268829
1113085372136300
119644388120323
739335761336617
256941182866121
817725904329626
201226114756602
1100394977689537
686735943042075
482991703085492
1108485432898306
981589137853897
17958841178943
911486852472733
649583673673592
498283011243449
441265568077227
872977019734855
582023159260178
524854674798192
1010808480763112
686858548129441
5822246430169
473166706451875
351332693262287
27858529258767
1065156673783514
157550700919928
804748823847543
364767836314789
875286981736744
102539193141165
289001126893617
1119082302347833
2709085629257
765626803480152
953364842189819
813091763077996
908857585849847
428474366685213
681407346990808
244049419809625
543181782220605
182329354515273
931633181931769
569620623577038
1043513642222783
349412480164946
571746021749639
782273721746885
798807174590915
55126832691001
300356095739997
316046967656122
838571078637756
455122638090286
761626554733645
814360623388381
232310303851615
1053717973570108
291509480173196
445869374544549
661572978464245
573801634243475
563862970374626
904927079494053
520089302165774
696238538936004
923095996088574
48630711113446
1032865840255505
1063511285177481
961433705987244
606818096407286
530669423816399
666344850607039
446935489098888
452662788461292
1041552181290360
116364260576446
943267686623361
164355768396491
435667615955399
913592544250598
132445865662601
536765353930648
557890855067974
747117658775259
436783953856110
246160117538456
21986687620449
931096556905303
282892132329826
42973956992442
694755305548006
754463801744563
450585599246333
392227655243399
1008924333724854
903476157335408
702323972946862
409938925349439
487802827269651
190489617134350
417255438914807
202441070176672
675586959964997
712941633381095
751723284688084
859444826668832
551024611004534
1071814306166628
331248486058874
835813043050650
915044787090455
585169144109131
598654900120103
132510996524187
216368731510061
789842389109997
879570558701281
926536352585614
813018037302194
497013398325281
20614189797673
138781374769660
528126832797711
459594977716521
978213577459935
1070120989080495
531419894792999
322888725565224
782441497069295
540360242789496
491835516683368
139911332740583
189020993375355
1010884645017225
441764092873103
1077515184858261
124294148520634
365946720643368
643082932261660
103767364355074
411137917371731
452073367950082
553381335631560
570794542987419
338323379752253
35490064659042
578955983195965
520720273999294
462816908411334
969596943516309
59539681835121
167417967410359
198329421413121
182244348988782
689660182848300
28177663102475
958725022407118
579181393579376
46408419145688
914548570574792
198391828170879
1101509939561491
1105712465637376
738860950016179
772783816646712
773547222921652
119011245189517
908900812552971
1115553207675651
600592900587113
676834650349000
120043642630854
765410867399687
1113511541203146
886306798782854
1078191418532857
193833407515746
423288336324120
28005568185365
410305951230355
1099065945884246
959068761811220
448482336941260
848245024279925
298238484362687
830939946677742
826205260526737
66054902452422
921890024876608
200945342280664
1112868308691211
348626376395489
815008220400044
734139266883748
989901534422417
460196980388418
472088010143960
1085357926963035
1111848000465100
526022172236444
900240696431951
138436269033826
181965970775357
311949179596026
460716775837711
378400358347129
1074353371885154
743004984632676
758964480553997
362145775751727
765139245479123
916531272185551
197620512529279
1090715094547344
508547454090897
436581607546386
702478849069582
303179021026560
752503649598013
33920819275578
582755688107465
961558482913501
770369730897611
141381842727398
683768460265139
101206678603149
379401862240437
640048906711881
172305176905004
674411854906717
39076125494594
508485547865004
568764114336661
318908200888941
522131451975069
1039622961903768
1125574203068285
11461239899899
245852441955907
60005960246424
619690154978466
701609038123869
850023637433408
617805997475508
1009323258516987
639090019297342
288004782726424
897682234382991
145934131974365
544750053199512
950090844533378
77196170296642
723766719733823
1091260440809158
1075188821286085
931167950337052
870637219680257
850794929135530
1001147953759639
87730049165769
124625489870775
16989335117387
783823957407480
1032217510178922
166602481311123
730765365101924
209155372825923
197636244262723
98343075693514
800236503320691
754238651963939
178471761207158
572430883351156
176972547203865
143507977066449
638699426346866
725446288247275
205408351243695
881732996577096
74657008545703
118308025998804
319476094940359
398651931369993
742755558987828
589338382027855
239414523508688
40550603532038
135400238299992
891449083964547
714141193126009
545683246105307
927986638629282
999791054775762
423827365902284
159054832752517
18587652318697
621591201892279
1124316877740549
654771382199400
963148451235977
311006978742631
363509657121383
493735076121063
534841576034063
356938647504827
761923386028272
1068395104835114
403839855308347
629977587154885
216179479535930
504120678959746
419937367786299
568265380025082
1085282284726936
653847857547746
827938423433767
256630344966421
107175698163299
150287547237866
287514456213700
918728502139512
319629032916373
971101394671649
1119288097116098
1037546852488150
743602058540778
1091182045395654
952937789704251
532997363823021
627843692916934
585293549542997
242516045097069
1079881457882864
328845221759067
698845368110441
411333745388627
765165031643391
863621677994303
58345904165090
408010441736701
592274082408927
734631465869685
962438352341601
659828415938751
50535337902075
958321067500482
1045736469299305
17567256907998
569545404423335
204883360509017
969388016084302
1039824727137477
345710156297347
632309367093773
1029010126960123
435344735354973
716925174201108
1047013715027426
851876018857502
681576649887932
860735172692756
870343589245684
954460395914876
929419428692917
761422984186303
158609663804624
21461245852377
385207511764898
739652348712087
531215543679681
1100495715749622
412417534732342
939900957314815
242400059954232
83955740375658
184117768844698
387475248402239
510517077741956
745022308809534
582264164164832
819833771402619
1077821481005773
895800808590587
702517623435677
723794967104579
237062972580536
635670750908739
1079708069735602
473234933513961
240384236978071
895441077695279
435939206630026
113353736082977
922470108163131
561153788256002
829465177076752
221057770955762
387586725690208
166400474093811
200550840029702
844714213943415
542534036330068
188599776416568
1122310644473607
459499327965565
859099494941623
437719884615852
1098762919505507
153956806705897
234192006730868
1115748800957305
576985221483684
662070508178955
235753145038459
376064883014344
576484876620243
458092774996972
83958298929484
913732514716116
798232158818678
847240318814022
232937986038944
77715048829207
128074637728727
384124747229498
617585415580601
88095518245915
883787081350217
842994064923553
417364552452348
431114405281607
707762479428943
632449767107962
671210529321667
296438959833001
249725934602090
546281793992773
794908210748442
749289128549701
1077423337675137
52918898601096
50515596652305
929687281572698
144091418837732
510691138942733
1044267940388240
180953144850851
269250673830341
767591186815459
307908161311570
88223895096927
807312163037852
903028762970668
843117083120537
974878962190162
223394804581858
1100349224039026
968231432129690
931296731373027
767648764768376
12580400042207
962762335124291
55983017059206
130254067132426
260071917701777
428688948864472
821441725197514
1085661763640170
587947619878524
757389991500049
716493780687923
1002014277312362
365507481202980
765201121779247
893362768157162
1043320614722369
762046535757814
61748391482804
771009105352433
370663163669021
729095590121821
1021786606665117
1061307622629173
239935412772907
396576655839568
712435193630320
512547714738075
72783036293302
460401527111330
721114012461059
641601649174829
769085583783450
727113294370610
523560867662042
243476306245384
977003918901425
57417525002664
161133859566536
738977247382860
425195033390226
322754114951870
1002247285698388
610866184208284
457500154816583
93017771775558
572221679389277
208923844419523
1010086231970621
924904835732858
874332216266791
382372163785461
754260263369784
528358959382936
700107464172877
613341369640793
462304843884067
135831366473720
1085731446957455
490453980180032
189394309582553
119949707375971
1013591668058591
325945443729369
392319729701555
30610919333323
935145147071561
1013004028136501
392385000457155
409173594871540
898315136052359
1017803473721331
81087832437304
548492682895862
163946220568933
1038543718318760
198831077583214
859043563443555
896506853094785
910327938252089
826532286637014
59008575855669
247093207455250
816461268921863
229033074038174
483471771847138
612905897707015
604027164630068
143275409911397
202785808891899
332156921590779
317031104200682
871844836644287
1095062782487105
823297917080516
429615158438814
608021202032211
518628439886473
964785394218545
183315618113270
262996554127958
494600234406509
1057761756482377
825377433388471
778606944270190
132500645048919
355260633617122
115208828554019
165824015892125
518283089436040
996631439279517
203225280492316
984910812390262
220349727420296
347028591770644
614273032902050
39276997322681
116615459255184
809700452822380
1090621576297329
399474976727486
722390211830649
48134763789080
1067043676410070
154956949681294
1110609844097792
310346564600334
441880214634641
909843637691836
282827794448688
582830394888978
932532852568091
725693824741083
329591789139385
580637274598795
609116454290812
533811551695497
635956147159737
971402571164348
781353672221052
367826245225504
383396700234355
138831143966509
321134570983883
292540659122096
532834855283193
783260458781212
401507898706613
630098700491622
984035518503080
725182879688202
966109541986060
676168304361503
837475766386251
523491373887847
301869774301318
417309309919013
496148511077448
251638362960966
40114378302309
1065678270616744
789241342437499
449466572923069
889349028095303
683919451488160
984368319888460
950486729132342
791309087520118
628033102072673
349524179619292
548949758808753
858514886786371
438491902901052
852623660022627
1074749919043078
1046837824540269
631687398297896
401360059684307
344894279418941
792248025070976
205180639336735
311697344210013
715035918255310
686946342826069
1015410092226634
10591582011120
1074146711963839
436724804755169
537973897299815
608366577480563
928143733343276
890414481440824
805935510649988
486456897736415
351458589238481
838303555288368
809101187751543
478146426431488
635875017494496
311326129614720
561041211700587
625214007970193
121240012076158
1001020837862685
983134033740796
985916726017283
838962541578476
390410147726678
1003057265360833
200147892133974
615629716032453
11247806489444
853512356742054
49813598760205
714102075770085
824762574721098
554265536584806
315398504153672
114188120759123
940434578766479
428570159788375
1104993158276831
1042888932874964
132413568479817
437042848802821
446398258322501
1006663150157958
1040426965799594
822736533329927
608195034024513
722319720619518
909187970523150
407965303754455
425776801082023
199024088432589
1007854382528646
174389082023770
24012491241750
1123296917438434
141580844898609
954559429824047
272844478189822
830306044700814
289505045849648
564188794016106
262907458233065
932209647405748
875803064383116
185031020162798
68577487851115
1062558074046412
1086645258325926
953369867899752
417490475583414
739367614747369
533558364103653
1118899323478310
343349539990853
291807399915429
1030213699365096
913635662017770
773947099296667
620981935374584
510084970735026
1073120133557773
114372386032228
335260966773704
769341393344127
645355254244744
661934698574083
820377102683393
623654372484696
725820650522685
403203754869895
645853242116373
907801494234354
874918221756178
796909597423863
691198084517571
572403371243316
876194533099510
116295593692831
247965605042519
1013625147196406
380313162106035
600213454496850
454079897710900
1068565924111454
921619102348622
377656768021042
258293071226773
434706974897209
664990986616627
205798839146531
889406061606419
386375606016144
276795325851562
152211435075880
55059377596319
1125132430816238
225957751899415
81115516697083
247309241444500
207126425677026
319564084886854
1063130365209279
234452048290829
97790413545174
850511873206163
740548280232424
185826590898490
494511513973631
743453307026261
735694454964768
914872876958266
281389467576146
956857952103039
326590622651530
212153307220124
1109968784559169
740294963827572
686143187404675
416355334967525
913571215078715
666430850047058
219340672756426
533152440003269
470793426925380
983519615417572
14555994459855
1075875969051656
191748550269451
385551064596348
968373028042616
785469730187898
39503808017752
348023946771075
497364157507574
952925713306145
678925030184220
1119673053550881
1079531232513057
939914965416055
374255556755794
15869645259611
707061046613236
220631604267805
569607483099406
275484856284184
538433623382088
1004190513038712
419679234552354
1051750343073177
788519030120114
7097024454030
724316859020077
484166903232270
737704256698661
523303282222239
744515537696931
873734894102445
228569229735694
1105617683441454
369089827368445
500865230107864
199743114755106
725340995826060
44444546782397
777492040866504
151021653105881
423502894404223
66695428902539
28974254586013
838186783722066
624989147666793
3292272813805
1000350387195905
543450343058738
948010454713989
153523537620427
527196737008157
766028744172318
1004255580215455
212771800732955
798069750932378
717910816910605
951759080967816
513243757659667
239797126706821
595921313478939
861064384254214
1065837846632836
186310778869156
118618855381278
993953462409161
275254782703684
348831989785196
40241090780420
289942801684556
48921518285873
97072996801799
578944110359667
120932018051446
37045729519502
1030284356077562
528332334719740
644491288050103
1099169642728135
859899082528635
370584051290010
86696196011789
1054566909756546
803356403859408
831753445077853
79334121413609
515180829046341
359668482956030
944415440624738
816347545743266
1108683213299895
351445580578474
627083776291654
184080993106983
476446715586117
242655370874907
1086770777378423
721725295920034
287224361264124
1072473386975035
305416757977543
368137065567055
822833939782441
665114308699614
93320545001173
327594969327803
593817697683116
429958851749742
278140008962368
441063177479548
825600599646063
348432319206587
246292746533659
1091486265932512
776818816721501
1056898121219204
307724957755805
956594682863329
313211354687763
860990293169747
151105840261354
184540351125969
28113649041268
198026713609846
963721322383057
1003895549713140
862920891180563
429936045928119
934212060890822
612526791605008
1002267166702648
178598727601659
1088709125626177
71199828647136
728958387559538
5364024108111
701552143835456
1104255905159872
436217825070693
344854513896155
296841860474084
632076466140433
778574624760687
56000026725229
62916196253352
633171375130936
505413974237260
1102172966984221
338022444638314
325432396134728
747817755881347
295747287146425
1039724845307028
1054679530079427
171586998305794
1070255376886470
387871383211016
759720015274870
416214475626859
61794943851052
218328793561495
611287507557200
410713111879688
906987328947226
1011933129338203
790712196619908
707446108916762
89001290320079
558645246535667
551921588926411
697270335603066
674266165190857
659238277760461
853148258614541
842725934842214
396014752489084
1035902556232541
236105983697928
384324966947094
97026598553808
1030273737659258
488853860686809
148572993379591
704696185951235
61461367453649
522243903789502
611010043029827
1099010636100402
1060408442859205
664032145853612
235484873097607
755265678928599
784707529600268
338484217071424
181668224653603
996855906352963
267997510991475
748194414418712
1004107990074105
763470895943214
156456564133122
262558247412369
151691308714973
1084735537266669
602527679557124
292128729816043
1041782130764903
987829348926995
902899554500527
320502133734098
1110526956108450
257665460933764
596501259344431
490859418205834
746566619199752
999600740124320
724824087705271
784371042601011
63371282802012
498372830402396
204483333325519
134103299663847
1090453381191825
20111980313195
500342352751623
1032212064010365
181696958829743
842684652269921
222987446267716
146042195191231
411521636904562
1034927328084545
778768814694220
483866039249593
355837468623088
918995119568709
717546981593674
127469886293520
395300170396848
952084380197846
14121483220759
336101664321738
54089572942475
1071447770299806
856708001703211
722543189611621
201777286402059
1080620754101607
739559350168877
22736284121943
916796843341570
934434095006092
759705846858621
259850206823879
186310818548258
637912254591047
400588006459671
1122046526371012
372800575070787
519239628267953
563054194166995
210990588694887
293010614403428
703404192648808
19771361338194
607775070766461
529166425478154
1069696773168894
824636466504546
837358290015781
810732023712505
770064748804109
1028413769479627
105040092256845
708095324860903
519079802703313
748604336064374
902274406675689
929791344217083
424791625100623
288658015458238
772560151292127
708749686366551
828325915417598
4841242726427
830596476881099
28643131943594
891001961929982
974374991241973
414853172722324
17323837063595
699022342277200
821991673493197
471339837179370
200728149802064
756328216703699
52533785728524
1069701546709800
212460793900345
569308569041027
203548216830130
61577767697353
204445673506488
340732370217832
963282257656691
998873360322569
404948015385983
399924588601485
1106422503865368
855989533891374
1045427817008745
557943464506224
596274029623923
597470910272387
837686563382623
828152857059156
968076878709699
455133349430688
769608916258102
465329879114913
166220195870922
228105042447627
576359464149714
413371243126385
598270239004956
590868660243689
372742233246684
247291736988807
983158368294310
69493521252952
1007532170458134
734825742577086
836241589642912
1041509484507207
752179811138321
410110516997221
984561976144779
690080286744146
852167771251521
697482245785986
692233460831639
371229740966276
355583774390441
466214569747551
1096841629894170
286124052411997
987853716855494
172606406388548
60236550413939
469290878535850
67726148791364
1054343526614872
976315083078890
931494901543588
921810857963965
37706369322279
449378080673811
624707249600584
1075246572374851
553168443182938
644144965405683
418434659774322
850286070439722
507091123317496
341981457349924
661485863040768
415633220264753
351113384234715
332052522177650
868822188810839
543340142111982
138064624975170
886658111143282
496740318796904
480857889825259
33544156758599
184651928528273
728784689783968
412170983525313
377193898777308
701864282354340
547163481694185
341456429865927
840319658142542
262769821799238
288506925404036
66775580613592
376999486660236
767760079974682
751563348109435
139996619894600
760608660621570
27320683666190
92483262308225
1032882651188436
299052755385598
848968740695109
1000942730483942
340302379338673
923620972726426
396360010430795
834948022514995
166852153511188
925331954369574
470284401251101
30915521713430
319682397366341
850194390083871
912953700429482
136610592828877
91655435716424
25765063890537
613146467655096
1071599148377551
595338891614282
457266664018098
125397712053194
463494634535462
318518597610999
55074315750396
835420545866999
212309471427041
161943500676916
68396204383442
490029031336223
861518657376460
1105690855454723
388018527648033
38929965128006
814829889977661
395219476860458
717018660154015
619828325964801
476870597989492
681163152512749
292078680864746
690403324899031
123138850662440
492874927390283
499337494273000
1080271672125494
230851881438205
235528998805603
532852036192036
965166879931707
701537791668695
413369472459989
236850704455145
649312921922169
354623482555365
859953765476597
351503913748405
135649388618519
332141402922566
889417061365222
1093996230634795
389998695156710
61910022641264
1045306569898947
1125676657204290
320309258941686
833947934857809
216895377973404
630270826040716
594073667143594
255760421102411
53398090658304
765244125132054
347804975485162
1124366329518412
536553096951136
976406456870061
343500490208424
872828228446626
1099723935462038
392132094063212
1100233523672791
1057470519447489
1068535769528881
1119162513435542
482398811348033
581077599156380
174643722543132
174021246491729
733637285714411
895393717961772
69378342161965
453335200967369
570084162511081
295805999243245
854826530733097
328849600903723
78510226720770
22966000748410
506452079642167
471718129967776
529920260440893
1059372021269048
940706550824371
1051766203663293
611238826740086
205028138073139
577514700441577
831709900836590
1034722737964144
1086785243476162
878517235808830
596416738414510
200421851097033
151421013822775
95026619170351
411154296568415
590534871261416
538103668534949
877038184049711
375229056117131
509865069676659
955662541513682
563749347609914
166824522701272
841614873372147
678762204306682
345587639090389
472086406693734
179354849485262
195445048194846
459441557972899
245788082944309
999061022854759
522428877557698
163888319919257
915024288348521
1016247777661695
919920043115170
292803147180517
527621890616653
274011364962300
935640974085381
772280018853278
429519165408843
277193308485785
906980635655725
497277464364570
192137406041710
1019882490325225
489327647874536
595585640274308
959992398150105
1088145787875668
641756400689284
666122196663007
676239847838449
746204015255911
494237754132380
1081875784259537
352196804149200
144311284313799
787203991481671
1085419805762912
353671993823054
1050597031921212
926265549716388
220239589664197
1071581935150251
155941488881159
529199092151442
385749131201371
599961548240612
267294956319560
930302426661550
593776026995344
631993333109236
375215873007670
65049953459236
920486371361536
617982823562285
654482214637573
696957517657769
797889976488021
781520503066548
739572942876228
659682986406602
746555472661227
60819793382331
874377007263142
987533679038735
1090589947232333
748756085566770
953783176586084
724690633569378
125921703983079
892003547207552
232483608144136
326668520787348
752286945984267
219411583917263
35799206677845
465025437793435
137018314898603
1031047640522642
885943963133216
96422104857145
52836522655183
372668226882176
791388910623571
502214460531625
240403690023503
691891703476176
893134744824701
167598615257343
1056714043547408
939346848595810
740200797970245
904064069579050
292295496588530
1020352196368567
165452122230083
400565762636956
480064128986877
289987078040469
891115483010679
452712713823227
805896785993600
92229708804428
955952073726621
1048485807671414
1074896091177583
696369351155350
821031523356217
153098201052444
442754015849427
369295403721999
1064775506368164
1099971356975060
235272662892461
1071859113960537
811927562254074
1025318260201689
1062157191025818
427678547390182
939330770877227
134488862761045
767588453297095
799823896091694
507270599698120
484095166375886
781450400930656
543231557469807
689583991158121
555533867179152
90633047057303
167424474799687
83007980730885
1049981729466521
849457393996362
190620227366677
47664275240796
928093425133836
187010768290189
987162593002454
981887711310874
12515838592423
983453796395030
51195201973208
164859526988015
827453203479684
216363559507436
754987149574344
317297234281567
972861229409540
196668436060335
974925866534391
253430421927266
743270630918444
1092332744488569
360513080529
589910763319256
721035545286565
604463261752541
183584394192578
521594331643619
724842539224489
1105863489039863
113380252695794
805183688087970
689745887834919
32829579434388
379389838433545
528117414191246
214607355406354
577627627219228
1077089368841294
860777452517704
328677416201439
248729520672453
1042703943864504
1109465226193761
85109889234978
53743516485497
859455847298671
832527444302408
442093526438300
469809317237199
113980998267953
474160791108764
648151485215607
109808350294160
192261903953258
589718999709361
546549731356406
969045867100371
427120089248352
293359707672245
19235801935126
794867465672368
865309130224711
326160142883208
910661939336108
703617942495907
579017250936927
980117534469519
435077852401504
693587820739067
947345462781874
326144238001213
88896647503917
669921945037433
600065493376936
653276887771643
944816472378413
554441203516123
895654682944541
641314389381830
593765637769469
1015212151249378
28000003545900
451594928041941
344935507101086
766673860378358
174358943919081
1019453381476566
497907464080806
99209445566980
799832034320961
341242797986895
181108537050310
223460290053101
754104052062164
772166675782508
1049547279786026
377006976101080
190913560681140
654254174967205
7301649455929
173818177809140
1033900485511415
516539291266026
102579003559653
148990509615034
1072797653908334
440493917813416
649197408838083
522693196571270
83639353289940
398220248648708
308347253226026
872317052770715
468433439524020
968377706106025
866877348541684
298579593658523
890750966472994
162781835029088
1018978577274
792617925605267
688412509920042
801650276850567
1016078353266193
986684705430993
101522256185168
127713708979107
596493586907405
492809990367645
430369943782058
335008098325764
104800255496220
352302257903177
456049943942507
1045557155455495
532962020216625
1025319810481463
936134084133801
462325809357325
576014360670026
561456650668302
562352054831565
406424349679567
834622926285428
233810695494350
1103737647298671
917866344792218
550712394655877
848857985154551
70787129019270
584694782477167
411924118581501
769932182820701
791032502178435
399444997380534
1070556759536742
920786768657365
130458390698615
455177170658965
1019971652372180
971895705336288
868590723837625
1065794291151181
291800762732549
278486245283853
759392824140933
874234085590278
667278275375021
9718526203714
678868759040262
812720841169067
268692051289939
353287512264801
552732423842121
178249767492778
816814496972666
891845820359408
114022241866227
759155062352579
71842370210873
282932876651013
987837874911212
15790198504810
774588023516824
800021666463518
1093473170237165
228882761821331
228804662889865
470044367550006
92487118941133
1059362770407602
249278447507180
515385689091074
645947441208396
633617348851106
284021053434633
34736352754529
13788960852029
772815286931432
971269619992684
325253004872078
222043924514663
93703868095566
1117555158701075
1116131630431320
512732437096933
1070140277030265
91641095996185
625178955713727
569188876438044
751253448690774
721807693182435
206307765454519
542907527553662
702128050758313
774807350393232
854543338672342
419059845808243
796881232233118
688546535582232
661069603173228
99070379298432
824544948578175
361168739149863
349287393225543
959491532103408
185397317127766
958126886033630
991211004674778
353824188041713
882947190863319
339517804944748
945811495024330
91766059787256
300021039464692
442032326456062
174732095715197
1013203610896831
54332000063006
779842992473502
51810995909844
282112267741722
730813971733737
509580266452242
463855762670093
117009554059929
1033493679249485
288633231563801
286967256406583
878058240298885
598630666560650
235163013404193
189615835772879
494047274918127
948265110803706
597426234484749
1033612311735333
501704875801625
769896735178638
791794162847764
131676983407169
744254160669392
393595818218795
177562011574458
1055189829726130
747821986751104
109180180434134
930879855712171
192069161793522
383880440523144
779234886823216
552945048048284
234972290108979
295348753440260
695508492340773
77414919245990
91618950235439
824903174860785
896837992068185
217461010755434
759144159010156
685506901460967
326994378929164
47942267196779
834760528988530
214546881653356
974279231774330
354540016882090
138230446061816
16502677458936
617404911604602
709187120007660
1078706226242614
10152670543064
470673737088640
767318254367534
840710630184591
1118934996020941
262727691893086
972814796369103
341901389268942
1078881305920810
711281188766866
247768892657345
206726586596192
924347904014993
1017386472485662
375293357136004
709359652852070
949492663516034
956403480154597
540189001263506
565694024374652
633707068295474
462405586788564
621156813118607
516366961056444
660578585304323
606206380144770
830572860267068
326911225797833
647925579832000
618257950258162
481671286869822
200548442280639
839441850157689
1066202383653498
248551224478664
466075491893985
483589917623258
4079041690082
212232781647490
162493101937422
87272353880266
1009409219383262
206809340101630
492680752090702
12264192562973
768571350383492
526672722364731
179810581345424
555507430718951
621229170806667
46437129089228
122827971275130
372670305004724
700098367697406
461271281980669
202108008701890
996028125090758
953465126524805
948487121417525
987141422653724
989708736771098
330717014485247
454912879723040
646052530127569
630191925540203
403077354733928
440877094919879
667380812429028
285677200623903
179241581901277
347253167454509
585362751675734
159156480827995
584073149102643
932029477308596
562200281246623
257748998920027
112821205879938
551445158221175
32377377604285
597918683765606
1029119118294120
112754621102744
655438021448852
103447621952257
1010694623443965
840218449375227
200808851027651
574362719718136
327521698126896
765497804692738
855419587936399
796045686619464
430138751311513
277779159325598
141414874727834
113764698348150
236946841994529
379908279513280
31200531451295
627852142452213
794246230898573
1057177989358533
706229130148609
404675549932750
26204276661636
967821440420705
347543411690428
218155731116936
641023314575579
291048420495443
329351531734207
227457470702780
48604565073022
995433892044975
674737191422368
178487452347073
267405636560400
253506924026630
543532804030269
1121015275726968
45086914749148
80462059617100
308264428144182
239234696844073
926071345429752
273738359532142
643142589305534
1122119906500169
765048056927619
775681222587518
646594569878669
301314421170980
753042565596020
113011969044489
988592946333464
126089872565531
814971151365389
158021339924861
8463245527585
525486604549396
811641718597412
517582841228892
123611968425179
345519642035263
655434979423531
788552139012569
853972520735565
955108195251390
324647735261281
133542510901691
878932733189517
619144117399183
671593942710627
310238456182067
19220414976303
971216826039415
271446451314558
381178196916970
1012755772912573
848711360872386
737191334092467
236133128412634
696876194822492
672597608142224
584195131459389
548254129507783
881326275564968
588561089508018
1071938694776316
896198922749990
1001915985197719
118517336144831
802771487407914
240649686819298
862079565425994
1018184993015345
516644288480550
216364307357051
187306393965614
448177382803636
1123543365214761
635617364942874
119918054964036
805275162840221
792650985465105
616549135063950
78634189612498
1032191836911141
18325297346786
929270514264414
852353477123529
324640933193226
166861310718255
158035359775548
1109024687006292
1053089910545797
140065675593784
15816707365380
467382026857622
717200233837759
568860084826836
370837059480353
977916580736630
321153038839377
101232708822098
193796671686767
766390371864248
290902727268024
1057837420415091
972494753877758
931787357981110
190573491387574
490126568448891
669489867311395
1088647228176304
377345018758790
56968699230561
999402514248313
602661087125765
42198487758461
1124798619036284
929476437397640
134606328850742
618013992580039
585036597942843
328487161431311
1064393532843897
897340001522935
933303556544356
263122948243051
648693296432318
981973223559468
45209638547673
1098982099881479
273107817318319
235614160207817
530087454854006
523001196460517
1066535415771287
359860991123149
301751267253599
924356530001679
253826109531376
254798291972923
479832559917661
1109702884076780
55846878806773
558504671405182
1041257887838446
582600109911687
278557506983517
389758669201666
324002392767526
974952539001412
1104230861603159
369985153012116
643078269664783
204186640659127
1054617078366402
932627264533830
1009100050416309
65272885869830
1121037287962003
104691120333071
711592558855490
897784110962714
940645638861709
970799297449752
835618972981594
868969513061786
202577179089705
889793408556270
343996029193674
428031959779209
101432645045832
621231325983025
580458828008770
874411751650009
868698346034633
172889071104657
788398535914527
970101677231650
25584964683966
800733395426017
360478582476182
1004727143484720
594256156090659
641621021125706
290178750787077
799918107060285
478888467378029
481742362975343
17374981144359
862389056945972
49667103371337
973937769866770
100079296275355
322309093991737
1005419696186278
1122514335972281
708376784277850
573083192369844
939375289376404
307661712927641
423385505471353
509930980962245
340707559198372
650421712307209
823611083215000
593477245747336
239797913315758
437944519691749
50730429505655
1056905888945638
328664070299712
223133929157835
973379780181755
193119920727441
821640065009520
701957480712084
92167976258841
844288106664208
63326494076204
1052438656842698
498986541564389
1048118094113800
371374368008239
336969443472551
422825816275667
528691307790742
993812355905926
220712683428421
348363769576005
1030099746505386
365305948463081
67049345729988
674161598942023
672682011975329
1027407186610356
183642074506458
300502403398517
860914061298893
368428274589529
480125143036350
107353939881831
327718398363466
565126058544813
1086240190988573
393622794670215
83675278189369
34436958598593
130095903337824
616735818535132
388326996264987
95563685530428
665989200443841
865898682264311
534098462883003
852463810984595
108728844274205
476753700804690
226376484471554
662377196082095
277756122132802
1111105531529555
844909868178238
775547347995674
582133985318300
578605475290358
858693387249834
1033836285879727
1105489310283795
667964691192242
1057941653965880
1057440372904512
336781195972553
1020851435931332
199345986995744
967414539451526
341465426056283
558709210898019
1005233660713380
318073472688143
48488418609722
791736492948314
183088060013969
30433644488595
732627512525572
79632693273627
690361328815671
194835316533000
793008810987719
132754544039104
586841686963411
632315148521249
1122600473816274
53719717422014
514152626017667
775838712697200
365725624373977
943602649221953
691673129329764
156859838218286
199185037060304
911725582524006
866176931090801
223770615892947
846680730336696
4477715326193
635626459781246
1026581472488068
1056992412413926
380272636833771
881100345575295
558756856069036
869839163530857
27846431854267
526235021224599
422038797363207
346408072225797
74096376205285
509848521264261
845584638867996
222630250167323
503300459976421
966770032746259
3222355162711
672023247108142
412309767576105
1030693645262442
417489281908841
877033592676189
821893948198573
946007186578147
546313456027041
277151770365009
691517450624630
330149073183407
696751230312330
230551516173654
573456410490789
712243163635855
81493788811009
512898183453459
147245632308886
460750942729946
44816424108918
682007257203856
183706921772334
43212580947290
857685517213389
337133255870772
744151839134637
221476459505173
1064841596690747
92435816718453
357712670159525
104407950343739
339642341889969
55633563321905
405836029669170
256372715537924
79585260362926
458137454526883
1051772017967519
1060662869116682
689001200179497
659180396152135
822633931005668
1013808206176013
2980893549337
567131160128328
811119191240274
330687412084314
515015363842212
1078187475219443
12944601020742
316151530307182
732911437491554
111347620579992
285964881589789
120875647863801
862984367371394
59752536336659
250898164218189
797870774079108
626296596343314
707982684429487
858301536899583
605671959353496
615203602475956
1122735874018142
1028536445235221
1018332448186354
53144066610463
934312497560241
594964847708712
668260528865965
523410846141512
711197446973
414095381066322
454736156005777
770810840315102
993357559402323
129745242546448
925530001025432
68243052430209
922508223193321
656176279391843
870794819308604
310184049849086
354402401376792
650008428648189
201962822947791
374602867888361
819901951300358
1095663737560177
628765238118342
589934844030223
355826415510114
386147636933833
923740426239119
215881353300164
1050207363666613
899583518091195
385699750911717
1030341302901303
351105386903859
833676169595058
531912159130715
242929393883750
809470300107961
704808338505300
938093418195012
154470193744875
679611826265736
434311746381845
148974205393340
42438033623934
255652327179646
357474128496677
183007392120386
671162714052956
210448126877784
1059715272475507
344201029871589
368531827445375
625986725693262
865165635946520
1044428816216276
108695989447731
210419784134002
803506706831445
813912489262843
239331590716173
362544438789278
247491061678231
859440518774026
501476293803758
138252915049091
1029113075044287
761910333648820
671154353278259
989186628257706
825364247091482
473011867182790
184046773726877
1032453802753983
149580112406094
781544938759695
883073324622380
756264008830452
93308604556372
143485465903978
44309637343555
553029943215687
289006974431283
1124296779121920
15079680491227
17505012387732
386891231309654
70885057874450
403086631711349
842295737454273
612122389205312
937297332174516
191629628595440
806012167344056
462194824420548
1008274431233720
615874453870300
817963731534401
371406404794395
556349224933862
83582865041524
707437353875048
372143712143221
16861763411434
80295031507113
455992142283892
352966393435935
261122418520595
593212362680594
555390592343175
78550863751167
441078649491104
391611479672350
135320763183655
424623641835962
809875478327160
361977702300323
586149307186488
831766997630328
794922670942491
482081217470358
38107899412212
29184748325387
179845938908742
142198662057990
741963482694549
608066804864019
237824976849972
542735052108543
436074008080768
318239149759733
1046264775925278
764825762434712
455188127096702
342881953071236
868307462810572
337649232817848
818343558846471
67120686668996
996373428688909
374963571939514
870137348288938
739043667232636
141423426075136
178031336099786
1069008762164450
465352928153951
1043293989139127
618232652037757
162491178326828
1232984943000
639091661606751
666078962685499
494242144275643
1069812025280079
1005662386381792
993210782713738
169795244226145
689479302128680
674534884430197
154750360268792
1118969847449035
618257558833856
761431270420050
475942501659832
834054100031679
805521911120734
689350654587723
1006071345527338
695458842896017
830389299092345
1030063800341627
337099686575719
549235077698871
837839938664381
313809054400742
861359704559671
559021391547350
967511461925771
310678736860315
147629815470532
443753748528229
324177466784032
549135580197946
602661420331083
848412301086404
1007964845517169
759679062004366
953212808547029
196092664442220
715408811483393
29629729230489
720238395947167
33477900091668
650564826811437
1114777068381686
659190624758254
283283417122714
807814581078659
347560113476550
666286005407993
339788109122356
598504512471530
1082926871870449
1076140957432474
3506465895620
1118348563633320
806492196813072
601417612149753
966625365782009
130092538405179
982922231081636
819841213861663
190075134825099
92005583699995
573054300153980
454928478902008
713647380422210
238754370897372
591888903037762
187551302979379
1111302006612031
763022313272279
868655634111781
1096756733814457
596063250927614
899679392957946
178520857715189
941978569482967
420680337172483
531180860321197
160205210486164
225544641193580
992717240025239
97223277901946
804193034111407
928266425804350
862603684874182
70643933314016
506365280274576
43306800269372
886258947726224
1009464507014522
763417975484430
65385530051476
868156625928286
1081887454847315
370515842365012
665223047098062
566333458149994
384803071231797
929021302066130
334164913865018
327093842614268
329257998192042
38653236231962
61737153288527
312472404279523
178353651985396
58908473630807
894556914996308
318140109921166
837434608885448
181822085617636
721129032498881
592611634338465
621954411866886
216498167087955
1107022908083671
310765444892457
851881017407900
510974570123760
527691694422641
328766801124303
698195456036344
652945410686220
635646040049141
39352641860461
413804555958718
117858263235100
875938943330726
911807403118251
559572007028341
1013337063857845
300721193724624
385161651056139
701670059246477
572565575398724
1029889263214796
922118559571411
1005348594444866
481258670879420
468147762291259
122194555635600
827938706064293
231534630665320
136952985505860
182213393913639
723494578571234
610361139472099
1038989738580766
486006783593452
567772227764319
117028597205622
673178045850160
568844754557676
378502538589811
326055495868677
572144928267063
503032670564507
788197852602485
401688367541692
943665066664400
996751785998012
407113254139
616102512829564
439773403502642
438263423012325
96403593743196
1117965278940350
237461377728968
600278390349635
1072205040544297
388637628361260
977715073523258
640450054782868
728214463123777
867461590330840
923044917274881
428207130878759
382027055871279
1072947529323755
20839393587278
1082617953649607
967026179808451
634894040920309
525690877919210
719858162065477
374069755012577
698460675552472
980151123530309
63499917699847
474079066635794
63728448104847
693837976628394
545477782798134
459363059656600
664177259213765
252183578880648
1095121833973321
543653320753463
981094923471558
988154397833213
221535654667101
814118188251028
610245225756401
31640825177099
821549379250851
408469480631256
394547079154425
8679145987526
199516428763582
381486507533931
90972117729473
402990523702034
157828521110952
9425336299684
377097735550934
1016297211826551
73698446133222
996404406724912
775621529392039
842310260991773
841936564212583
1045051278251983
503037594511854
259841568530732
320137029779724
1029565257318884
73996741595483
157492628992701
615725907963636
87934084544477
848569396648252
383211222494930
67646683216274
485028838523540
365868590712907
951250525183374
927598481073931
328967392911641
1070726329984186
646054554402509
293217857320751
309689885457483
477362098754566
106609892068447
877035073547916
368764521192141
746672455505042
62687802223681
340884295146261
796472232806633
152577345305699
811117785873036
472515209887398
401623838089843
769348492800360
795041109496066
427853415711587
781408712885767
351664783313884
432393139342480
473694356756230
171382659218521
932877611602485
1079394207800228
338301172793874
430559298820253
998250501108320
243222181792859
139875481864462
1018838601803425
665767264879771
532410476957538
707354785318390
524548131572405
848869442245283
615351767493985
231938911302327
1057933588566284
965025106219510
376601014552425
668885170598231
475699059839402
824619176625817
776150988877400
897497156519809
833847411995847
427575484351711
619308662011022
778504813521322
88140955300058
437266428944055
133316869524647
738609880523926
121938483666592
718718897514185
387116001931159
570315499400652
764619473270148
272206042939895
1057319892154760
185849417032174
908508698257951
304693121464868
1060591582977300
967537891567803
256098344641969
835294615924116
105702520135121
910264808795677
370339358064246
751489819128698
390356746725514
77219994316276
427713174046662
1097834986108885
104544256156901
107462320847685
209428654559646
875421800880118
1085709939878930
300690279677592
520141896711432
814465114734569
18828813970177
267132161849861
786645646039882
355214662307076
220440138708047
34330670406227
1107608713454767
869479555879541
543980247460786
168397552870911
514737762904415
482516392307575
264154707787912
685834427774353
76534278280110
799882694161874
800061132233918
885461142287554
10726348747480
903679603542666
152601049044447
884887335832105
138697917826215
867816613998255
713828440659738
205187013274836
1054806120564644
1101990645875693
200951122695083
494959988016826
962937584754552
349219351319921
269803794925756
14056298791453
704589866391339
1053934075082025
312332084089948
649134285099793
38865739109287
35337014159054
855419188187950
977803474985122
683270029490407
976376469838802
589069449714715
883425734394697
600681388945072
404539088678436
583423332148506
939416638013389
206283757677989
577984067343730
724682230842384
917746069474157
651510248243931
246590775385655
859641378790438
1021337525618754
906953171157623
204697049258607
537760438441820
640639741394287
732187685091051
784782170154940
268147572015048
1064149335083248
868184515309635
1083623481305873
50185595474560
206871652310995
1020946838559956
564079450080986
725707386138781
319815035418427
825386340287428
398641256621313
1056115192320968
38538633368320
288146053922341
951078437063933
892670714497619
860592539087483
314770594030823
486821016013207
798070474437512
315406441268145
587536731129498
125933897281107
884540025429401
959288998722726
9101227875263
1110464277961052
968052553710575
864942744523459
923486624171624
333666083238719
428654815389178
412133430471945
472935117302974
389051922913948
906544188168943
490602700902749
644645287115258
409685515716124
259377138059565
493498429451155
865839868027314
234978635852708
464778931028657
541705783405746
1015768442272380
1001147449431653
620890819466694
921193167073931
376765300247787
376824738216886
954340695410382
163187808051080
848206021210752
531405542532767
671982046700006
229756102644379
1082507397865148
261486790791021
431231673663738
598828447778089
265978265592409
223931139464223
295674005872621
1075487960027093
353193358320574
148431583467620
855610745642170
768448189317479
129724655852145
652838141296740
742917914996543
1097010790932784
657843206280309
169984358466652
1080173428346444
588773620962113
604241245074989
27635900866592
274337819893987
797087835227631
257786254455447
900921512769921
53248798356199
1052010791797532
96805871699843
427986087350570
708164314500799
139943700546024
546874390093994
635772444940289
765118402246707
206868261480287
980348428991485
241029963699215
468697688536832
741956132828713
1098724271489185
262832748658140
852056319935515
1078020569059285
510854037446804
613897901519827
896270994793045
816865397470026
596367381539781
232122447130854
421062115315805
46931723241013
1084451985479635
1065222284242851
200948505212588
473382935508806
590815232874875
306666429718890
1069361723923009
318662465583151
494565008696702
256217131413677
725004471671959
752324018272032
470314992628986
1018266459616226
311668750049917
1028871549127339
552276842828803
88646047428007
930846291555047
447127791610900
907074915368722
1022994520352573
770122951236259
529244584153311
162099022223705
9198004030847
781874016249671
782076325686554
663376279524285
414116585031758
885842930444607
990656251858901
1040953099964127
1114440778801829
607257634417208
524300144069218
234750236307302
26930152924818
539044779652821
362655769155062
1106071507645505
895498256402849
914475912241842
87776874594113
901806579803953
1026604862670937
475362850051016
511974941289249
1057509710853364
355946390832111
989925126072260
855236105091738
902007984808239
996380887029383
864108359094948
97238042592766
755338664406410
870808349706183
7618253216869
126638553765430
693274017923614
446558086299270
434001287242554
138599744073771
30045303576208
1066871504326770
182941490523823
581100971316294
319217810263388
964552918347105
786685743649907
119152748277724
864592735330555
401320875128263
25722998009904
762870326317775
400210747268719
1389135335953
711500848315079
26197617265581
607618223355502
988730564971437
479442974206533
735913135721178
1030077250817370
50921802685130
173333696807648
606937394006580
92533364594251
46607350750059
106432009886888
193067093163486
757749632118055
725605423374592
518350113340932
1034712731178933
1070612495943558
82187156179965
44960092302220
861443327151400
576894444939981
180547750673008
562137218287286
768463231120684
516899629661547
590433758644802
1082344935150242
588596003659273
852401621430628
710080234056320
81096830957280
379176607480447
911302002579184
556898321617365
801335948561534
282985330405785
570830548809199
978609640598491
102970533811971
575988822940412
464131246386313
589947662529275
424741363287630
279909067349319
1050874970049487
299922513342845
324870214454481
643512632555883
111837374602331
778532558474571
1112566782619018
932801020796924
860567039618180
263514431145348
770690076339507
1989222299433
87503883308111
46494535030689
235164945618541
495672904558001
403396739053598
185667697770117
532243625352947
453988416038461
848872818822513
68218981621390
1002727194444267
118436902900984
1079680821088797
213622702148946
698699434059230
280287468364937
183873662791633
801271821795496
83496340661491
76956625710441
373919046617841
374181049520021
923207089003503
350982993009237
958425924377214
699261525058469
473573755278349
530407111750191
236295222232305
487261072138712
756124137253188
1107554539914823
348229871435630
1052545802965568
61043503637456
803212881249466
480475736210372
288108501058181
782413998117013
1051090214736754
294279185533689
520400711756482
436596981004101
78706419312940
1019334328908180
1024479468879958
74300399106130
717174880135755
597694778019610
1007429192752711
773572592403024
990224243037586
55687816828507
625760362912898
799283677565066
737982196774623
519212448836879
172752949708295
1042207211408615
87777805055778
533453207009272
283113840740845
511686795289318
1062484438820827
255732664370967
640115617524180
109653939020025
1040497011736436
348294996185698
996357488249113
1018321841306996
632165434081058
516025248805109
416253270930147
862820130208814
1106881393825400
1032972129999558
390674573408533
691862862704080
329320644427241
805410757948266
322666377412515
384213973816816
436039385054596
302908254524444
251151938148978
503627613285844
525417494399857
966431668736180
590112967099453
213769881568308
364320492655623
682872474593915
34289856939792
853515585028446
984489562336572
28360986148439
731931323906090
151098046321208
683184340445574
772136635540537
606630131974297
963293950028654
656385803131291
136827576231634
189850510724511
644201922270073
623352777759871
764228039268868
648875438315767
964850525396897
280590707653178
733512812495347
345692756554710
81203198171721
347288023338269
1087508470425156
811991253973301
665657291690317
461225320979425
1120613149970141
1023415311763590
276544500055640
263235344856239
1045979539913572
749248993208651
1067514459550335
910661795803554
164355547390034
248126364571077
358397231834653
16470095414374
373082006053354
869207301016779
463029261857185
865857666413107
502106486729844
418374879793501
936021311408262
633529171212351
432721078106819
150247960260096
853255714023907
156803714485350
995334489209256
123997038661811
636907528181798
720876366486990
928928014966081
742920163046601
374056193728822
1080978590199533
77309324853624
559143762272572
299755471540283
417936168856479
838827697194782
77497418302537
629807494786035
499910627749449
895868626775827
470038884264556
417091404626354
1065897149500853
1054592346335151
140460046353434
552688605470891
248779834884741
125408891007222
991486060912188
448906594933004
238272517700958
325566589783611
977589965237874
1110100336722647
388453877201525
260092000873539
537636402369749
456331657063048
432011440192812
846850946227569
374094706503175
1058608648532739
17584716359217
314778516013619
916979915204977
556940642937994
33564000254627
493493764912779
587847769527239
208365789474543
341533473521914
104135679274640
238370901460378
296778951830282
653297300320671
974343853151839
286847647496821
332270024882888
738721915998506
331500627578891
684653277842400
1028048868489717
818089111111016
990104973516727
516322507260003
75093512530105
1087500233654647
823720503819663
588864203313955
702188256519274
1038558086726838
1064877222543171
184989843790969
782883297043231
963194106424590
1003004257452943
220675089379611
932080961542811
356639321695255
146931836729134
202681260982938
730226090451429
805762393329952
1124892603097332
104172433436232
27643073395812
21397281605004
46875978030900
1069870738121185
107876470520958
824051173549630
810525421171031
699125574998651
947341678267570
414876219596251
632116281456598
168336453783550
1090823941816133
750564278571907
110620720898753
961853418194543
46781050335420
727310921981891
293567570069240
469608733463910
273212761009836
1029989916887697
226390583104546
254580909321518
882122720652609
633599147133104
138364226664387
401528666949885
276050020988998
1000601393776459
887286098610901
77874249774541
156845444886147
409696310489733
335651366132820
497888614478061
587896781780908
36347778325688
139671284371877
394224656938359
342546775293800
722827021456973
790631858466373
166605306943924
988697878003358
905688121955727
190924435199028
1106634066905958
288184291774738
232854727204261
771622472871567
176258298321651
760195345374194
877029606281210
846662848832970
261350604402433
861346365155937
633623014368507
223999778314810
352129889078137
357253865292019
265891664039988
690326650429670
196667072643226
712683412840688
1019312171419773
942155143524248
610246928444891
439654911041371
719391752672269
863559802289398
706671990173680
1080916213009568
157874620762200
909315490470316
714729046032556
1027132099505444
1092935115381411
411068458568512
1069098820424114
640575030651685
1054874397917704
360722783728042
414312680557085
1083636647079438
894269285956080
1112737592649601
439033330973285
350130287230761
302758892224920
821119805930038
708922414061274
850212234341000
796023763419121
900443321610859
88434571603600
343197901064452
1040626959696073
1124887127907756
946565285412806
975468875661696
107795151114917
217856145998431
276072903317689
289158921918624
722134043909051
789465613378153
1073712362651275
360774134279735
178318417574340
240746784661788
1001791492266433
519015242557527
726270119530385
541449792485688
1094674633718261
838544469074335
90309512413005
721372125140587
623685017645773
955001557244158
761240123888651
295025706494774
13467716978061
732967060818587
124626485243256
1088529994297093
365139652028044
931846852811707
287988284341960
149070210651457
1074286966083908
632257748065515
54940191587703
1041914471412755
780248788629444
636354972940424
427355510762879
207694767600914
596058669186232
329859276479048
82385759080164
885879039392818
969517981843008
478996565567755
209503494887788
490325277405349
590608241924125
59840400984160
1047079317856026
541595340541800
958231427852425
530013110150412
269201213965763
202291269277142
1037119728288393
440715250019522
472303363955124
894679458878000
465697520848606
842871508274284
747652055784577
914352894196731
666694738095505
1060075392709012
321233386873206
241996168284097
733648482192947
520975513252805
839953211186186
849206442016745
154223266808760
546741303966677
14325273652617
412886009939778
547328778468175
526072011204503
168066986751669
682052757200731
739691277672023
224878157816084
1018574658565084
67804572223031
523556851880831
587166725196275
291728423607775
448773088743861
709582629673785
985979958354218
580842731564832
188179056334596
693300701382798
374889536870250
687947160111097
643074525893582
374596444105747
869912422704224
99463486575230
81998695211096
3714017428213
1067546296483113
732349640009264
225900001677983
478505998483765
914498072058748
941799221997563
1089263949479956
1119848256182465
827550208744185
504175008604971
359397298833865
64953188035349
1039527605129429
1009647355919823
1022266403830552
843379771628026
802473577619671
526681387688349
726841377412997
455658313098513
100038261997263
790964303530586
147738687773988
619229524051652
435542670102057
402637663518496
811656012220215
169103235773488
302127053246670
471818117341261
124960287672754
979515611007953
327871711339010
1086073392220541
702876115893452
816512363923965
78746531688843
554074488231560
166673516146000
157848004777445
680168706286506
682029868214891
1021525777638679
327100586110708
287780492248359
983053198191483
907815426538656
277000640369944
291898726547909
599725161526910
654610171910473
627847741608818
35383587810588
962060924411355
491074250027538
130360644436464
1035080816356800
1066215310076664
413419784251415
651431691662674
81130558659054
912677028016413
227858712280246
227774291247514
155420441692527
760549177838550
204119932068850
682348144098610
149878901767046
316387519279929
426084525229752
1009283636750360
850519778273171
389061640219945
1094201157061082
428405916456891
616056950051768
607469340628496
942391064978430
867370072167397
857131769888108
121105250513221
711925484178962
778384300292497
103022868124685
419286841498305
725457849030883
766127287474344
447827255649720
895190743291676
433809429390888
201422266710396
831764980519775
669446729734927
1007609342344355
583608931359657
86222737126023
383797480135710
617279544277458
358678736277265
149611739816836
200815004630873
739775326144994
97757949969531
17377971092022
36428988091334
657520883711312
417960666263554
655451561633824
517996634533995
124603295822798
892862340622923
370941745977195
107190125205061
959462870138985
409106211326912
45570018130757
256203621897689
395743134069428
454016045700972
859374551220603
1023056500891544
772224331299332
314372556542994
457291397779239
431242357739699
899978198612974
1120957187760998
654684207250297
1021708547906437
898724880534162
118777321133022
921587886785938
1034920548108396
633588434825434
312568815767826
85870386801419
457208858918799
227381827021585
270315697541648
506070976712523
258780216189599
449149044755927
456806599682925
894515432190491
664566233123775
183108600150104
623279739372043
1096172405721386
327309277989548
411983686033896
624808082840778
322825836565930
444253193707430
356878411724366
44864043474730
1050709968760755
632324498016891
503555859092258
132641680470551
207058389264655
1075791855057594
147966483359013
167206618766060
925997325956368
629142245570912
1066918725710892
305933749084630
216720437181275
181621690156972
558518703142083
846717455978381
673226965582782
932590054479250
479311354735340
797289253337910
1100479692224875
115117433094945
265308265641894
230614132980117
773545569474722
1122194787557366
262212027502851
105863089334580
1042816677372319
467271627417152
146039316461768
389117888961758
655826282391782
635443077861628
440969342594585
147144052378562
999144136917513
937621797172017
420887622788898
160455842399727
858064275034236
900301482903106
88306824080853
396859619008808
343082954897809
985888715887332
726650146792416
952933086274178
787050009915877
100834254311577
1062579280086131
551995959867662
864808406252358
1022283631735473
1015499816782983
985238252519311
424760110710736
461750280403085
655347473446961
22757012922334
183660877588611
385420932640501
562645680642930
1036150410833016
381978323847287
710502971028263
880748490430304
58343343530911
507197014291044
832738603777076
946261401796889
610887747989229
638717063546956
739179674189566
718644685256402
1008720642314061
745594088053442
1099752575281703
27994553700819
958390263608892
337651602890637
860004461197332
938508876848365
125679206562519
229649856767450
835693114249665
711240962630222
802486165401203
931959740557147
796167990357348
198226474502977
928288204194039
525300862284961
601890438951937
156452747690465
465453215412389
963037737569930
966299990209892
670509398484748
1066772696857213
351669747743995
809380355913007
852654973991564
816380779701939
643518571011888
1094054624500285
658510347017067
806023057621340
767309922403946
447340012619446
868921762275107
1072077738412045
1082897436116700
1088520059894384
925884382041242
9690434417107
765160108001323
1056671674120923
190843572237232
399468450282498
614555282423341
536783094265554
688142251453522
32548509480804
301308054192436
672999049212240
453246680929776
835804395338676
1124638548679245
975249407415620
158623466060981
838152072745618
403314901163196
561963739808775
880004107227503
285476492936190
70866789590401
413747757969310
544884616994575
500622132887443
96839804949241
1025797813274376
758738234400590
644982131460146
252895835369998
356431914191505
596036254032998
979662418708024
469670749615052
932718976636418
815291999466482
603147577273700
458000423347202
971188475226745
688313121661284
796979314795360
848874273787959
149972173074845
837760327459924
25729602362662
715317483394922
281812655718934
845950738049234
478042309557391
1014210039897888
764318987131700
670493792714458
825856742376128
120790871382566
684097809102721
902053395732229
389034312174473
935960373105760
576171893456342
40410244774614
17645124832556
985528288075404
129535501942892
855180207059491
527334541570852
827874799900666
163230104773746
536415526232706
130596221729093
850194333127247
248112871510063
419537128263754
69081921349031
543495165712015
385419698872135
1020112284598006
893626881121690
553338717946567
114730645503301
583851453414037
333598585152093
520095028927781
363133840555139
679082173672472
553007464205234
1123452912794673
147924071976392
259200596533430
371072287613976
192578450241507
591627802314896
197354915374252
762653578684001
442500763180710
563713092833203
567490211662767
110727057707210
1048291415568816
539948101448355
1046837829164326
542073926757476
807475703093703
653213899432843
598923732688303
702338354809544
31877186174643
10162086799893
92820301148999
1050877889762691
659373507577318
862564281922025
948690003421709
832398492023022
796922052992461
1044939783336151
521585167893331
234586136801562
159996440358756
654405225175729
768454571187866
1065603845475569
737245967194933
378684551628974
389602723389786
914315305959355
1078101441063966
504678440297154
65659908873405
86206432001565
414413625593778
629580808228571
223040595240654
1125543700040742
151156052809215
686579226168724
460856021344681
472565793872712
172771692450862
440978740639826
261359463791891
60265016766292
147914981292217
247496654421950
1116527174144620
407093023492162
753432808633077
803925014439223
357641556824450
348333392403539
823516012463209
390525477578617
96041777307812
492795574191824
722402935805459
1071415362099530
781589589467078
929022605623998
332334225701440
230008109529410
106242123662079
25460057257275
1083774955604014
189022032008729
845812978445645
883472667554401
787596068215783
613560737145132
42569828783599
967868611314241
682272224051171
657216389861401
747130304258712
185509855716086
480872070217652
76326678555643
1120118955870007
1028692555889360
612746848782840
304569892857428
821145314661580
793396248268076
662129470412887
158231596517460
722262435764458
985667601069285
1029454462241989
683961606981275
982067360054706
1108949719629226
740097497161622
142280234637596
132200761590854
919134756881550
363279625588409
75688917737423
184554997696601
1118655255124493
102722317430300
1062004316447094
997098707460314
440629839973507
330742566848238
617392277049867
442098802709203
176442743675070
1125877029863765
992558017000358
714981180687458
47109063742497
954159170332817
127039700606371
388472880960365
831021282051988
153695630701359
556902951340349
485251810426098
852255637939725
378513023656029
299640424982012
300059478898838
863794538896548
353021569722636
408788684552843
472842316137108
164515722573272
202111971842034
965861516466298
218088138890820
181215504625773
833906945128631
456156861855363
985543965152346
874122784518252
66185707585097
1008417077269349
766459768454715
814215731515141
725643320267634
778942450145172
366532102857368
154177998338556
284003991443197
494336103018585
510495733969967
761620149113461
1046359298010203
730626380994789
108589773864027
315808264982708
270330534366311
712326177537070
352914244658901
622444686225823
721760452707006
98042681871659
93798579549156
897931047268079
938959038298396
75760569813918
874449376396825
958329011072508
55413519599952
739494912859712
1123987025333570
96758594037243
1082327164958931
963292778158115
19412573312406
179918383029870
870047755630602
30939437388951
843515469779473
121687119662916
474682556578218
355462353208000
554767967492775
214869615560047
627613770976347
538609491544988
863917865913215
645724283741714
972242507467095
183455018031643
109197980259399
515767314473909
713816264721072
304569333860105
962914416464614
776029040944594
575744361338509
1085015038908221
522046982070540
45522720081873
906923882410246
157975059002789
972135885077839
1092484661007002
1043409430279236
129205380397686
881382108197234
875519604964727
153009977373998
344111269639745
86506363831053
83550119514340
977074927941934
282305651444454
488114480392704
79443845536580
219802638214946
1006529639682850
711486065408354
581382081856672
198126845895274
525605037199811
202550429329051
911347511945817
1024223745326712
803895935154209
547754091110010
811209910258813
455733505022727
769344826561270
1087518459547532
439026999160010
1012643050978933
274121058005932
689785896523571
85714441784391
738343384737502
294217389909882
527651304040726
490924054400198
434878814279181
406966261739865
852521061063096
736091809655553
627141212289
675804617528922
126200150027063
617552806726641
11244227918135
921682247478698
233710267090131
439389365280382
45393155934073
222995531493227
593492920027337
168236686011128
600387757387160
686444588125933
1081379029002626
721198950487475
563686186686810
975685307918053
272774871095740
217246638715718
456731758851580
1089262464922390
95209966123750
816274641324027
268675221323988
239004975043767
423344631939531
769156799770018
64560453678938
1013017251178029
948374457000804
448836482599760
276457270364509
458777851019211
892522093858514
392137123116116
194334743527232
378038570823608
1011387661692843
1033717270715328
328773090238804
146904594220167
521891635021888
735904360071538
652458627996469
234247818672740
1107120674620841
386263473302081
321033033905437
955792607185621
498920273759076
994687705404639
912318792753459
960211540683969
240392097366014
504168924093788
434295906000948
974382883817440
523062850181985
7790715945288
946363285889690
884426903025856
1092114326278241
208544119037241
543122657391487
729915122620927
1020866969010888
1117331517389803
1070929954462900
347509202583218
71978372318950
866107427132715
629381011749678
422196954776131
264065421347254
950820253184523
1080891566695330
324384195413525
597351234701688
786107418036462
244526777570885
1016659301469351
1082800168001651
1114130933986108
303957502326966
996796993927229
783636905759354
461049755284578
343719631912146
742248839926807
967290657049105
834472491158243
669035078164766
654194060278437
1101144504046671
1040843635396722
1063665904721102
259632865542330
995105394905818
729554147774215
497314906394920
583955633174631
1022110035214474
988775529354264
877495442189296
54796849503178
222367343992781
928452353084655
33384848502074
89806085344848
1023032860503493
1038557601578853
726959676268393
231237664065463
694427101504531
516581693686835
306465790924225
923098021794947
257655045363320
431211951289102
968880469079514
1048810575069794
366348730362794
52847366486789
954915975217164
592684405332247
618825789342703
1016270806342616
739739676425265
730793954183425
961157187747382
112398638908314
848736511022798
848522227621975
564231773566930
686071863113228
15638726879315
383201041778622
365323234324746
501959356638585
165848026242824
903946985923452
599743586653859
410753806823888
1097544749356807
301157037228992
458747213662961
156284749314373
192659733245811
575696924029312
231335836140108
951884860873966
690321948454519
906907741621423
571239020183606
217524230920015
15809086905675
935364296300858
509862704291345
226232915088857
379727677673418
20067277763542
948406959195005
645795664598745
681525733576392
276370273268494
911483615389932
216379971391997
1047558064173816
914221218728297
61452134048635
237888560750943
1118760805525942
571233220633164
932263379829294
38334801181409
160243327054920
576422864064782
51464001901313
226634145523084
1036029743403052
133366792775474
149756130184983
809646969104779
656370932054388
647991701911237
455740265479921
591002746347911
965704120872066
843469127965236
587558026687384
228535179638587
458010030261037
1102257758531911
535559095771372
746942209064271
674866742569727
140791699538155
452958855826945
567541248419812
718768529393671
254988108653243
583039201225942
218283388278564
264314464017619
546651921675710
524380761471941
906291458821549
324309748466565
228335703160364
280753466659941
692688538174421
524682824077338
934288245310658
738771002100044
182276754893962
299167695037397
1075939713838500
836268869886323
608160807525258
1019666995482095
1034358267389507
1096155292646960
1027016148820688
116686718222408
874062256372889
1086659172163694
542223252527572
223818976477018
968902455212213
1074726540295556
1013098874349228
266416537395870
890453862253696
379124065010835
388901563623630
275790814709309
522604833210332
61950468424740
947167514975782
274248350043783
924755174601324
1120673855663119
902703996059041
20206375615035
629434557940216
630243136759834
683334898598359
569336723749977
43099697278792
809383922756865
994708589378906
198829181495421
231599066903944
337024790717702
1122851350045854
1117218947899347
399370087209939
1002379852078835
644462328951632
676938551814787
300464701935301
133250130241050
545842158432732
995639548501944
870286145406822
1124190807700849
362419279808702
1096580087102338
1059383553879374
871449151064372
74250916849642
656318616918871
170958555491607
42631832412083
833627880030722
851075365363697
112843249669633
43936943792098
110489212459366
435139117039718
706353349132312
96064193783284
415150779927912
865234070652381
1047995997522189
887601111836623
140001461764382
337744028237833
260284003387317
784166981193883
828574857210134
1046630052292679
518728654383142
547338745892078
835376367421185
870239816070860
609930796732196
257045783020292
867537302806308
904457550968512
93847641439153
717918881362109
545052983269403
796120951951509
338644357562976
1050225968276592
420223988023649
691801077428861
661354012948022
914872598785405
437624873052143
1086139749213085
1058360807600085
363341638324222
902604783868952
360109547667210
552379979969033
473810192653807
1107149666960130
972216034306771
282236532080175
372254451770128
787144659919007
139577242322379
838198847489087
419018555729376
370442592416254
87741992399805
434525609719607
230576521606145
385209929008099
548821401000194
114740372457604
717031373920874
236647895299685
707861033185768
1012412989957317
633582349201777
896430128230932
679357055758208
248823938446394
848401048271956
701074393306698
952250582497546
473227324194806
263999929336990
1057530979491252
851673679446599
103533225437714
194436590056318
520623846242162
332045291716771
822702519222679
1079327082203111
782746795357050
775489352059071
985035895466383
643060712478904
910235266386600
273420917902983
447421484969189
925272350947118
700152369084085
718969579077969
757237062682058
222425148177487
1089023590760743
25617118652131
950794796091965
223369167578246
427136386527758
17078803736982
907424059630386
258426636352531
418718897502505
108571570750652
446041074997886
406845281854855
55637077959670
883973057655432
100806781062156
290727830631890
473114652753009
20111539770109
579592149801389
26910412632042
648138360624672
834951718139752
593494096305325
348796351794679
983338035255171
885872499000779
99127833626984
614673949446193
305567284950160
1105117559386934
1092420635243243
271519634624692
457548395684788
474364991469832
998309220140119
833801031689724
480199334041459
93520966381852
475774029210358
943328978004893
394249790448231
904476120440458
1124490025013190
349807458331443
554889128888829
435461794135517
215995451616524
774200455844065
1103193186752454
749670550469474
930779636892662
388205865875746
926665436804768
88314890724255
707268856400080
241707885246725
140216786583956
728815462754520
1032689035965337
529580561599950
784150459347072
497091912823983
1101203318440127
344690516974029
871643815858443
1014848753578547
450126709055105
733612166984098
852111573421341
381767551959572
171981213308201
997876534556639
380504085236881
1104441060002898
960770118736990
835877827068005
215344834029326
294090439357733
430658157526362
257434046818369
162426804149161
503412932613999
1050211119779397
1047699480668169
817078778836263
498715017209968
81796301641676
334753237706890
301330080659291
384512533197823
208241601368397
221809024302963
268443689827050
782187944188958
325369011258591
65001611025942
684518639735644
827767852756541
854300004778184
103436073283542
331519981443227
1100036621703565
863833725790071
378432799441345
279780811783315
222372748540296
992385494671034
654410660022922
678665581775430
1113526878108560
234961455554493
437834445973650
284939617387142
47196060172944
563775060935362
415943876203269
765704147177363
944103726772600
103206844655449
375607245199803
481041406017634
962853612204968
572031669261
251850649842446
915254140035992
475573568147051
316041500425718
607408656286603
287626423932187
928988630821928
609448133736024
57224620668420
390455753966068
643047243437349
324731466731644
675906015096609
980869763353574
651792189076159
5192637065549
446251985769075
828315205508534
74707811234884
464669573787937
78695971042517
428683124654045
580867841667936
651469007541337
68607150923912
881289121734492
274041525218345
222448808390670
298317078285868
923463037567059
467296536395579
754888152206635
487005413150091
871469996532021
163756188993852
611279878742227
588003353374785
432277412397507
174710392755016
154059406008809
602067716333232
593201787718859
350617029785872
1101342045211750
2281909641402
827810573697570
708709716011507
912728741934253
817713539258243
780156774892384
764108468338060
185942328591332
633420222567056
752961632731097
1064175838851586
905015874889646
990908021468843
628304725409794
215837061267396
230605838211786
272546732509865
188554023816728
930073384706346
731115054580534
140894068050934
949701052688221
519877937992359
428328362884661
389482167234792
558326211996889
566293296465210
216456869804993
122119128012783
646229424665642
255447342916292
1031488469500566
794879543257218
719315077084917
95303497065402
308205990272997
310578906529615
961717107719970
557488931795746
415559095482318
725381098896916
514433170685623
986622404032411
463635884280692
866455447251617
502790032130745
955236402552989
174326907223323
923344017394852
130232001780220
326813154573409
481348498808651
532679308565099
989804438693475
985819885223564
402799574612506
211308085281961
155989791273260
530576681035875
640689702875940
255225308152702
2022528822063
1096402209421853
507159433153249
58613847910520
40059908322122
953254351174672
1106636153983585
473029979934281
750810424257757
269411805132461
349718760313452
350862876995010
648753779811263
300197375650581
154227803387146
807148560082503
270086115417753
619142212417375
25034693846848
706920628439959
425759152777363
1036954007312471
731981344804537
206748277637233
246373730985903
681232442328888
794344266404182
1031322201764008
866055235437018
322339704818116
83707914394320
656263489569734
17170082460560
613972173417805
717954303744084
53835885653020
223221162441163
653146540138886
688134734841157
48220467857154
69318706025932
886579835992499
324281628330847
562408361927356
730785755650851
525305874619283
27897521887501
121877258692361
354365639574386
964165536571181
1013521105343964
1100218627470771
991614459762337
998665041468117
454455580447529
13940253125507
709570839245715
585283485340127
424710016534595
601484331242169
1115771402893774
137113405060820
703572038583209
96523120034923
977948859693666
54862095872997
157825998027754
756167100938543
764966638299995
806212474301729
902758910189894
843910426967810
956679047963907
773586285349772
775898020409853
299296412851768
489162119850593
916709342896648
4693849848474
460574025851561
1028784570720123
773631349525518
171890202692611
391377187312151
576104373178973
346568881791004
763626454612983
24144367053298
361787016967497
157793013198868
48368350370552
861302704214038
140915827136192
148079687562904
956268713115327
205278060110577
920128602497181
831420898699645
382682694517353
128943907627520
589439638637918
747991041218203
148582994145198
340366687813699
229891953255370
619184716769420
707266206066181
299471955322935
390470755020965
206186702036122
110915548381630
581503867920022
1109553055897999
307468757743559
968131890925801
1080519928907701
191653176995869
1041576045474199
668093545588379
1087669900149697
926697602512592
293453445689134
662907589301911
460515027931975
251675766997439
808397050600934
1050747347921579
967778282549618
974007057982450
86388355364265
147034931378877
225944877219762
1124163311025775
887456172614468
530112129761218
14129848081036
1119641872674012
232347128436768
424885442905799
973289379797130
1032488852545433
1005816133221978
318187042158992
1003586785415527
186440903070756
311948925426837
132763419216317
421884264814743
248250851467396
697218211397351
949509508422177
195836628342353
397497802517743
1044888801500703
1006570665654175
476209661485638
149380222748527
343357670340214
260615950042872
272536854583809
631775767191880
352050413012707
556636094024752
407162887948914
1076118520111342
1094489431201818
334996409847128
627199299555454
618526609051336
28091608686716
505377945511303
642238414227137
1040217850509082
130081506511789
1051534796725563
367318027995809
266518452480708
45906599605875
98907840722165
848526893221803
525899216885829
309976709458727
708209046965674
522030626229247
955163091803298
459357218499352
557024847071393
62480137018477
579656629483122
246032457412225
289920049152570
247058660810284
964766774378498
546620200905341
335939467191789
494341549441970
1099577279514820
989414360257023
317868493356142
720940287909919
567417230535717
649304089677420
836593571257428
815095025255569
438666262489701
590143268743173
784806731091776
206138344324265
332360237719806
188320435583016
1010701079108308
436248563181861
256181889791007
39688840476547
128019220973341
655313523255853
649149506061950
140892823063979
6491699843114
544475355293859
676340420741760
823031031104693
908138832984412
520790340961723
1017208868148139
629267107175467
942163696865912
243658740599103
1047913001811458
378603836035470
713216150486307
929484165433941
954324056960945
1087463516157157
340285305338
855385727519014
852604206033205
591956497211027
775347928370569
321563777980410
964002759548398
72295721359270
975061448706846
162408749589003
429212063690721
677449673289975
590463101532271
933585676046195
348082751236958
162954747350341
592033270849648
950908325526126
691875955987710
914214259361295
692084986600354
738768710192319
106968026950942
1008573834828596
855833448295647
1115972902681038
745020372535833
602227906537090
606012781516223
450303054631285
402754347527800
778694135898939
688527920191630
955413679734660
378321831114003
303535157478930
134476189501746
363135107825267
519430938807915
225302898742429
344169444426338
669527577878343
629815082140802
275725481655298
750224543290487
166565079968827
99494417701011
238930040648123
897031083587529
680745139057658
675565011683181
1095534636367934
1091789985320354
864788510146984
610796167025615
454806241936790
801781457384772
816080106716450
426777014105433
376499204931364
205290689887141
720765872730785
489772701823748
105643061298401
117351932009737
1113050844806598
381585748259225
964514552722074
99565276644777
274305064657265
961992198657612
778999765048707
248473368652988
577557653501789
936349955140546
957841463805402
436592341038246
267478338510933
477904650807377
745189459560915
781071259906994
998085327658414
525565541207337
211473084111083
851354618196148
51149430825265
842010440800684
1032679246975800
879721437617265
234634578648806
160950648630750
565478461772960
733148334225362
895614939639528
646537896325130
105133784287329
443931452489830
82920305048295
1114676997602910
592536086004669
236937002658333
83178965841738
843135289642024
633848574029014
964582816859119
921716389578681
873764857619988
1060826792631036
999250844459971
778896752893017
736992235376875
909418083185695
119050908732112
134987765582796
4712346136779
319888461376382
77202504276310
299066265892475
1069365432072166
416546018570821
515059428754262
1044065115621756
593038718974065
237362268378991
369777225566533
616937203825575
977228787495186
99215050302492
718059414405815
834067589137193
973255431767595
1060709717852944
698374091268707
1085913026549102
1041562255132464
150455815613168
4424879088928
215564500804179
42854598697741
617852575161135
353603676188029
660475696558718
912095364728458
923943327019115
439622883646446
406436512354766
1116636950401971
556814888992663
1110830583061225
361552979270074
486019159187823
42785829896781
796849444564818
1099776156114689
16664072722206
810139925571320
828747704378077
135147343925606
239530769167344
790649149307643
162606493481386
543219049840628
174186699811540
1007166201980427
616536117367143
881860201421439
113767415889110
819032614206555
909647731568705
66913613405637
422576401148431
802415073523379
217445932619996
746024124590918
1085764769247804
259360508553284
1013205815375608
515934985396490
807271076631315
152060438388858
581229623193615
1023855251078648
817990013871285
535968579331583
87332777572141
1086467972569798
531547330008814
208946389085068
350802127498314
695646690177460
471667620884074
211188961386696
169313151227766
954368138012742
774563901485085
616429326804446
605822959663753
502807527746543
807017619992674
259647975818969
295777227362201
937931732864451
756400505396574
295633248923151
29014841099119
1124331760909423
248105530444001
720703144628537
1067905443498237
1087039121321975
277612372706582
1000516837030911
406959045042130
56052163710827
527232413124089
529395729632872
860579732881863
170321870370012
887235093385171
96073465049779
861822356730992
884001424400562
1046744550857134
255058557105135
158599811958934
234854829256305
413794058307334
417495724355843
306806503958767
524551406656440
280635717425112
164518380464092
625643592997960
581448199870432
795612021108361
694060269331657
704428634656488
872415125416089
703498400816101
814512554564511
468194358386269
249717363834119
21123924726261
370656326531232
88006545817004
803836685026662
299475780249937
727710917243928
1002261327875997
334158669522534
989171600477100
645949558570901
468673294221813
353892764415024
1105236076988219
1016536440504304
216291105322438
9465975126895
641789950400708
186309552067548
422310607558690
505775851994416
22443540720093
772040341261249
240906884543384
765000090349220
785687299050467
63272602722142
524446451567066
305151335672974
1055934860987530
983438174053005
635718779915451
773170713227921
645698251696357
159341502384095
441341634533312
474775214557316
586081919613779
1022821754322573
734087511531002
981043020597368
1062760293958446
397116429117068
169736952865160
59709800856461
851535252326414
36732909932689
706458431058811
768184850467904
973293957753551
384129639335153
760966233429412
231525581032174
334479565806068
566338768513603
495052944447277
527600048910787
333803534660155
360366202662840
61519742603887
730615531158590
536836652503415
103349059136205
907430076916831
531125871116554
568622333344494
703825078101020
100135685064804
249915336457629
191596534185881
800564953354290
361116599822316
41803143402270
426536704055527
475283161494298
1064976023222291
291873179626488
108669675073573
106673735677200
323597126162396
719867494451384
882589242793976
1036182947035281
382266088439328
124816545623860
407487732596431
17391009764430
825832952148000
416090509677981
846653839847470
777647954906244
373378529082459
966636272533109
256588531440186
942996647572550
918036551640292
1059338389775072
1006745396830892
206623797758171
260112503873099
837503969632337
92020838463973
746844036810369
704809423917517
82763117101875
1017321518467407
690144042863615
1076678620911888
315527897804285
460820347813036
425246048286069
643763991297441
645811623946508
863009051587993
124123705947638
745519892619292
366063493869313
174717299757130
236106525583338
774990320553306
25343081703991
161313794518438
987721292893901
554897345845430
786224639901379
455806298368138
217963575807392
163178491456417
911236601187386
779732813115388
271178067040348
814461766030115
491254888548670
589895238394664
644589317668975
1007864798347051
82248146950991
911525879737915
1123676020663848
575322608968385
701169752172349
389639503141290
971291508388639
509783626767352
288677282143801
465936693059658
61429430689280
918620775444865
773077283020501
222199927355779
716782512277813
1106122274122702
211352933877347
1061186665698939
1025364031566854
519598541113975
922557299409688
280115540818623
492266943784018
407098378384511
1039316408214082
871363208754751
316008311645421
806356602732078
826611837686918
99926894184842
602518573210239
852471144734178
439295600427540
457795947516023
400553159686084
1073111804817379
860899214877399
204240619029079
209628160481508
892018959015374